id,is_pyq,question_number,total_marks,pyq_year,month,paper_number,Time Zone,question_text,tags,section,subject,explanation,calculator,correct_answer,difficulty,created_at,image_url,solution_steps,solution_image,question_type,mark_allocation,board,grade,topic,subtopic,source,paper_type,updated_at,created_by,is_active,year,options
,TRUE,1,4,2022,Nov,Paper 1,TZ0,"The function $g$ is defined by $g(x)=\mathrm{e}^{x^{2}+1}$, where $x \in \mathbb{R}$.\\
Find $g^{\prime}(-1)$.",Differential Calculus,5. Calculus,HL,"\begin{enumerate}
  \item $g^{\prime}(x)=2 x \mathrm{e}^{x^{2}+1}$\\
substitute $x=-1$ into their derivative\\
$g^{\prime}(-1)=-2 \mathrm{e}^{2}$\\",Calculator Not Allowed,,,,,,,,,IBDP,,,,,,,,TRUE,2025,
,TRUE,2,7,2022,Nov,Paper 1,TZ0,"Consider a circle with a diameter AB , where A has coordinates $(1,4,0)$ and B has coordinates $(-3,2,-4)$.\\
(a) Find\\
(i) the coordinates of the centre of the circle;\\
(ii) the radius of the circle.

The circle forms the base of a right cone whose vertex V has coordinates $(-1,-1,0)$.\\
diagram not to scale

\includegraphics[width=0.4\textwidth]{2024_09_19_d3e901d15bf4f1ddeb9eg-04}\\
(b) Find the exact volume of the cone. \\",Geometry,3. Geometry and Trigonometry,HL,"(a) (i) attempt to find midpoint of $A$ and $B$\\
centre $(-1,3,-2)$ (accept vector notation and/or missing brackets)\\
(ii) attempt to find $A B$ or half of $A B$ or distance between the centre and $A$ (or $B$ )\\
$\frac{\sqrt{4^{2}+2^{2}+4^{2}}}{2}$ or $\sqrt{2^{2}+1^{2}+2^{2}}$\\
$=3$\\
(b) attempt to find the distance between their centre and V\\
(the perpendicular height of the cone)


\begin{align*}
& \sqrt{0^{2}+4^{2}+2^{2}} \text { OR } \sqrt{(\text { their slant height })^{2}-(\text { their radius })^{2}} \\
& =\sqrt{20}(=2 \sqrt{5}) \\
& \text { Volume }=\frac{1}{3} \pi 3^{2} \sqrt{20} \\
& =3 \pi \sqrt{20}(=6 \pi \sqrt{5})
\end{align*}",Calculator Not Allowed,,,,,,,,,IBDP,,,,,,,,TRUE,2025,
,TRUE,3,5,2022,Nov,Paper 1,TZ0,"Let $a$ be a constant, where $a>1$.\\
(a) Show that $a^{2}+\left(\frac{a^{2}-1}{2}\right)^{2}=\left(\frac{a^{2}+1}{2}\right)^{2}$.

Consider a right-angled triangle with sides of length $a,\left(\frac{a^{2}-1}{2}\right)$ and $\left(\frac{a^{2}+1}{2}\right)$.\\
(b) Find an expression for the area of the triangle in terms of $a$.",Proofs,1. Numbers and Algebra,HL,"\section*{METHOD 1 (working with LHS)}
attempting to expand $\left(a^{2}-1\right)^{2}$ (do not accept $a^{4}+1$ or $a^{4}-1$ )\\
LHS $=a^{2}+\frac{a^{4}-2 a^{2}+1}{4}$ or $\frac{4 a^{2}+a^{4}-2 a^{2}+1}{4}$\\
$=\frac{a^{4}+2 a^{2}+1}{4}$\\
$=\left(\frac{a^{2}+1}{2}\right)^{2}(=$ RHS $)$\\


\section*{METHOD 2 (working with RHS)}
attempting to expand $\left(a^{2}+1\right)^{2}$\\
RHS $=\frac{a^{4}+2 a^{2}+1}{4}$

$$
=\frac{4 a^{2}+a^{4}-2 a^{2}+1}{4}
$$

$=a^{2}+\frac{a^{4}-2 a^{2}+1}{4}$\\
$=a^{2}+\left(\frac{a^{2}-1}{2}\right)^{2}(=$ LHS $)$\\.                 (b) recognise base and height as $a$ and $\left(\frac{a^{2}-1}{2}\right)$ (may be seen in diagram)\\
correct substitution into triangle area formula

$$
\text { Area }=\frac{a}{2}\left(\frac{a^{2}-1}{2}\right) \text { (or equivalent) }\left(=\frac{a\left(a^{2}-1\right)}{4}=\frac{a^{3}-a}{4}\right)
$$",Calculator Not Allowed,,,,,,,,,IBDP,,,,,,,,TRUE,2025,
,TRUE,4,5,2022,Nov,Paper 1,TZ0,"The derivative of the function $f$ is given by $f^{\prime}(x)=\frac{6 x}{x^{2}+1}$.\\
The graph of $y=f(x)$ passes through the point $(1,5)$. Find an expression for $f(x)$. \\",Integral Calculus,5. Calculus,HL,"\begin{enumerate}
  \setcounter{enumi}{3}
  \item recognizing need to integrate\\
$\int \frac{6 x}{x^{2}+1} \mathrm{~d} x$ OR $u=x^{2}+1 \quad$ OR $\frac{\mathrm{d} u}{\mathrm{~d} x}=2 x$\\
$\int \frac{3}{u} \mathrm{~d} u \quad$ OR $3 \int \frac{2 x}{x^{2}+1} \mathrm{~d} x$\\
$=3 \ln \left(x^{2}+1\right)(+c)$ or $3 \ln u(+c)$\\
correct substitution of $x=1$ and $f(x)=5$ or $x=1$ and $u=2$ into equation\\
using their integrated expression (must involve $c$ )\\
$5=3 \ln 2+c$\\
$f(x)=3 \ln \left(x^{2}+1\right)+5-3 \ln 2\left(=3 \ln \left(x^{2}+1\right)+5-\ln 8=3 \ln \left(\frac{x^{2}+1}{2}\right)+5\right)$ (or equivalent)\\",Calculator Not Allowed,,,,,,,,,IBDP,,,,,,,,TRUE,2025,
,TRUE,5,7,2022,Nov,Paper 1,TZ0,"Consider the equation $z^{4}+p z^{3}+54 z^{2}-108 z+80=0$ where $z \in \mathbb{C}$ and $p \in \mathbb{R}$.\\
Three of the roots of the equation are $3+\mathrm{i}, \alpha$ and $\alpha^{2}$, where $\alpha \in \mathbb{R}$.\\
(a) By considering the product of all the roots of the equation, find the value of $\alpha$.\\
(b) Find the value of $p$.

\includegraphics[width=0.4\textwidth]{2024_09_19_d3e901d15bf4f1ddeb9eg-07}\\",Complex Numbers,1. Numbers and Algebra,HL,"\item (a) product of roots $=80$\\
$3-\mathrm{i}$ is a root\\
attempt to set up an equation involving the product of their four roots and $\pm 80$
\end{enumerate}

$$
\begin{aligned}
& (3+i)(3-i) \alpha^{3}=80 \Rightarrow 10 \alpha^{3}=80 \\
& \alpha=2
\end{aligned}
$$

(b) METHOD 1\\
sum of roots $=-p$\\
$-p=3+\mathrm{i}+3-\mathrm{i}+2+4$



\section*{METHOD 2}
$(z-(3+\mathrm{i}))(z-(3-\mathrm{i}))(z-2)(z-4)$\\
$((z-3)-i)((z-3)+i)(z-2)(z-4)$\\
$\left(z^{2}-6 z+10\right)\left(z^{2}-6 z+8\right)=z^{4}-12 z^{3}+\ldots$\\
$p=-12$\\",Calculator Not Allowed,,,,,,,,,IBDP,,,,,,,,TRUE,2025,
,TRUE,6,6,2022,Nov,Paper 1,TZ0,"Events $A$ and $B$ are such that $\mathrm{P}(A)=0.3$ and $\mathrm{P}(B)=0.8$.\\
(a) Determine the value of $\mathrm{P}(A \cap B)$ in the case where the events $A$ and $B$ are independent. [1]\\
(b) Determine the minimum possible value of $\mathrm{P}(A \cap B)$.\\
(c) Determine the maximum possible value of $\mathrm{P}(A \cap B)$, justifying your answer. \\",Probability,4. Statistics and Probability,HL,"a) $\mathrm{P}(A \cap B)=0.24$\\
(b) $\mathrm{P}(A \cup B)=1.1-\mathrm{P}(A \cap B)$\\
$(0 \leq) \mathrm{P}(A \cup B) \leq 1$\\
(c) A is a subset of B (so $\mathrm{P}(A \cap B)=\mathrm{P}(A)$ ).",Calculator Not Allowed,,,,,,,,,IBDP,,,,,,,,TRUE,2025,
,TRUE,7,7,2022,Nov,Paper 1,TZ0,"Consider the curve with equation $\left(x^{2}+y^{2}\right) y^{2}=4 x^{2}$ where $x \geq 0$ and $-2<y<2$.\\
Show that the curve has no local maximum or local minimum points for $x>0$. \\",Differential Calculus,5. Calculus,HL,"attempt at implicit differentiation, including use of the product rule

\section*{EITHER}
$\left(2 x+2 y \frac{\mathrm{~d} y}{\mathrm{~d} x}\right) y^{2}+\left(x^{2}+y^{2}\right) 2 y \frac{\mathrm{~d} y}{\mathrm{~d} x}=8 x$\\
Note: Award $\boldsymbol{A} 1$ for each of $\left(2 x+2 y \frac{\mathrm{~d} y}{\mathrm{~d} x}\right) y^{2},\left(x^{2}+y^{2}\right) 2 y \frac{\mathrm{~d} y}{\mathrm{~d} x}$ and $8 x$.

\section*{OR}
$$
\begin{aligned}
& x^{2} y^{2}+y^{4}=4 x^{2} \\
& 2 x y^{2}+2 x^{2} y \frac{\mathrm{~d} y}{\mathrm{~d} x}+4 y^{3} \frac{\mathrm{~d} y}{\mathrm{~d} x}=8 x
\end{aligned}
$$

Note: Award $\boldsymbol{A} 1$ for each of $2 x y^{2}+2 x^{2} y \frac{\mathrm{~d} y}{\mathrm{~d} x}, 4 y^{3} \frac{\mathrm{~d} y}{\mathrm{~d} x}$ and $8 x$.

\section*{THEN}
at a local maximum or minimum point, $\frac{\mathrm{d} y}{\mathrm{~d} x}=0$\\
$2 x y^{2}=8 x$\\
$x=0$ or $y^{2}=4(\Rightarrow y= \pm 2)$\\",Calculator Not Allowed,,,,,,,,,IBDP,,,,,,,,TRUE,2025,
,TRUE,8,5,2022,Nov,Paper 1,TZ0,"Let $f(x)=\cos (x-k)$, where $0 \leq x \leq a$ and $a, k \in \mathbb{R}^{+}$.\\
(a) Consider the case where $k=\frac{\pi}{2}$.

By sketching a suitable graph, or otherwise, find the largest value of $a$ for which the inverse function $f^{-1}$ exists.\\
(b) Find the largest value of $a$ for which the inverse function $f^{-1}$ exists in the case where $k=\pi$.\\
(c) Find the largest value of $a$ for which the inverse function $f^{-1}$ exists in the case where $\pi<k<2 \pi$. Give your answer in terms of $k$. \\","Trigonometric Functions
Properties of Functions","3. Geometry and Trigonometry
2. Functions",HL,"(a) $$
a=\frac{\pi}{2}
$$


(b) $a=\pi$\\
(c)\\
\includegraphics[width=0.4\textwidth]{2024_10_08_34d480a447f7df3ff78cg-15}\\
sketch showing sinusoidal shape decreasing as it crosses the $y$-axis (below or above the origin)\\
$a=k-\pi$\\",Calculator Not Allowed,,,,,,,,,IBDP,,,,,,,,TRUE,2025,
,TRUE,9,10,2022,Nov,Paper 1,TZ0,"Consider the homogeneous differential equation $\frac{\mathrm{d} y}{\mathrm{~d} x}=\frac{y^{2}-2 x^{2}}{x y}$, where $x, y \neq 0$.\\
It is given that $y=2$ when $x=1$.\\
(a) By using the substitution $y=v x$, solve the differential equation. Give your answer in the form $y^{2}=f(x)$.

The points of zero gradient on the curve $y^{2}=f(x)$ lie on two straight lines of the form $y=m x$ where $m \in \mathbb{R}$.\\
(b) Find the values of $m$. ",Differential Equations,5. Calculus,HL,"(a) $\frac{\mathrm{d} y}{\mathrm{~d} x}=\frac{y^{2}-2 x^{2}}{x y}$\\
let $y=v x$


\begin{align*}
& \Rightarrow \frac{\mathrm{d} y}{\mathrm{~d} x}=v+x \frac{\mathrm{~d} v}{\mathrm{~d} x}  \tag{A1}\\
& \Rightarrow v+x \frac{\mathrm{~d} v}{\mathrm{~d} x}=\frac{v^{2} x^{2}-2 x^{2}}{v x^{2}}  \tag{M1}\\
& \Rightarrow x \frac{\mathrm{~d} v}{\mathrm{~d} x}=\frac{-2}{v}  \tag{A1}\\
& \Rightarrow \int v \mathrm{~d} v=-\int \frac{2}{x} \mathrm{~d} x \\
& \Rightarrow \frac{v^{2}}{2}=-2 \ln |x|(+c)
\end{align*}



$$
\Rightarrow \frac{y^{2}}{2 x^{2}}=-2 \ln |x|+c
$$

attempt to substitute $x=1, y=2$ into their integrated expression to find $c$

$$
\begin{aligned}
& \Rightarrow 2=-2 \ln |1|+c \Rightarrow c=2 \\
& \Rightarrow \frac{y^{2}}{2 x^{2}}=-2 \ln |x|+2 \\
& \Rightarrow y^{2}=2 x^{2}(-2 \ln |x|+2)\left(=4 x^{2}(1-\ln |x|)\right)
\end{aligned}
$$


(b) attempt to set $\frac{\mathrm{d} y}{\mathrm{~d} x}=0$ in the differential equation


\begin{equation*}
y=\sqrt{2} x \text { and } y=-\sqrt{2} x \text { or } m= \pm \sqrt{2} \tag{A1}
\end{equation*}
",Calculator Not Allowed,,,,,,,,,IBDP,,,,,,,,TRUE,2025,
,TRUE,10,20,2022,Nov,Paper 1,TZ0,"The function $f$ is defined by $f(x)=\cos ^{2} x-3 \sin ^{2} x, 0 \leq x \leq \pi$.\\
(a) Find the roots of the equation $f(x)=0$.\\
(b) (i) Find $f^{\prime}(x)$.\\
(ii) Hence find the coordinates of the points on the graph of $y=f(x)$ where $f^{\prime}(x)=0$.\\
(c) Sketch the graph of $y=|f(x)|$, clearly showing the coordinates of any points where $f^{\prime}(x)=0$ and any points where the graph meets the coordinate axes.\\
(d) Hence or otherwise, solve the inequality $|f(x)|>1$.\\","Trigonometric Functions
Differential Equations
Modulus & Inequalities","3. Geometry and Trigonometry
5. Calculus
2. Functions",HL,"\begin{enumerate}
  \setcounter{enumi}{9}
  \item (a) $\cos ^{2} x-3 \sin ^{2} x=0$\\
valid attempt to reduce equation to one involving one trigonometric function\\
$\frac{\sin ^{2} x}{\cos ^{2} x}=\frac{1}{3} \quad$ OR $\quad 1-\sin ^{2} x-3 \sin ^{2} x=0 \quad$ OR $\quad \cos ^{2} x-3\left(1-\cos ^{2} x\right)=0$\\
OR $\cos 2 x-1+\cos 2 x=0$\\
correct equation\\
$\tan ^{2} x=\frac{1}{3}$ OR $\cos ^{2} x=\frac{3}{4}$ OR $\sin ^{2} x=\frac{1}{4}$ OR $\cos 2 x=\frac{1}{2}$\\
$\tan x= \pm \frac{1}{\sqrt{3}}$ OR $\cos x= \pm \frac{\sqrt{3}}{2}$ OR $\sin x=( \pm) \frac{1}{2}$ OR $2 x=\frac{\pi}{3}\left(, \frac{5 \pi}{3}\right)$\\
$x=\frac{\pi}{6}, x=\frac{5 \pi}{6}$\\
Note: Award M1A1A0A1A0 for candidates who omit the $\pm$ (for tan or cos) and give only $x=\frac{\pi}{6}$.
\end{enumerate}

(b) (i) attempt to use the chain rule (may be evidenced by at least one $\cos x \sin x$ term)\\
(ii) valid attempt to solve their $f^{\prime}(x)=0$\\
at least 2 correct $x$-coordinates (may be seen in coordinates)

$$
x=0, x=\frac{\pi}{2}, x=\pi
$$

$$
(0,1),(\pi, 1),\left(\frac{\pi}{2},-3\right)
$$


(c)\\
\includegraphics[width=0.4\textwidth]{2024_10_08_34d480a447f7df3ff78cg-20}\\
attempt to reflect the negative part of the graph of $f$ in the $x$-axis\\
endpoints have coordinates $(0,1),(\pi, 1)$\\
smooth maximum at $\left(\frac{\pi}{2}, 3\right)$\\
sharp points ( cusps ) at $x$-intercepts $\frac{\pi}{6}, \frac{5 \pi}{6}$

(d) considers points of intersection of $y=|f(x)|$ and $y=1$ on graph or algebraically


\begin{align*}
& -\left(\cos ^{2} x-3 \sin ^{2} x\right)=1 \text { or }-\left(1-4 \sin ^{2} x\right)=1 \text { or }-\left(4 \cos ^{2} x-3\right)=1 \text { or }-(2 \cos 2 x-1)=1 \\
& \tan ^{2} x=1 \text { or } \sin ^{2} x=\frac{1}{2} \text { or } \cos ^{2} x=\frac{1}{2} \text { or } \cos 2 x=0  \tag{A1}\\
& x=\frac{\pi}{4}, \frac{3 \pi}{4}  \tag{A1}\\
& \text { For }|f(x)|>1 \\
& \frac{\pi}{4}<x<\frac{3 \pi}{4}
\end{align*}",Calculator Not Allowed,,,,,,,,,IBDP,,,,,,,,TRUE,2025,
,TRUE,11,16,2022,Nov,Paper 1,TZ0,"Consider a three-digit code $a b c$, where each of $a, b$ and $c$ is assigned one of the values $1,2,3,4$ or 5 .\\
(a) Find the total number of possible codes\\
(i) assuming that each value can be repeated (for example, 121 or 444);\\
(ii) assuming that no value is repeated.

Let $P(x)=x^{3}+a x^{2}+b x+c$, where each of $a, b$ and $c$ is assigned one of the values $1,2,3,4$ or 5 . Assume that no value is repeated.

Consider the case where $P(x)$ has a factor of $\left(x^{2}+3 x+2\right)$.\\
(b) (i) Find an expression for $b$ in terms of $a$.\\
(ii) Hence show that the only way to assign the values is $a=4, b=5$ and $c=2$.\\
(iii) Express $P(x)$ as a product of linear factors.\\
(iv) Hence or otherwise, sketch the graph of $y=P(x)$, clearly showing the coordinates of any intercepts with the axes.","Counting Principles
Polynomials","1. Numbers and Algebra
2. Functions",HL,"\begin{enumerate}
  \setcounter{enumi}{10}
  \item (a) (i) $5^{3}$\\
(ii) ${ }^{5} P_{3}=5 \times 4 \times 3$\\
$=60$\\
(b) (i) METHOD 1\\
$x^{2}+3 x+2=(x+1)(x+2)$\\
correct use of factor theorem for at least one of their factors\\
$P(-1)=0$ or $P(-2)=0$\\
attempt to find two equations in $a, b$ and $c$\\
$(-1)^{3}+a(-1)^{2}+b(-1)+c=0(\Rightarrow-1+a-b+c=0)$\\
$(-2)^{3}+a(-2)^{2}+b(-2)+c=0$\\
$-8+4 a-2 b+c=0$ and $-1+a-b+c=0$\\
attempt to combine their two equations in $-8+4 a-2 b+c=0$ to eliminate $c$ $b=3 a-7$
\end{enumerate}



\section*{METHOD 2}
$P(x)=x^{3}+a x^{2}+b x+c=\left(x^{2}+3 x+2\right)(x+d)$\\
$=x^{3}+(3+d) x^{2}+(2+3 d) x+2 d$\\
attempt to compare coefficients of $x^{2}$ and $x$\\
$a=3+d$ and $b=2+3 d$\\
attempt to eliminate $d$\\
$\Rightarrow b=3 a-7$

\section*{METHOD 3}
attempt to divide $x^{3}+a x^{2}+b x+c$ by $x^{2}+3 x+2$\\
$\frac{x^{3}+a x^{2}+b x+c}{x^{2}+3 x+2}=(x+a-3)+\frac{(-3 a+b+7) x+(c-2 a+6)}{x^{2}+3 x+2}$\\


\section*{METHOD 4}
$x^{2}+3 x+2=(x+1)(x+2)$\\
attempt to use Vieta's formulae for a cubic with roots $-1,-2$ and "" $p$ ""\\
$(-1)+(-2)+p=-a(\Rightarrow p=3-a)$\\
$(-1)(-2)+(-1) p+(-2) p=b$\\
Attempt to eliminate "" $p$ ""\\
$2-(3-a)-2(3-a)=b$\\
$b=3 a-7$\\

(ii) METHOD 1\\
$a=1,2,5$ lead to invalid values for $b$\\
$a=3, b=2 \Rightarrow c=0$ so not possible\\
so $a=4, b=5, c=2$ is the only solution

\section*{METHOD 2}
$c=2 a-6$ R1\\
correctly argues $a=4$ is the only possibility R1\\
so $a=4, b=5, c=2$ is the only solution\\
(iii) $x^{3}+4 x^{2}+5 x+2=\left(x^{2}+3 x+2\right)(x+1)$\\
$=(x+2)(x+1)(x+1)$


(iv)\\
\includegraphics[width=0.4\textwidth]{2024_10_08_34d480a447f7df3ff78cg-25}\\
positive cubic shape with $y$-intercept at $(0,2) \quad \boldsymbol{A 1}$\\
$x$-intercept at $(-2,0)$ and local maximum point anywhere between $x=-2$ and $x=-1 \quad$ A1\\
local minimum point at $(-1,0) \quad$ A1\\",Calculator Not Allowed,,,,,,,,,IBDP,,,,,,,,TRUE,2025,
,TRUE,12,18,2022,Nov,Paper 1,TZ0,"Let $z_{n}$ be the complex number defined as $z_{n}=\left(n^{2}+n+1\right)+\mathrm{i}$ for $n \in \mathbb{N}$.\\
(a) (i) Find $\arg \left(z_{0}\right)$.\\
(ii) Write down an expression for $\arg \left(z_{n}\right)$ in terms of $n$.

Let $w_{n}=z_{0} z_{1} z_{2} z_{3} \ldots z_{n-1} z_{n}$ for $n \in \mathbb{N}$.\\
(b) (i) Show that $\arctan (a)+\arctan (b)=\arctan \left(\frac{a+b}{1-a b}\right)$ for $a, b \in \mathbb{R}^{+}, a b<1$.\\
(ii) Hence or otherwise, show that $\arg \left(w_{1}\right)=\arctan (2)$.\\
(c) Prove by mathematical induction that $\arg \left(w_{n}\right)=\arctan (n+1)$ for $n \in \mathbb{N}$.",Complex Numbers,1. Numbers and Algebra,HL,"(a) (i) $z_{0}=1+\mathrm{i}$

$$
\arg \left(z_{0}\right)=\arctan (1)=\frac{\pi}{4}=45^{\circ}
$$


(ii) $\quad \arg \left(z_{n}\right)=\arctan \left(\frac{1}{n^{2}+n+1}\right)$\\
(b) (i) attempt to use the compound angle formula for tan

$$
\begin{aligned}
& \tan (\arctan (a)+\arctan (b))=\frac{\tan (\arctan (a))+\tan (\arctan (b))}{1-\tan (\arctan (a)) \tan (\arctan (b))} \\
& =\frac{a+b}{1-a b} \\
& \Rightarrow \arctan (a)+\arctan (b)=\arctan \left(\frac{a+b}{1-a b}\right)
\end{aligned}
$$

(ii) METHOD 1

$$
\begin{aligned}
& \arg \left(w_{1}\right)=\arg \left(z_{0} z_{1}\right)=\arg \left(z_{0}\right)+\arg \left(z_{1}\right) \\
& =\arctan (1)+\arctan \left(\frac{1}{3}\right) \\
& =\arctan \left(\frac{1+\frac{1}{3}}{1-\frac{1}{3}}\right) \\
& =\arctan (2)
\end{aligned}
$$

\section*{METHOD 2}

\begin{align*}
& w_{1}=z_{0} z_{1}=(1+\mathrm{i})(3+\mathrm{i})  \tag{M1}\\
& =2+4 \mathrm{i} \\
& \arg \left(w_{1}\right)=\arctan \left(\frac{4}{2}\right) \text { or labelled Argand diagram } \\
& =\arctan (2)
\end{align*}



(c) let $n=0$

$$
\begin{aligned}
& \text { LHS }=\arg \left(w_{0}\right)=\arg \left(z_{0}\right)=\arctan (1)\left(=\frac{\pi}{4}\right) \\
& \text { RHS }=\arctan (1)\left(=\frac{\pi}{4}\right) \text { so LHS = RHS }
\end{aligned}
$$


assume true for $n=k$, $\left(\right.$ so $\left.\arg \left(w_{k}\right)=\arctan (k+1)\right)$\\


\begin{align*}
& \arg \left(w_{k+1}\right) \\
& =\arg \left(w_{k} z_{k+1}\right)\left(=\arg \left(w_{k}\right)+\arg \left(z_{k+1}\right)\right)  \tag{M1}\\
& =\arctan (k+1)+\arctan \left(\frac{1}{(k+1)^{2}+(k+1)+1}\right)
\end{align*}


$=\arctan \left(\frac{(k+1)+\left(\frac{1}{(k+1)^{2}+(k+1)+1}\right)}{1-(k+1)\left(\frac{1}{(k+1)^{2}+(k+1)+1}\right)}\right)$\\
$=\arctan \left(\frac{(k+1)+\left(\frac{1}{k^{2}+3 k+3}\right)}{1-(k+1)\left(\frac{1}{k^{2}+3 k+3}\right)}\right)$\\
$=\arctan \left(\frac{(k+1)\left(k^{2}+3 k+3\right)+1}{\left(k^{2}+3 k+3\right)-(k+1)}\right)$



$$
\begin{aligned}
& =\arctan \left(\frac{k^{3}+4 k^{2}+6 k+4}{k^{2}+2 k+2}\right) \\
& =\arctan \left(\frac{(k+2)\left(k^{2}+2 k+2\right)}{k^{2}+2 k+2}\right) \\
& =\arctan (k+2)(=\arctan ((k+1)+1))
\end{aligned}
$$

since true for $n=0$, and true for $n=k+1$ if true for $n=k$, the statement is true for all $n \in \mathbb{N}$ by mathematical inductionR1",Calculator Not Allowed,,,,,,,,,IBDP,,,,,,,,TRUE,2025,
,TRUE,1,7,2023,May,Paper 1,TZ1,"The function $f$ is defined by $f(x)=\frac{7 x+7}{2 x-4}$ for $x \in \mathbb{R}, x \neq 2$.\\
(a) Find the zero of $f(x)$.\\
(b) For the graph of $y=f(x)$, write down the equation of\\
(i) the vertical asymptote;\\
(ii) the horizontal asymptote.\\
(c) Find $f^{-1}(x)$, the inverse function of $f(x)$. \\","Properties of Functions
Rational Functions",2. Functions,HL,"(a) recognizing $f(x)=0$\\
$x=-1$\\
(b) (i) $\quad x=2$ (must be an equation with $x$ )\\
(ii) $y=\frac{7}{2}$ (must be an equation with $y$ ) \\
(c) EITHER\\
interchanging $x$ and $y$\\
$2 x y-4 x=7 y+7$\\
correct working with $y$ terms on the same side: $2 x y-7 y=4 x+7$
\end{enumerate}

OR\\
$2 y x-4 y=7 x+7$\\
correct working with $x$ terms on the same side: $2 y x-7 x=4 y+7$\\
interchanging $x$ and $y$ OR making $x$ the subject $x=\frac{4 y+7}{2 y-7}$

\section*{THEN}
$$
f^{-1}(x)=\frac{4 x+7}{2 x-7} \text { (or equivalent) }\left(x \neq \frac{7}{2}\right)
$$
",Calculator Not Allowed,,,,,,,,,IBDP,,,,,,,,TRUE,2025,
,TRUE,2,6,2023,May,Paper 1,TZ1,"On a Monday at an amusement park, a sample of 40 visitors was randomly selected as they were leaving the park. They were asked how many times that day they had been on a ride called The Dragon. This information is summarized in the following frequency table.

\begin{center}
\begin{tabular}{|c|c|}
\hline
\begin{tabular}{c}
Number of times on \\
The Dragon \\
\end{tabular} & Frequency \\
\hline
0 & 6 \\
\hline
1 & 16 \\
\hline
2 & 13 \\
\hline
3 & 2 \\
\hline
4 & 3 \\
\hline
\end{tabular}
\end{center}

It can be assumed that this sample is representative of all visitors to the park for the following day.\\
(a) For the following day, Tuesday, estimate\\
(i) the probability that a randomly selected visitor will ride The Dragon;\\
(ii) the expected number of times a visitor will ride The Dragon.

It is known that 1000 visitors will attend the amusement park on Tuesday. The Dragon can carry a maximum of 10 people each time it runs.\\
(b) Estimate the minimum number of times The Dragon must run to satisfy demand. \\",Probability,4. Statistics and Probability,HL,"(a) (i) summing frequencies of riders or finding complement probability $=\frac{34}{40}$\\
(ii) attempt to find expected value
$\frac{16}{40}+\left(2 \times \frac{13}{40}\right)+\left(3 \times \frac{2}{40}\right)+\left(4 \times \frac{3}{40}\right)$
\end{enumerate}

$$
\frac{60}{40}(=1.5)
$$

(b) evidence of their rides/visitor $\times 1000$ or $\div 10$",Calculator Not Allowed,,,,,,,,,IBDP,,,,,,,,TRUE,2025,
,TRUE,3,6,2023,May,Paper 1,TZ1,"Solve $\cos 2 x=\sin x$, where $-\pi \leq x \leq \pi$. \\",Trigonometric Functions,3. Geometry and Trigonometry,HL,"$1-2 \sin ^{2} x=\sin x \quad$ 
$2 \sin ^{2} x+\sin x-1=0$
valid attempt to solve quadratic
$(2 \sin x-1)(\sin x+1)$ OR $\frac{-1 \pm \sqrt{1-4(2)(-1)}}{2(2)}$
recognition to solve for $\sin x$
$\sin x=\frac{1}{2}$ OR $\sin x=-1$
any correct solution from $\sin x=-1$
any correct solution from $\sin x=\frac{1}{2}$
$x=-\frac{\pi}{2}, \frac{\pi}{6}, \frac{5 \pi}{6}$",Calculator Not Allowed,,,,,,,,,IBDP,,,,,,,,TRUE,2025,
,TRUE,4,6,2023,May,Paper 1,TZ1,Find the range of possible values of $k$ such that $\mathrm{e}^{2 x}+\ln k=3 \mathrm{e}^{x}$ has at least one real solution. \\,"Exponents and Logs
Quadratics","1. Numbers and Algebra
2. Functions",HL,"recognition of quadratic in $\mathrm{e}^{x}$\\
$\left(\mathrm{e}^{x}\right)^{2}-3 \mathrm{e}^{x}+\ln k(=0)$ OR $A^{2}-3 A+\ln k(=0)$\\
recognizing discriminant $\geq 0$ (seen anywhere)\\
$(-3)^{2}-4(1)(\ln k)$ OR $9-4 \ln k$\\
$\ln k \leq \frac{9}{4} \quad$ 
$\mathrm{e}^{9 / 4}$ (seen anywhere) 
$0<k \leq \mathrm{e}^{9 / 4}$",Calculator Not Allowed,,,,,,,,,IBDP,,,,,,,,TRUE,2025,
,TRUE,5,6,2023,May,Paper 1,TZ1,"The function $f$ is defined by $f(x)=\sin q x$, where $q>0$. The following diagram shows part of the graph of $f$ for $0 \leq x \leq 4 m$, where $x$ is in radians. There are $x$-intercepts at $x=0,2 m$ and $4 m$.

\includegraphics[width=0.4\textwidth]{2024_09_19_c29dbc4308b1eba6aae0g-08}\\
(a) Find an expression for $m$ in terms of $q$.

The function $g$ is defined by $g(x)=3 \sin \frac{2 q x}{3}$, for $0 \leq x \leq 6 m$.\\
(b) On the axes above, sketch the graph of $g$. \\","Trigonometric Functions
Transformations of Functions","3. Geometry and Trigonometry
2. Functions",HL,"(a) recognition that period is $4 m$ OR substitution of a point on $f$ (except the origin)

$$
\begin{aligned}
& 4 m=\frac{2 \pi}{q} \text { OR } 1=\sin q m \\
& m=\frac{\pi}{2 q}
\end{aligned}
$$

(b) horizontal scale factor is $\frac{3}{2}$ (seen anywhere)

\includegraphics[width=0.4\textwidth]{2024_10_08_97dcc1f2247cc95320b3g-11}",Calculator Not Allowed,,,,,,,,,IBDP,,,,,,,,TRUE,2025,
,TRUE,6,5,2023,May,Paper 1,TZ1,"The side lengths, $x \mathrm{~cm}$, of an equilateral triangle are increasing at a rate of $4 \mathrm{~cm} \mathrm{~s}^{-1}$.\\
Find the rate at which the area of the triangle, $A \mathrm{~cm}^{2}$, is increasing when the side lengths are $5 \sqrt{3} \mathrm{~cm}$. \\",Differential Calculus,5. Calculus,HL,"$\quad A=\frac{1}{2} x^{2} \sin \frac{\pi}{3}$ OR $A=\frac{1}{2} x^{2} \sin 60^{\circ}$ OR triangle height $h=\sqrt{x^{2}-\left(\frac{x}{2}\right)^{2}}\left(=\frac{\sqrt{3}}{2} x\right)$\\
$=\frac{1}{2} x^{2}\left(\frac{\sqrt{3}}{2}\right)$ OR $A=\frac{1}{2} x\left(\frac{\sqrt{3}}{2} x\right)\left(=\frac{\sqrt{3}}{4} x^{2}\right)$\\

attempt to use chain rule or implicit differentiation\\
$\frac{\mathrm{d} A}{\mathrm{~d} t}=\frac{\mathrm{d} A}{\mathrm{~d} x} \times \frac{\mathrm{d} x}{\mathrm{~d} t}$\\
$\frac{\mathrm{d} A}{\mathrm{~d} t}=\frac{\sqrt{3}}{4} \times 2 x \frac{\mathrm{~d} x}{\mathrm{~d} t} \mathrm{OR} \frac{\mathrm{d} A}{\mathrm{~d} t}=\frac{1}{2} \times \sin \frac{\pi}{3} \times 2 x \frac{\mathrm{~d} x}{\mathrm{~d} t}$\\
$=\frac{2 \sqrt{3}}{4} \times 5 \sqrt{3} \times 4$\\
$\frac{\mathrm{d} A}{\mathrm{~d} t}=30\left(\mathrm{~cm}^{2} \mathrm{~s}^{-1}\right)$\\

",Calculator Not Allowed,,,,,,,,,IBDP,,,,,,,,TRUE,2025,
,TRUE,7,6,2023,May,Paper 1,TZ1,"Consider $P(z)=4 m-m z+\frac{36}{m} z^{2}-z^{3}$, where $z \in \mathbb{C}$ and $m \in \mathbb{R}^{+}$.\\
Given that $z-3 \mathrm{i}$ is a factor of $P(z)$, find the roots of $P(z)=0$.\\",Complex Numbers,1. Numbers and Algebra,HL,"METHOD 1
3 i (is a root) 
(other complex root is) -3 i


\section*{EITHER}
attempt to find $P(3 \mathrm{i})=0$ or $P(-3 \mathrm{i})=0$\\
$4 m-3 m \mathrm{i}+\frac{36}{m}(3 \mathrm{i})^{2}-(3 \mathrm{i})^{3}=0$\\
$4 m-3 m \mathrm{i}-\frac{36}{m}(-9)+27 \mathrm{i}=0$\\
attempt to equate the real or imaginary parts\\
$27-3 m=0 \quad$ OR $9 \times \frac{36}{m}=4 m$

\section*{OR}
attempt to equate sum of three roots to $\frac{36}{m}$\\

$3 \mathrm{i}-3 \mathrm{i}+r=\frac{36}{m}\left(\Rightarrow r=\frac{36}{m}\right)$\\
substitute their $r$ into product of roots\\
$(3 \mathrm{i})(-3 \mathrm{i})\left(\frac{36}{m}\right)=4 m$ OR $\left(z^{2}+9\right)\left(\frac{36}{m}-z\right)$\\
$9 \times \frac{36}{m}=4 m \quad$ OR $\quad \frac{4 m}{9}=\frac{36}{m}$


\section*{OR}
attempt to equate product of three roots to $4 m$\\

$(3 \mathrm{i})(-3 \mathrm{i}) \times r=4 m\left(\Rightarrow r=\frac{4 m}{9}\right)$\\
substitute their $r$ into sum of roots\\
$3 \mathrm{i}-3 \mathrm{i}+\frac{4 m}{9}=\frac{36}{m}$ OR $\left(z^{2}+9\right)\left(\frac{4 m}{9}-z\right)$\\
$\frac{4 m}{9}=\frac{36}{m}$\\
THEN\\
$m=9$\\
third root is 4


\section*{METHOD 2}
$3 i$ (is a root)A1(other complex root is) -3 i ..... A1recognition that the other factor is $(z+3 \mathrm{i})$ and attempt to write $P(z)$ as product of threelinear factors or as product of a quadratic and a linear factor

$$
P(z)=(z-3 \mathrm{i})(z+3 \mathrm{i})(r-z) \text { OR }(z-3 \mathrm{i})(z+3 \mathrm{i})=z^{2}+9 \Rightarrow P(z)=\left(z^{2}+9\right)\left(\frac{4 m}{9}-z\right)
$$

attempt to compare their coefficients\\
$-9=-m$ OR $\frac{4 m}{9}=\frac{36}{m}$\\
$m=9$\\
third root is 4\\",Calculator Not Allowed,,,,,,,,,IBDP,,,,,,,,TRUE,2025,
,TRUE,8,7,2023,May,Paper 1,TZ1,"Part of the graph of a function, $f$, is shown in the following diagram. The graph of $y=f(x)$ has a $y$-intercept at $(0,3)$, an $x$-intercept at $(a, 0)$ and a horizontal asymptote $y=-2$.

\includegraphics[width=0.4\textwidth]{2024_09_19_c29dbc4308b1eba6aae0g-11}\\


\section*{(Question 8 continued)}
Consider the function $g(x)=|f(|x|)|$.\\
(a) On the following grid, sketch the graph of $y=g(x)$, labelling any axis intercepts and giving the equation of the asymptote.

\includegraphics[width=0.4\textwidth]{2024_09_19_c29dbc4308b1eba6aae0g-12}\\
(b) Find the possible values of $k$ such that $(g(x))^{2}=k$ has exactly two solutions. \\","Modulus & Inequalities
Properties of Functions",2. Functions,HL,"(a) attempt to reflect $f$ in the $x$ OR $y$ axis\\
\includegraphics[width=0.4\textwidth]{2024_10_08_97dcc1f2247cc95320b3g-16}

(b) $k=0 \quad$ A1\\
$4 \leq k<9 \quad$ A2
",Calculator Not Allowed,,,,,,,,,IBDP,,,,,,,,TRUE,2025,
,TRUE,9,7,2023,May,Paper 1,TZ1,"The function $f$ is defined by $f(y)=\sqrt{r^{2}-y^{2}}$ for $-r \leq y \leq r$.\\
The region enclosed by the graph of $x=f(y)$ and the $y$-axis is rotated by $360^{\circ}$ about the $y$-axis to form a solid sphere. The sphere is drilled through along the $y$-axis, creating a cylindrical hole. The resulting spherical ring has height, $h$.

This information is shown in the following diagrams.\\
diagram not to scale\\
\includegraphics[width=0.4\textwidth]{2024_09_19_c29dbc4308b1eba6aae0g-13}

The spherical ring has a volume of $\pi$ cubic units. Find the value of $h$. ","Geometry
Integral Calculus","3. Geometry and Trigonometry
5. Calculus",HL,"METHOD 1 (subtracting volumes)}
radius of cylinder, $R$ is $\sqrt{r^{2}-\frac{h^{2}}{4}}$ OR $R^{2}=r^{2}-\frac{h^{2}}{4}$ (seen anywhere)\\
correct limits 0 and $\frac{h}{2}$ OR $-\frac{h}{2}$ and $\frac{h}{2}$ (seen anywhere)\\
EITHER\\
volume of part sphere $=\pi \int\left(r^{2}-y^{2}\right) \mathrm{d} y$\\
correct integration\\
$r^{2} y-\frac{y^{3}}{3}$\\
attempt to substitute their limits into their integrated expression\\
$\frac{r^{2} h}{2}-\frac{h^{3}}{24}$\\
recognition that the volume of the ring is $\pi \int\left(r^{2}-y^{2}\right) \mathrm{d} y-\pi R^{2} h$ where $R \neq r$\\
$\pi \int\left(r^{2}-y^{2}\right) \mathrm{d} y-\pi\left(r^{2}-\frac{h^{2}}{4}\right) h$ (or equivalent)\\
correct equation\\
$2 \pi\left(\frac{r^{2} h}{2}-\frac{h^{3}}{24}\right)-\pi r^{2} h+\frac{\pi h^{3}}{4}=\pi \quad$ OR $\frac{h^{3}}{4}-\frac{h^{3}}{12}=1$ (or equivalent)\\
OR\\
recognition that the volume of the ring is $\pi \int\left(\left(r^{2}-y^{2}\right)-\left(r^{2}-\frac{h^{2}}{4}\right)\right) \mathrm{d} y$ (or equivalent)\\
correct integration\\
$\frac{h^{2}}{4} y-\frac{y^{3}}{3}$\\
attempt to substitute their limits into their integrated expression\\
$\frac{h^{3}}{8}-\frac{h^{3}}{24}$\\
correct equation\\
$2 \pi\left(\frac{h^{3}}{8}-\frac{h^{3}}{24}\right)=\pi \quad$ OR $\quad 2\left(\frac{h^{3}}{8}-\frac{h^{3}}{24}\right)=1 \quad$ (or equivalent)

\section*{THEN}
$h=\sqrt[3]{6}$


\section*{METHOD 2 (volume of cylindrical hole)}
radius of cylinder, $R$ is $\sqrt{r^{2}-\frac{h^{2}}{4}}$ OR $R^{2}=r^{2}-\frac{h^{2}}{4}$ (seen anywhere)\\
correct limits $\frac{h}{2}$ and $r$ (seen anywhere)\\
volume of part sphere $=\pi \int\left(r^{2}-y^{2}\right) \mathrm{d} y$\\
correct integration\\
$r^{2} y-\frac{y^{3}}{3}$\\
attempt to substitute their limits into their integrated expression\\
$\frac{2 r^{3}}{3}-\frac{r^{2} h}{2}+\frac{h^{3}}{24}$\\
recognition that the volume of the cylindrical hole is $\pi \int\left(r^{2}-y^{2}\right) \mathrm{d} y+\pi R^{2} h$ where $R \neq r$ $\pi \int\left(r^{2}-y^{2}\right) \mathrm{d} y+\pi\left(r^{2}-\frac{h^{2}}{4}\right) h\left(=\frac{4}{3} \pi r^{3}-\pi\right)$ (or equivalent)\\
correct equation\\
$2 \pi\left(\frac{2 r^{3}}{3}-\frac{r^{2} h}{2}+\frac{h^{3}}{24}\right)+\pi r^{2} h-\frac{\pi h^{3}}{4}=\frac{4}{3} \pi r^{3}-\pi \quad$ OR $\frac{h^{3}}{12}-\frac{h^{3}}{4}=-1 \quad$ (or equivalent)\\
$h=\sqrt[3]{6}$


\section*{METHOD 3 (shells)}
radius of cylinder, $R$ is $\sqrt{r^{2}-\frac{h^{2}}{4}}$ OR $R^{2}=r^{2}-\frac{h^{2}}{4}$ (seen anywhere)\\
attempt to use shells method\\
$2 \pi \int x \sqrt{r^{2}-x^{2}} \mathrm{~d} x$\\
correct limits $r$ and $\sqrt{r^{2}-\frac{h^{2}}{4}}$ (seen anywhere)\\
correct integration\\
$-\frac{1}{3}\left(r^{2}-x^{2}\right)^{\frac{3}{2}}$\\
attempt to substitute their limits into their integrated expression\\
$-\frac{1}{3}\left(0-\left(r^{2}-\left(r^{2}-\frac{h^{2}}{4}\right)\right)^{\frac{3}{2}}\right)$\\
correct equation\\
$2 \times \frac{-2 \pi}{3}\left(0-\left(r^{2}-\left(r^{2}-\frac{h^{2}}{4}\right)\right)^{\frac{3}{2}}\right)=\pi \quad$ OR $\quad 2\left(\frac{2 \pi}{3} \times \frac{h^{3}}{8}\right)=\pi$\\
$h=\sqrt[3]{6}$
",Calculator Not Allowed,,,,,,,,,IBDP,,,,,,,,TRUE,2025,
,TRUE,10,14,2023,May,Paper 1,TZ1,"Consider the arithmetic sequence $u_{1}, u_{2}, u_{3}, \ldots$\\
The sum of the first $n$ terms of this sequence is given by $S_{n}=n^{2}+4 n$.\\
(a) (i) Find the sum of the first five terms.\\
(ii) Given that $S_{6}=60$, find $u_{6}$.\\
(b) Find $u_{1}$.\\
(c) Hence or otherwise, write an expression for $u_{n}$ in terms of $n$.

Consider a geometric sequence, $v_{n}$, where $v_{2}=u_{1}$ and $v_{4}=u_{6}$.\\
(d) Find the possible values of the common ratio, $r$.\\
(e) Given that $v_{99}<0$, find $v_{5}$.",Sequences and Series,1. Numbers and Algebra,HL,"(a) (i) recognition that $n=5$\\
$S_{5}=45$ A1\\
(ii) METHOD 1\\
recognition that $S_{5}+u_{6}=S_{6}$\\
$u_{6}=15$
\end{enumerate}

\section*{METHOD 2}
recognition that $60=\frac{6}{2}\left(S_{1}+u_{6}\right)$\\
$60=3\left(5+u_{6}\right)$\\
$u_{6}=15$

\section*{METHOD 3}
substituting their $u_{1}$ and $d$ values into $u_{1}+(n-1) d$\\
$u_{6}=15$\\
(b) recognition that $u_{1}=S_{1}$ (may be seen in (a)) OR substituting their $u_{6}$ into $S_{6}$ OR equations for $S_{5}$ and $S_{6}$ in terms of $u_{1}$ and $d$\\
$1+4$ OR $60=\frac{6}{2}\left(u_{1}+15\right)$\\
$u_{1}=5$

Question 10 continued\\
(c) EITHER\\
valid attempt to find $d$ (may be seen in (a) or (b))\\
$d=2$\\
OR\\
valid attempt to find $S_{n}-S_{n-1}$\\
$n^{2}+4 n-\left(n^{2}-2 n+1+4 n-4\right)$\\
OR\\
equating $n^{2}+4 n=\frac{n}{2}\left(5+u_{n}\right)$\\
$2 n+8=5+u_{n}$ (or equivalent)\\
THEN\\
$u_{n}=5+2(n-1)$ OR $u_{n}=2 n+3$\\
(d) recognition that $v_{2} r^{2}=v_{4} \mathrm{OR}\left(v_{3}\right)^{2}=v_{2} \times v_{4}$\\
$r^{2}=3$ OR $v_{3}=( \pm) 5 \sqrt{3}$\\
$r= \pm \sqrt{3}$\\
Note: If no working shown, award M1A1AO for $\sqrt{3}$.\\
(e) recognition that $r$ is negative

$$
v_{5}=-15 \sqrt{3} \quad\left(=-\frac{45}{\sqrt{3}}\right)
$$

",Calculator Not Allowed,,,,,,,,,IBDP,,,,,,,,TRUE,2025,
,TRUE,11,19,2023,May,Paper 1,TZ1,"Consider the following diagram, which shows the plan of part of a house.\\
diagram not to scale

\begin{center}
\includegraphics[width=0.4\textwidth]{2024_09_19_c29dbc4308b1eba6aae0g-15}
\end{center}

A narrow passageway with width $\frac{3}{4} \mathrm{~m}$ is perpendicular to a room of width 6 m . There is a corner at point C. Points A and B are variable points on the base of the walls such that $\mathrm{A}, \mathrm{C}$ and B lie on a straight line.

Let $L$ denote the length AB in metres.\\
Let $\alpha$ be the angle that $[\mathrm{AB}]$ makes with the room wall, where $0<\alpha<\frac{\pi}{2}$.\\
(a) Show that $L=\frac{3}{4} \sec \alpha+6 \operatorname{cosec} \alpha$.\\
(b) (i) Find $\frac{\mathrm{d} L}{\mathrm{~d} \alpha}$.\\
(ii) When $\frac{\mathrm{d} L}{\mathrm{~d} \alpha}=0$, show that $\alpha=\arctan 2$.\\

(c) (i) Find $\frac{\mathrm{d}^{2} L}{\mathrm{~d} \alpha^{2}}$.\\
(ii) When $\alpha=\arctan 2$, show that $\frac{\mathrm{d}^{2} L}{\mathrm{~d} \alpha^{2}}=\frac{45}{4} \sqrt{5}$.\\
(d) (i) Hence, justify that $L$ is a minimum when $\alpha=\arctan 2$.\\
(ii) Determine this minimum value of $L$.

Two people need to carry a pole of length 11.25 m from the passageway into the room. It must be carried horizontally.\\
(e) Determine whether this is possible, giving a reason for your answer.","Trigonometry
Differential Calculus","3. Geometry and Trigonometry
5. Calculus",HL,"\begin{enumerate}
  \setcounter{enumi}{10}
  \item (a) $L=\mathrm{AC}+\mathrm{CB}$
\end{enumerate}

$$
\begin{aligned}
& \frac{\left(\frac{3}{4}\right)}{\mathrm{AC}}=\cos \alpha\left(\Rightarrow \mathrm{AC}=\frac{\frac{3}{4}}{\cos \alpha} \Rightarrow \mathrm{AC}=\frac{3}{4} \sec \alpha\right) \\
& \frac{6}{\mathrm{CB}}=\sin \alpha\left(\Rightarrow \mathrm{CB}=\frac{6}{\sin \alpha} \Rightarrow \mathrm{CB}=6 \operatorname{cosec} \alpha\right) \\
& \text { so } L=\frac{3}{4} \sec \alpha+6 \operatorname{cosec} \alpha
\end{aligned}
$$

(b) (i) $\frac{\mathrm{d} L}{\mathrm{~d} \alpha}=\frac{3}{4} \sec \alpha \tan \alpha-6 \operatorname{cosec} \alpha \cot \alpha$\\
(ii) attempt to write $\frac{\mathrm{d} L}{\mathrm{~d} \alpha}$ in terms of $\sin \alpha, \cos \alpha$ or $\tan \alpha$ (may be seen in (i))

$$
\begin{aligned}
& \frac{\mathrm{d} L}{\mathrm{~d} \alpha}=\frac{\frac{3}{4} \sin \alpha}{\cos ^{2} \alpha}-\frac{6 \cos \alpha}{\sin ^{2} \alpha} \text { OR } \frac{\mathrm{d} L}{\mathrm{~d} \alpha}=\frac{\frac{3}{4} \tan \alpha}{\cos \alpha}-\frac{6}{\sin \alpha \tan \alpha}\left(=\frac{\frac{3}{4} \tan ^{3} \alpha-6}{\cos \alpha \tan ^{2} \alpha}\right) \\
& \frac{\mathrm{d} L}{\mathrm{~d} \alpha}=0 \Rightarrow \frac{3}{4} \sin ^{3} \alpha-6 \cos ^{3} \alpha=0 \text { OR } \frac{3}{4} \tan ^{3} \alpha-6=0 \text { (or equivalent) } \\
& \tan ^{3} \alpha=8
\end{aligned}
$$A1

$\tan \alpha=2$ ..... A1\\
$\alpha=\arctan 2$ ..... AG

\section*{Question 11 continued}
(c) (i) attempt to use product rule (at least once)

$$
\frac{\mathrm{d}^{2} L}{\mathrm{~d} \alpha^{2}}=\frac{3}{4} \sec \alpha \tan \alpha \tan \alpha+\frac{3}{4} \sec \alpha \sec ^{2} \alpha
$$

$+6 \operatorname{cosec} \alpha \cot \alpha \cot \alpha+6 \operatorname{cosec} \alpha \operatorname{cosec}^{2} \alpha$ (or equivalent)\\
Note: Award $\boldsymbol{A} 1$ for $\frac{3}{4} \sec \alpha \tan \alpha \tan \alpha+\frac{3}{4} \sec \alpha \sec ^{2} \alpha$ and $\boldsymbol{A} 1$ for $+6 \operatorname{cosec} \alpha \cot \alpha \cot \alpha+6 \operatorname{cosec} \alpha \operatorname{cosec}^{2} \alpha$. Allow unsimplified correct answer.\\
$\left(\frac{\mathrm{d}^{2} L}{\mathrm{~d} \alpha^{2}}=\frac{3}{4} \sec \alpha \tan ^{2} \alpha+\frac{3}{4} \sec ^{3} \alpha+6 \operatorname{cosec} \alpha \cot ^{2} \alpha+6 \operatorname{cosec}^{3} \alpha\right)$\\
(ii) attempt to find a ratio other than $\tan \alpha$ using an appropriate trigonometric identity OR a right triangle with at least two side lengths seen

Note: Award $\boldsymbol{M} \mathbf{O}$ for $\alpha=\arctan 2$ substituted into their $\frac{\mathrm{d}^{2} L}{\mathrm{~d} \alpha^{2}}$ with no further progress.\\
one correct ratio

$$
\sec \alpha=\sqrt{5} \text { OR } \operatorname{cosec} \alpha=\frac{\sqrt{5}}{2} \text { OR } \cot \alpha=\frac{1}{2} \text { OR } \cos \alpha=\frac{1}{\sqrt{5}} \text { OR } \sin \alpha=\frac{2}{\sqrt{5}}
$$

Note: M1A1 may be seen in part (d).

$$
\begin{aligned}
& \frac{3}{4}(\sqrt{5})\left(2^{2}\right)+\frac{3}{4}(\sqrt{5})^{3}+6\left(\frac{\sqrt{5}}{2}\right)\left(\frac{1}{2}\right)^{2}+6\left(\frac{\sqrt{5}}{2}\right)^{3} \text { (or equivalent) } \\
& \frac{12 \sqrt{5}}{4}+\frac{15 \sqrt{5}}{4}+\frac{3 \sqrt{5}}{4}+\frac{15 \sqrt{5}}{4}
\end{aligned}
$$

Note: Award $\boldsymbol{A 1}$ for only two or three correct terms.\\
Award a maximum of (M1)(A1)A1 on FT from c(i).

$$
\frac{\mathrm{d}^{2} L}{\mathrm{~d} \alpha^{2}}=\frac{45}{4} \sqrt{5}
$$

Question 11 continued\\
(d) (i) $\frac{\mathrm{d}^{2} L}{\mathrm{~d} \alpha^{2}}>0$ OR concave up (or equivalent)\\
(and $\frac{\mathrm{d} L}{\mathrm{~d} \alpha}=0$, when $\alpha=\arctan 2$, hence $L$ is a minimum)\\
(ii) $\quad\left(L_{\min }=\right) \frac{3}{4}(\sqrt{5})+6\left(\frac{\sqrt{5}}{2}\right)$\\
$=\frac{15 \sqrt{5}}{4}$\\
(e) $\quad(11.25=) \frac{15 \sqrt{9}}{4}>\frac{15 \sqrt{5}}{4}$ (or equivalent comparative reasoning)\\
the pole cannot be carried (horizontally from the passageway into the room)\\
Note: Do not award ROA1.\\",Calculator Not Allowed,,,,,,,,,IBDP,,,,,,,,TRUE,2025,
,TRUE,12,21,2023,May,Paper 1,TZ1,"Two lines, $L_{1}$ and $L_{2}$, intersect at point P. Point $\mathrm{A}(2 t, 8,3)$, where $t>0$, lies on $L_{2}$. This is shown in the following diagram.

\section*{diagram not to scale}
\begin{center}
\includegraphics[width=0.4\textwidth]{2024_09_19_c29dbc4308b1eba6aae0g-17}
\end{center}

The acute angle between the two lines is $\frac{\pi}{3}$.\\
The direction vector of $L_{1}$ is $\left(\begin{array}{l}1 \\ 1 \\ 0\end{array}\right)$, and $\overrightarrow{\mathrm{PA}}=\left(\begin{array}{c}2 t \\ 0 \\ 3+t\end{array}\right)$.\\
(a) Show that $4 t=\sqrt{10 t^{2}+12 t+18}$.\\
(b) Find the value of $t$.\\
(c) Hence or otherwise, find the shortest distance from A to $L_{1}$.

A plane, $\Pi$, contains $L_{1}$ and $L_{2}$.\\
(d) Find a normal vector to $\Pi$.

The base of a right cone lies in $\Pi$, centred at A such that $L_{1}$ is a tangent to its base. The volume of the cone is $90 \pi \sqrt{3}$ cubic units.\\
(e) Find the two possible positions of the vertex of the cone.",Vectors and Planes,3. Geometry and Trigonometry,HL,"(a) $2 t+1 \times 0+0 \times(3+t) \quad(=2 t)$ (seen anywhere)\\
one correct magnitude $\sqrt{1^{2}+1^{2}+0^{2}}, \sqrt{(2 t)^{2}+(3+t)^{2}}$\\
correct substitution of their magnitudes and scalar product\\
$2 t=\sqrt{2} \times \sqrt{(2 t)^{2}+(3+t)^{2}} \times \cos \frac{\pi}{3} \quad$ OR $\quad \cos \frac{\pi}{3}=\frac{2 t}{\sqrt{2} \times \sqrt{5 t^{2}+6 t+9}}$\\
$4 t=\sqrt{2\left(4 t^{2}+9+6 t+t^{2}\right)}$ OR $\frac{1}{2}=\frac{2 t}{\sqrt{2\left(5 t^{2}+6 t+9\right)}}$ (or equivalent)\\
$4 t=\sqrt{10 t^{2}+12 t+18}$\\
(b) correct quadratic equation\\
$16 t^{2}=10 t^{2}+12 t+18,6 t^{2}-12 t-18=0, t^{2}-2 t-3=0$\\
valid attempt to solve their quadratic set $=0$


\begin{align*}
& (t+1)(t-3) \text { OR } \frac{12 \pm \sqrt{(-12)^{2}-4 \times 6 \times(-18)}}{12} \text { OR }(t-1)^{2}-4  \tag{A1}\\
& t=3
\end{align*}




(c) METHOD 1\\
recognizing shortest distance from A is perpendicular to $L_{1}$\\
$\mathrm{OR} \quad \sin \frac{\pi}{3}=\frac{x}{\mid \overrightarrow{\mathrm{PA} \mid}}$

$$
\begin{aligned}
& |\overrightarrow{\mathrm{PA}}|=\sqrt{6^{2}+6^{2}} \quad(=\sqrt{72}, 6 \sqrt{2}) \quad \text { (seen anywhere) } \\
& \frac{\sqrt{3}}{2}=\frac{x}{\sqrt{72}} \\
& x=\frac{\sqrt{216}}{2} \quad(=\sqrt{54}, 3 \sqrt{6}) \\
& \text { shortest distance is } \frac{\sqrt{216}}{2}(=\sqrt{54}, 3 \sqrt{6})
\end{aligned}
$$

Question 12 continued

\section*{METHOD 2}
recognition that the distance required is $\frac{|v \times \overrightarrow{\mathrm{PA}}|}{|\boldsymbol{v}|}$\\
$=\frac{1}{\sqrt{2}}\left(\begin{array}{l}1 \\ 1 \\ 0\end{array}\right) \times\left(\begin{array}{l}6 \\ 0 \\ 6\end{array}\right)$\\
$=\frac{1}{\sqrt{2}}\left|\left(\begin{array}{c}6 \\ -6 \\ -6\end{array}\right)\right|$\\
shortest distance is $\sqrt{54}(=3 \sqrt{6})$

Question 12 continued

\section*{METHOD 3}
recognition that the base of the triangle is $\frac{|v \cdot \overrightarrow{\mathrm{PA}}|}{|v|}$\\
$\frac{1}{\sqrt{2}} \left\lvert\,\left(\begin{array}{l}1 \\ 1 \\ 0\end{array}\right) \cdot\left(\begin{array}{l}6 \\ 0 \\ 6\end{array}\right)\right.$\\
$=\frac{6}{\sqrt{2}}(=3 \sqrt{2})$ OR\\
\includegraphics[width=0.4\textwidth]{2024_10_08_97dcc1f2247cc95320b3g-28}\\
$|\overrightarrow{\mathrm{PA}}|=\sqrt{6^{2}+6^{2}} \quad(=\sqrt{72}, 6 \sqrt{2}) \quad$ (seen anywhere)\\
Note: The value of $|\overrightarrow{\mathrm{PA}}|=\sqrt{6^{2}+6^{2}}$ may be seen as part of the working\\
of their shortest distance, $d=\sqrt{|\overrightarrow{\mathrm{PA}}|^{2}-b^{2}}=\sqrt{(\sqrt{72})^{2}-(3 \sqrt{2})^{2}}$\\
shortest distance is $\sqrt{54}(=3 \sqrt{6})$

Question 12 continued

\section*{METHOD 4}
Let B be a general point on $L_{1}(\lambda, 8+\lambda,-3)$ such that AB is perpendicular to $L_{1}$ attempt to find vector $\overrightarrow{A B}$ OR $|\overrightarrow{A B}|$ (the shortest distance from $A$ to $L_{1}$ )\\
$\overrightarrow{\mathrm{AB}}=\overrightarrow{\mathrm{OB}}-\overrightarrow{\mathrm{OA}}=\overrightarrow{\mathrm{OP}}+\lambda\left(\begin{array}{l}1 \\ 1 \\ 0\end{array}\right)-\overrightarrow{\mathrm{OA}}\left(=\left(\begin{array}{c}0 \\ 8 \\ -3\end{array}\right)+\lambda\left(\begin{array}{l}1 \\ 1 \\ 0\end{array}\right)-\left(\begin{array}{l}6 \\ 8 \\ 3\end{array}\right)=\overrightarrow{\mathrm{AP}}+\lambda\left(\begin{array}{l}1 \\ 1 \\ 0\end{array}\right)\right)(\lambda \in \mathbb{R})$\\
$\overrightarrow{\mathrm{AB}}=\left(\begin{array}{c}-6 \\ 0 \\ -6\end{array}\right)+\lambda\left(\begin{array}{l}1 \\ 1 \\ 0\end{array}\right) \mathrm{OR}|\overrightarrow{\mathrm{AB}}|=\sqrt{(\lambda-6)^{2}+(8+\lambda-8)^{2}+(-3-3)^{2}}$\\
$|\overrightarrow{\mathrm{AB}}|=\sqrt{(\lambda-6)^{2}+\lambda^{2}+(-6)^{2}}\left(=\sqrt{2 \lambda^{2}-12 \lambda+72}\right)$

\section*{EITHER}
$\frac{\mathrm{d}}{\mathrm{d} \lambda}\left(|\overrightarrow{\mathrm{AB}}|^{2}\right)=0 \Rightarrow 4 \lambda-12=0 \Rightarrow \lambda=3$\\
OR\\
$|\overrightarrow{\mathrm{AB}}|=\sqrt{2(\lambda-3)^{2}+54}$ to obtain $\lambda=3$\\
OR

$$
\left(\begin{array}{c}
-6+\lambda \\
\lambda \\
-6
\end{array}\right) \cdot\left(\begin{array}{l}
1 \\
1 \\
0
\end{array}\right)=0 \Rightarrow-6+\lambda+\lambda=0 \Rightarrow \lambda=3
$$

\section*{THEN}
shortest distance is $\sqrt{54}(=3 \sqrt{6})$

Question 12 continued\\
(d) attempt to find the vector product of two direction vectors

$$
\begin{aligned}
& \left(\begin{array}{l}
1 \\
1 \\
0
\end{array}\right) \times\left(\begin{array}{l}
6 \\
0 \\
6
\end{array}\right) \\
& \boldsymbol{n}=\left(\begin{array}{c}
1 \\
-1 \\
-1
\end{array}\right) \text { (or any scalar multiple of this) (accept } \boldsymbol{n}=\langle 1,-1,-1\rangle \text { or equivalent) }
\end{aligned}
$$

Note: Award $\boldsymbol{A O}$ for a final answer given in coordinate form.

\section*{Question 12 continued}
(e) substituting their $x$ into volume formula and equating\\
$\frac{1}{3} \pi(3 \sqrt{6})^{2} h=90 \sqrt{3} \pi$\\
$h=5 \sqrt{3}$ (seen anywhere)\\
recognition that the position vector of vertex is given by $\overrightarrow{\mathrm{OA}}+\mu \boldsymbol{n}$ OR $\overrightarrow{\mathrm{OA}}+h \times \hat{\boldsymbol{n}}$\\
$\left(\begin{array}{l}6 \\ 8 \\ 3\end{array}\right)+\mu\left(\begin{array}{c}1 \\ -1 \\ -1\end{array}\right) \quad \operatorname{OR}(6+\mu, 8-\mu, 3-\mu)$

\section*{EITHER}
recognition that $\mu|\boldsymbol{n}|=h$ (where $\mu$ is a parameter)\\
$\mu|\boldsymbol{n}|=5 \sqrt{3}$ OR $\sqrt{\mu^{2}+(-\mu)^{2}+(-\mu)^{2}}=5 \sqrt{3}$ OR $3 \mu^{2}=75 \quad(\Rightarrow \sqrt{3} \mu=5 \sqrt{3})$\\
$\mu= \pm 5$ (accept $\mu=5$ )

\section*{OR}
attempt to find cone's height vector $h \times \hat{\boldsymbol{n}}$\\
$\hat{\boldsymbol{n}}=\frac{1}{\sqrt{3}}\left(\begin{array}{c}1 \\ -1 \\ -1\end{array}\right)$\\
$5 \sqrt{3} \times \frac{1}{\sqrt{3}}\left(\begin{array}{c}1 \\ -1 \\ -1\end{array}\right)$

\section*{THEN}
$$
\begin{aligned}
& =\left(\begin{array}{l}
6 \\
8 \\
3
\end{array}\right) \pm 5\left(\begin{array}{c}
1 \\
-1 \\
-1
\end{array}\right)\left(=\left(\begin{array}{l}
6 \\
8 \\
3
\end{array}\right) \pm\left(\begin{array}{c}
5 \\
-5 \\
-5
\end{array}\right)\right) \\
& \text { vertex }=(11,3,-2) \text { and (1,13,8) (accept position vectors) }
\end{aligned}
$$",Calculator Not Allowed,,,,,,,,,IBDP,,,,,,,,TRUE,2025,
,TRUE,1,6,2023,May,Paper 1,TZ2,"The following diagram shows a circle with centre O and radius 4 cm .\\
diagram not to scale

\begin{center}
\includegraphics[width=0.4\textwidth]{2024_09_19_4f0ff044402ce1f3e11bg-03}
\end{center}

The points $\mathrm{P}, \mathrm{Q}$ and R lie on the circumference of the circle and $\mathrm{PO} R=\theta$, where $\theta$ is measured in radians.

The length of arc $P Q R$ is 10 cm .\\
(a) Find the perimeter of the shaded sector.\\
(b) Find $\theta$.\\
(c) Find the area of the shaded sector.\\
\\
(Question 1 continued)

\includegraphics[width=0.4\textwidth]{2024_09_19_4f0ff044402ce1f3e11bg-04}\\","Geometry
Trigonometry",3. Geometry and Trigonometry,HL,"(a) attempts to find perimeter\\
(b) $10=4 \theta$\\
$\theta=\frac{10}{4}\left(=\frac{5}{2}, 2.5\right)$\\
(c) area $=\frac{1}{2}\left(\frac{10}{4}\right)\left(4^{2}\right)(=1.25 \times 16)$\\
$=20\left(\mathrm{~cm}^{2}\right)$\\
",Calculator Not Allowed,,,,,,,,,IBDP,,,,,,,,TRUE,2025,
,TRUE,2,5,2023,May,Paper 1,TZ2,"A function $f$ is defined by $f(x)=1-\frac{1}{x-2}$, where $x \in \mathbb{R}, x \neq 2$.\\
(a) The graph of $y=f(x)$ has a vertical asymptote and a horizontal asymptote.

Write down the equation of\\
(i) the vertical asymptote;\\
(ii) the horizontal asymptote.\\
(b) Find the coordinates of the point where the graph of $y=f(x)$ intersects\\
(i) the $y$-axis;\\
(ii) the $x$-axis. \\


\section*{(Question 2 continued)}
(c) On the following set of axes, sketch the graph of $y=f(x)$, showing all the features found in parts (a) and (b).

\includegraphics[width=0.4\textwidth]{2024_09_19_4f0ff044402ce1f3e11bg-06}\\",Rational Functions,2. Functions,HL,"(a) (i) $x=2$ 
(ii) $y=1 \quad$ 

(b) (i) $\left(0, \frac{3}{2}\right) \quad$ 
(ii) $(3,0) \quad \boldsymbol{A 1}$

Question 2 continued\\
(c)
\includegraphics[width=0.4\textwidth]{2024_10_08_dce451bed0504c29b449g-09}
two correct branches with correct asymptotic behaviour and intercepts clearly shown ",Calculator Not Allowed,,,,,,,,,IBDP,,,,,,,,TRUE,2025,
,TRUE,3,5,2023,May,Paper 1,TZ2,"Events $A$ and $B$ are such that $\mathrm{P}(A)=0.4, \mathrm{P}(A \mid B)=0.25$ and $\mathrm{P}(A \cup B)=0.55$.\\
Find $\mathrm{P}(B)$.\\",Probability,4. Statistics and Probability,HL,"substitutes into $\mathrm{P}(A \cup B)=\mathrm{P}(A)+\mathrm{P}(B)-\mathrm{P}(A \cap B)$ to form\\
$0.55=0.4+\mathrm{P}(B)-\mathrm{P}(A \cap B)$ (or equivalent)\\
substitutes into $\mathrm{P}(A \mid B)=\frac{\mathrm{P}(A \cap B)}{\mathrm{P}(B)}$ to form $0.25=\frac{\mathrm{P}(A \cap B)}{\mathrm{P}(B)}$ (or equivalent)\\
attempts to combine their two probability equations to form an equation in $\mathrm{P}(B)$\\
Note: The above two $\boldsymbol{A}$ marks are awarded independently.\\
correct equation in $\mathrm{P}(B) \quad \boldsymbol{A 1}$\\
$0.55=0.4+\mathrm{P}(B)-0.25 \mathrm{P}(B)$ OR $\frac{\mathrm{P}(B)-0.15}{\mathrm{P}(B)}=0.25$ OR $\mathrm{P}(B)-0.15=0.25 \mathrm{P}(B)$\\
(or equivalent)\\
$\mathrm{P}(B)=\frac{15}{75}\left(=\frac{1}{5}=0.2\right)$\\",Calculator Not Allowed,,,,,,,,,IBDP,,,,,,,,TRUE,2025,
,TRUE,4,6,2023,May,Paper 1,TZ2,"The following diagram shows part of the graph of $y=\frac{x}{x^{2}+2}$ for $x \geq 0$.

\begin{center}
\includegraphics[width=0.4\textwidth]{2024_09_19_4f0ff044402ce1f3e11bg-08}
\end{center}

The shaded region $R$ is bounded by the curve, the $x$-axis and the line $x=c$.\\
The area of $R$ is $\ln 3$.\\
Find the value of $c$.\\",Integral Calculus,5. Calculus,HL,"$A=\int_{0}^{c} \frac{x}{x^{2}+2} \mathrm{~d} x$

\section*{EITHER}
attempts to integrate by inspection or substitution using $u=x^{2}+2$ or $u=x^{2}$\\
Note: If candidate simply states $u=x^{2}+2$ or $u=x^{2}$, but does not attempt to integrate, do not award the (M1).

Note: If candidate does not explicitly state the u-substitution, award the (M1) only for expressions of the form $k \ln u$ or $k \ln (u+2)$.\\
$\left[\frac{1}{2} \ln u\right]_{2}^{c^{2}+2}$ OR $\left[\frac{1}{2} \ln (u+2)\right]_{0}^{c^{2}}$ OR $\left[\frac{1}{2} \ln \left(x^{2}+2\right)\right]_{0}^{c}$

Note: Limits may be seen in the substitution step.

\section*{OR}
attempts to integrate by inspection\\
Note: Award the (M1) only for expressions of the form $k \ln \left(x^{2}+2\right)$.\\
$\left[\frac{1}{2} \ln \left(x^{2}+2\right)\right]_{0}^{c}$\\
Note: Limits may be seen in the substitution step.

\section*{THEN}
correctly substitutes their limits into their integrated expression\\
$\frac{1}{2}\left(\ln \left(c^{2}+2\right)-\ln 2\right)(=\ln 3)$ OR $\frac{1}{2} \ln \left(c^{2}+2\right)-\frac{1}{2} \ln 2(=\ln 3)$

\section*{Question 4 continued}
correctly applies at least one log law to their expression\\
$\frac{1}{2} \ln \left(\frac{c^{2}+2}{2}\right)(=\ln 3)$ OR $\ln \sqrt{c^{2}+2}-\ln \sqrt{2}(=\ln 3)$ OR $\ln \left(\frac{c^{2}+2}{2}\right)=\ln 9$\\
OR $\ln \left(c^{2}+2\right)-\ln 2=\ln 9$ OR $\ln \sqrt{\frac{c^{2}+2}{2}}(=\ln 3)$ OR $\ln \frac{\sqrt{c^{2}+2}}{\sqrt{2}}(=\ln 3)$\\
Note: Condone the absence of $\ln 3$ up to this stage.\\
$\frac{c^{2}+2}{2}=9 \quad$ OR $\sqrt{\frac{c^{2}+2}{2}}=3$\\
$c^{2}=16$\\
$c=4$\\",Calculator Not Allowed,,,,,,,,,IBDP,,,,,,,,TRUE,2025,
,TRUE,5,7,2023,May,Paper 1,TZ2,"The functions $f$ and $g$ are defined for $x \in \mathbb{R}$ by

$$
\begin{gathered}
f(x)=a x+b, \text { where } a, b \in \mathbb{Z} \\
g(x)=x^{2}+x+3 .
\end{gathered}
$$

Find the two possible functions $f$ such that $(g \circ f)(x)=4 x^{2}-14 x+15$. \\","Properties of Functions
Quadratics",2. Functions,HL,"attempts to form $(g \circ f)(x)$


\begin{align*}
& {[f(x)]^{2}+f(x)+3 \text { OR }(a x+b)^{2}+a x+b+3}  \tag{M1}\\
& a^{2} x^{2}+2 a b x+b^{2}+a x+b+3\left(=4 x^{2}-14 x+15\right) \tag{A1}
\end{align*}


equates their corresponding terms to form at least one equation\\
$a^{2} x^{2}=4 x^{2}$ OR $a^{2}=4$ OR $2 a b x+a x=-14 x$ OR $2 a b+a=-14$ OR $b^{2}+b+3=15$\\
$a= \pm 2$ (seen anywhere)\\
attempt to use $2 a b+a=-14$ to pair the correct values (seen anywhere)\\
$f(x)=2 x-4$ (accept $a=2$ with $b=-4), f(x)=-2 x+3($ accept $a=-2$ with $b=3) \quad$ A1A1\\",Calculator Not Allowed,,,,,,,,,IBDP,,,,,,,,TRUE,2025,
,TRUE,6,5,2023,May,Paper 1,TZ2,"A continuous random variable $X$ has probability density function $f$ defined by

$$
f(x)=\left\{\begin{array}{cl}
\frac{1}{2 a}, & a \leq x \leq 3 a \\
0, & \text { otherwise }
\end{array}\right.
$$

where $a$ is a positive real number.\\
(a) State $\mathrm{E}(X)$ in terms of $a$.\\
(b) Use integration to find $\operatorname{Var}(X)$ in terms of $a$. \\",Integral Calculus,5. Calculus,HL,"(a) $\mathrm{E}(X)=2 a$ (by symmetry)\\
(b) METHOD 1


\begin{align*}
& \text { uses } \operatorname{Var}(X)=\mathrm{E}\left(X^{2}\right)-[\mathrm{E}(X)]^{2}  \tag{M1}\\
& \operatorname{Var}(X)=\int_{a}^{3 a} \frac{x^{2}}{2 a} \mathrm{~d} x-(2 a)^{2} \\
& =\left[\frac{x^{3}}{6 a}\right]_{a}^{3 a}-(2 a)^{2} \\
& =\frac{13 a^{2}}{3}-(2 a)^{2} \\
& =\frac{a^{2}}{3}
\end{align*}


Note: Award as above if $\mathrm{E}\left(X^{2}\right)$ and $[\mathrm{E}(X)]^{2}$ are calculated separately leading to $\operatorname{Var}(X)=\frac{a^{2}}{3}$. Award (M1)AOAOAO for $\operatorname{Var}(X)=\frac{13 a^{2}}{3}$.

Question 6 continued

\section*{METHOD 2}
$$
\begin{aligned}
& \text { uses } \operatorname{Var}(X)=\mathrm{E}(X-\mathrm{E}(X))^{2} \\
& \operatorname{Var}(X)=\int_{a}^{3 a} \frac{(x-2 a)^{2}}{2 a} \mathrm{~d} x \\
& =\left[\frac{(x-2 a)^{3}}{6 a}\right]_{a}^{3 a} \\
& =\frac{a^{3}-\left(-a^{3}\right)}{6 a} \text { or equivalent } \\
& =\frac{a^{2}}{3}
\end{aligned}
$$",Calculator Not Allowed,,,,,,,,,IBDP,,,,,,,,TRUE,2025,
,TRUE,7,7,2023,May,Paper 1,TZ2,Use mathematical induction to prove that $\sum_{r=1}^{n} \frac{r}{(r+1)!}=1-\frac{1}{(n+1)!}$ for all integers $n \geq 1$. \\,Mathematical Induction,1. Numbers and Algebra,HL,"let $\mathrm{P}(n)$ be the proposition that $\sum_{r=1}^{n} \frac{r}{(r+1)!}=1-\frac{1}{(n+1)!}$ for all integers, $n \geq 1$ considering $\mathrm{P}(1)$ :


LHS $=\frac{1}{2}$ and $\mathrm{RHS}=\frac{1}{2}$ and so $\mathrm{P}(1)$ is true\\
assume $\mathrm{P}(k)$ is true ie, $\sum_{r=1}^{k} \frac{r}{(r+1)!}=1-\frac{1}{(k+1)!}$\\
Note: Do not award $\boldsymbol{M} \mathbf{1}$ for statements such as ""let $n=k$ "" or "" $n=k$ is true"". Subsequent marks after this M1 are independent of this mark and can be awarded.\\
considering $\mathrm{P}(k+1)$ :\\
$\sum_{r=1}^{k+1} \frac{r}{(r+1)!}=\sum_{r=1}^{k} \frac{r}{(r+1)!}+\frac{k+1}{((k+1)+1)!}$\\
$=1-\frac{1}{(k+1)!}+\frac{k+1}{(k+2)!}$\\
$=1-\frac{(k+2)-(k+1)}{(k+2)!}$\\
$=1-\frac{1}{(k+2)!}\left(=1-\frac{1}{((k+1)+1)!}\right)$\\
$\mathrm{P}(k+1)$ is true whenever $\mathrm{P}(k)$ is true and $\mathrm{P}(1)$ is true, so $\mathrm{P}(n)$ is true (for all integers, $n \geq 1$ )

Note: To obtain the final $\boldsymbol{R 1}$, any four of the previous marks must have been awarded.\\",Calculator Not Allowed,,,,,,,,,IBDP,,,,,,,,TRUE,2025,
,TRUE,8,7,2023,May,Paper 1,TZ2,"The functions $f$ and $g$ are defined by

$$
\begin{aligned}
& f(x)=\cos x, 0 \leq x \leq \frac{\pi}{2} \\
& g(x)=\tan x, 0 \leq x<\frac{\pi}{2} .
\end{aligned}
$$

The curves $y=f(x)$ and $y=g(x)$ intersect at a point P whose $x$-coordinate is $k$, where $0<k<\frac{\pi}{2}$.\\
(a) Show that $\cos ^{2} k=\sin k$.\\
(b) Hence, show that the tangent to the curve $y=f(x)$ at P and the tangent to the curve $y=g(x)$ at P intersect at right angles.\\
(c) Find the value of $\sin k$. Give your answer in the form $\frac{a+\sqrt{b}}{c}$, where $a, c \in \mathbb{Z}$\\
and $b \in \mathbb{Z}^{+}$. \\","Trigonometry
Differential Calculus","3. Geometry and Trigonometry
5. Calculus",HL,"(a) $\cos k=\frac{\sin k}{\cos k}$\\
$\cos ^{2} k=\sin k$\\
(b) $\quad f^{\prime}(k)=-\sin k$ and $g^{\prime}(k)=\sec ^{2} k$

Note: Award A1 for $f^{\prime}(x)=-\sin x$ and $g^{\prime}(x)=\sec ^{2} x$.

\section*{EITHER}
$$
\begin{aligned}
& f^{\prime}(k) g^{\prime}(k)=-\frac{\sin k}{\cos ^{2} k} \\
& \cos ^{2} k=\sin k \Rightarrow f^{\prime}(k) g^{\prime}(k)\left(=-\frac{\sin k}{\sin k}\right)=-1
\end{aligned}
$$

\section*{OR}
$$
\begin{aligned}
& g^{\prime}(k)=\frac{1}{\cos ^{2} k} \\
& \cos ^{2} k=\sin k \Rightarrow g^{\prime}(k)=\frac{1}{\sin k}=-\frac{1}{f^{\prime}(k)}
\end{aligned}
$$

Note: Accept showing that $f^{\prime}(k)=-\frac{1}{g^{\prime}(k)}$.

Note: Allow'backwards methods' such as starting with $f^{\prime}(k)=-\frac{1}{g^{\prime}(k)}$ leading to $\cos ^{2} k=\sin k$

\section*{THEN}
$\Rightarrow$ the two tangents intersect at right angles at P\\
Note: To obtain the final R1, all of the previous marks must have been awarded.

Question 8 continued\\
(c) $1-\sin ^{2} k=\sin k$ (from part (a))\\
$\sin ^{2} k+\sin k-1=0$\\
attempts to solve for $\sin k$\\
$\sin k=\frac{-1 \pm \sqrt{1^{2}-4(1)(-1)}}{2}$\\
(for $0<k<\frac{\pi}{2}, \sin k>0$ ) $\Rightarrow \sin k=\frac{-1+\sqrt{5}}{2}$\\
$(a=-1, b=5, c=2)$\\
Note: Award $\boldsymbol{A} \boldsymbol{0}$ if more than one solution is given\\",Calculator Not Allowed,,,,,,,,,IBDP,,,,,,,,TRUE,2025,
,TRUE,9,9,2023,May,Paper 1,TZ2,"The following diagram shows parallelogram OABC with $\overrightarrow{\mathrm{OA}}=\boldsymbol{a}, \overrightarrow{\mathrm{OC}}=\boldsymbol{c}$ and $|\boldsymbol{c}|=2|\boldsymbol{a}|$, where $|\boldsymbol{a}| \neq 0$.

\begin{center}
\includegraphics[width=0.4\textwidth]{2024_09_19_4f0ff044402ce1f3e11bg-13}
\end{center}

The angle between OA and OC is $\theta$, where $0<\theta<\pi$.\\
Point M is on $[\mathrm{AB}]$ such that $\overrightarrow{\mathrm{AM}}=k \overrightarrow{\mathrm{AB}}$, where $0 \leq k \leq 1$ and $\overrightarrow{\mathrm{OM}} \cdot \overrightarrow{\mathrm{MC}}=0$.\\
(a) Express $\overrightarrow{\mathrm{OM}}$ and $\overrightarrow{\mathrm{MC}}$ in terms of $\boldsymbol{a}$ and $\boldsymbol{c}$.\\
(b) Hence, use a vector method to show that $|\boldsymbol{a}|^{2}(1-2 k)(2 \cos \theta-(1-2 k))=0$.\\
(c) Find the range of values for $\theta$ such that there are two possible positions for M . 

Do not write solutions on this page.","Trigonometric Functions
Vectors and Planes",3. Geometry and Trigonometry,HL,"(a) $\overrightarrow{\mathrm{OM}}=\boldsymbol{a}+k \boldsymbol{A 1}$

$$
\overrightarrow{\mathrm{MC}}=(1-k) \boldsymbol{c}-\boldsymbol{a} \quad \boldsymbol{A 1}
$$

(b) attempts to expand their dot product $\overrightarrow{\mathrm{OM}} \cdot \overrightarrow{\mathrm{MC}}=(\boldsymbol{a}+k \boldsymbol{c}) \cdot((1-k) \boldsymbol{c}-\boldsymbol{a})$\\
$=(1-2 k)(\boldsymbol{a} \cdot \boldsymbol{c})-|\boldsymbol{a}|^{2}+k(1-k)|\boldsymbol{c}|^{2}$ (or equivalent)\\
uses $|\boldsymbol{c}|=2|\boldsymbol{a}|$ and $\boldsymbol{a} \cdot \boldsymbol{c}=2|\boldsymbol{a}|^{2} \cos \theta$

$$
\begin{aligned}
& =2(1-2 k)|\boldsymbol{a}|^{2} \cos \theta-|\boldsymbol{a}|^{2}+4 k(1-k)|\boldsymbol{a}|^{2} \\
& =2(1-2 k)|\boldsymbol{a}|^{2} \cos \theta-(1-2 k)^{2}|\boldsymbol{a}|^{2} \\
& |\boldsymbol{a}|^{2}(1-2 k)(2 \cos \theta-(1-2 k))=0
\end{aligned}
$$

(c) attempts to solve $|\boldsymbol{a}|^{2}(1-2 k)(2 \cos \theta-(1-2 k))=0$ for $k$\\
$k=\frac{1}{2}$ or $k=\frac{1}{2}-\cos \theta\left(|\boldsymbol{a}|^{2}>0\right)$\\
Note: Award (M1) for their ' $k=$ ' or their ' $\cos \theta=$ '. For example, $\cos \theta=\frac{1-2 k}{2}$ or equivalent.\\
as $0 \leq k \leq 1,0 \leq \frac{1}{2}-\cos \theta \leq 1$\\
$-\frac{1}{2} \leq \cos \theta \leq \frac{1}{2}$\\
$\frac{\pi}{3} \leq \theta \leq \frac{2 \pi}{3}, \theta \neq \frac{\pi}{2}$\\
( $\theta=\frac{\pi}{2}$ corresponds to only one possible position for M when $k=\frac{1}{2}$ )
",Calculator Not Allowed,,,,,,,,,IBDP,,,,,,,,TRUE,2025,
,TRUE,10,14,2023,May,Paper 1,TZ2,"A circle with equation $x^{2}+y^{2}=9$ has centre $(0,0)$ and radius 3 .\\
A triangle, PQR , is inscribed in the circle with its vertices at $\mathrm{P}(-3,0), \mathrm{Q}(x, y)$ and $\mathrm{R}(x,-y)$, where Q and R are variable points in the first and fourth quadrants respectively. This is shown in the following diagram.

\includegraphics[width=0.4\textwidth]{2024_09_19_4f0ff044402ce1f3e11bg-14}\\
(a) For point Q , show that $y=\sqrt{9-x^{2}}$.\\
(b) Hence, find an expression for $A$, the area of triangle PQR , in terms of $x$.\\
(c) Show that $\frac{\mathrm{d} A}{\mathrm{~d} x}=\frac{9-3 x-2 x^{2}}{\sqrt{9-x^{2}}}$.\\
(d) Hence or otherwise, find the $y$-coordinate of R such that $A$ is a maximum.","Trigonometry
Applications of Differentiation","3. Geometry and Trigonometry
5. Calculus",HL,"(a) $y^{2}=9-x^{2}$ OR $y= \pm \sqrt{9-x^{2}}$\\
(since $y>0) \Rightarrow y=\sqrt{9-x^{2}}$\\
(b) $b=2 y\left(=2 \sqrt{9-x^{2}}\right)$ or $h=x+3$\\
attempts to substitute their base expression and height expression into $A=\frac{1}{2} b h$\\
$A=\sqrt{9-x^{2}}(x+3)$ (or equivalent) $\left(=\frac{2(x+3) \sqrt{9-x^{2}}}{2}=x \sqrt{9-x^{2}}+3 \sqrt{9-x^{2}}\right)$\\
(c) METHOD 1\\
attempts to use the product rule to find $\frac{\mathrm{d} A}{\mathrm{~d} x}$\\
attempts to use the chain rule to find $\frac{\mathrm{d}}{\mathrm{d} x} \sqrt{9-x^{2}}$


\begin{align*}
& \left(\frac{\mathrm{d} A}{\mathrm{~d} x}=\right) \sqrt{9-x^{2}}+(3+x)\left(\frac{1}{2}\right)\left(9-x^{2}\right)^{-\frac{1}{2}}(-2 x)\left(=\sqrt{9-x^{2}}-\frac{x^{2}+3 x}{\sqrt{9-x^{2}}}\right)  \tag{A1}\\
& \left(\frac{\mathrm{d} A}{\mathrm{~d} x}=\right) \frac{9-x^{2}}{\sqrt{9-x^{2}}}-\frac{x^{2}+3 x}{\sqrt{9-x^{2}}}\left(=\frac{9-x^{2}-\left(x^{2}+3 x\right)}{\sqrt{9-x^{2}}}\right) \\
& \frac{\mathrm{d} A}{\mathrm{~d} x}=\frac{9-3 x-2 x^{2}}{\sqrt{9-x^{2}}}
\end{align*}


Question 10 continued

\section*{METHOD 2}
$\frac{\mathrm{d} A}{\mathrm{~d} x}=\frac{\mathrm{d} A}{\mathrm{~d} y} \times \frac{\mathrm{d} y}{\mathrm{~d} x}$\\
attempts to find $\frac{\mathrm{d} A}{\mathrm{~d} y}$ where $A=y(x+3)$ and $\frac{\mathrm{d} y}{\mathrm{~d} x}$ where $y^{2}=9-x^{2}$\\
$\frac{\mathrm{d} A}{\mathrm{~d} y}=y \frac{\mathrm{~d} x}{\mathrm{~d} y}+x+3$ and $\frac{\mathrm{d} y}{\mathrm{~d} x}=-\frac{x}{y}$ (or equivalent)\\
substitutes their $\frac{\mathrm{d} A}{\mathrm{~d} y}$ and their $\frac{\mathrm{d} y}{\mathrm{~d} x}$ into $\frac{\mathrm{d} A}{\mathrm{~d} x}=\frac{\mathrm{d} A}{\mathrm{~d} y} \times \frac{\mathrm{d} y}{\mathrm{~d} x}$

$$
\begin{aligned}
& \frac{\mathrm{d} A}{\mathrm{~d} x}=\left(y\left(-\frac{y}{x}\right)+x+3\right)\left(-\frac{x}{y}\right) \text { (or equivalent) } \\
& =\frac{9-x^{2}-x^{2}-3 x}{\sqrt{9-x^{2}}} \text { (or equivalent) } \\
& \frac{\mathrm{d} A}{\mathrm{~d} x}=\frac{9-3 x-2 x^{2}}{\sqrt{9-x^{2}}}
\end{aligned}
$$

Question 10 continued\\
(d) $\frac{\mathrm{d} A}{\mathrm{~d} x}=0\left(\frac{9-3 x-2 x^{2}}{\sqrt{9-x^{2}}}=0\right)$\\
attempts to solve $9-3 x-2 x^{2}=0$ (or equivalent)


\begin{align*}
& -(2 x-3)(x+3)(=0) \text { OR } x=\frac{3 \pm \sqrt{(-3)^{2}-4(-2)(9)}}{2(-2)} \text { (or equivalent) }  \tag{A1}\\
& x=\frac{3}{2}
\end{align*}


Note: Award the above $\boldsymbol{A 1}$ if $x=-3$ is also given.\\
substitutes their value of $x$ into either $y=\sqrt{9-x^{2}}$ or $y=-\sqrt{9-x^{2}}$\\
Note: Do not award the above (M1) if $x \leq 0$.

$$
\begin{aligned}
& y=-\sqrt{9-\left(\frac{3}{2}\right)^{2}} \\
& =-\frac{\sqrt{27}}{2}\left(=-\frac{3 \sqrt{3}}{2},=-\sqrt{\frac{27}{4}},=-\sqrt{6.75}\right)
\end{aligned}
$$",Calculator Not Allowed,,,,,,,,,IBDP,,,,,,,,TRUE,2025,
,TRUE,11,22,2023,May,Paper 1,TZ2,"Consider the complex number $u=-1+\sqrt{3} i$.\\
(a) By finding the modulus and argument of $u$, show that $u=2 \mathrm{e}^{\mathrm{i} \frac{2 \pi}{3}}$.\\
(b) (i) Find the smallest positive integer $n$ such that $u^{n}$ is a real number.\\
(ii) Find the value of $u^{n}$ when $n$ takes the value found in part (b)(i).\\
(c) Consider the equation $z^{3}+5 z^{2}+10 z+12=0$, where $z \in \mathbb{C}$.\\
(i) Given that $u$ is a root of $z^{3}+5 z^{2}+10 z+12=0$, find the other roots.\\
(ii) By using a suitable transformation from $z$ to $w$, or otherwise, find the roots of the equation $1+5 w+10 w^{2}+12 w^{3}=0$, where $w \in \mathbb{C}$.\\
(d) Consider the equation $z^{2}=2 z^{*}$, where $z \in \mathbb{C}, z \neq 0$.

By expressing $z$ in the form $a+b$ i, find the roots of the equation.",Complex Numbers,1. Numbers and Algebra,HL,"METHOD 1
\begin{align*}
& |u|=\sqrt{(-1)^{2}+(\sqrt{3})^{2}}(=\sqrt{1+3})  \tag{A1}\\
& =2 \\
& \text { reference angle }=\frac{\pi}{3} \text { OR } \arg u= \\
& =\pi-\frac{\pi}{3}
\end{align*}


Note: Award the above M1A1 for a labelled diagram that convincingly shows that $\arg u=\frac{2 \pi}{3}$.

$$
=\frac{2 \pi}{3} \text { and so } u=2 \mathrm{e}^{\mathrm{i} \frac{2 \pi}{3}}
$$

\section*{METHOD 2}
reference angle $=\frac{\pi}{3}$ OR $\arg u=\pi-\tan ^{-1}(\sqrt{3})$ OR $\arg u=\pi+\tan ^{-1}(-\sqrt{3})$\\
$=\pi-\frac{\pi}{3}$\\
Note: Award the above M1A1 for a labelled diagram that convincingly shows that $\arg u=\frac{2 \pi}{3}$.

$$
=\frac{2 \pi}{3}
$$

$r\left(\cos \frac{2 \pi}{3}+\mathrm{i} \sin \frac{2 \pi}{3}\right)=-1+\sqrt{3} \mathrm{i}$\\
$r=\frac{-1}{\cos \frac{2 \pi}{3}}=\frac{-1}{-\frac{1}{2}}$ OR $r=\frac{\sqrt{3}}{\sin \frac{2 \pi}{3}}=\frac{\sqrt{3}}{\frac{\sqrt{3}}{2}}$\\
$=2$ and so $u=2 \mathrm{e}^{\mathrm{i} \frac{2 \pi}{3}}$

Question 11 continued\\
(b) (i) $\quad u^{n} \in \mathbb{R} \Rightarrow \frac{2 n \pi}{3}=k \pi(k \in \mathbb{Z})$

Note: Award $\boldsymbol{M} \mathbf{1}$ for noting that $\sin \frac{2 n \pi}{3}=0$ from $u^{n}=2^{n}\left(\cos \frac{2 n \pi}{3}+\mathrm{i} \sin \frac{2 n \pi}{3}\right)$. Award (A1) for a multiple of 3 considered.

$$
n=3
$$

(ii) substitutes their value (must be a multiple of 3 ) for $n$ into $u^{n}$ $u^{3}=2^{3} \cos 2 \pi$ $=8$

Question 11 continued\\
(c) (i) $-1-\sqrt{3} \mathrm{i}$ is a root (by the conjugate root theorem)

Note: Accept $2 \mathrm{e}^{-\mathrm{i} \frac{2 \pi}{3}}$.\\
let $z=c$ be the real root

\section*{EITHER}
uses sum of roots (equated to $\pm 5$ )\\
$((-1+\sqrt{3} \mathrm{i})+(-1-\sqrt{3} \mathrm{i})+c)=-5$\\
$-2+c=-5$

OR\\
uses product of roots (equated to $\pm 12$ )\\
$(-1+\sqrt{3} \mathrm{i})(-1-\sqrt{3} \mathrm{i}) c=-12$\\
$4 c=-12$

OR\\
$(z-(-1+\sqrt{3} \mathrm{i}))(z-(-1-\sqrt{3} \mathrm{i}))=z^{2}+2 z+4$\\
compares coefficients eg\\
$(z-c)\left(z^{2}+2 z+4\right)=z^{3}+5 z^{2}+10 z+12$\\
$-4 c=12$

\section*{THEN}
$c=-3$ (and so $z=-3$ is a root)

Question 11 continued\\
(ii) METHOD 1\\
compares $z^{3}+5 z^{2}+10 z+12=0$ and $1+5 w+10 w^{2}+12 w^{3}=0$\\
$z=\frac{1}{w} \Rightarrow w=\frac{1}{z}$\\
$w=-\frac{1}{3}, \frac{1}{-1 \pm \sqrt{3} \mathrm{i}}\left(=\frac{-1 \pm \sqrt{3} \mathrm{i}}{4}\right)$

\section*{METHOD 2}
attempts to factorize into a product of a linear factor and a quadratic factor\\
$1+5 w+10 w^{2}+12 w^{3}=(3 w+1)\left(4 w^{2}+2 w+1\right)$\\
$w=-\frac{1}{3}, \frac{1}{-1 \pm \sqrt{3} \mathrm{i}}\left(=\frac{-1 \pm \sqrt{3} \mathrm{i}}{4}\right)$\\
(d) $(a+b \mathrm{i})^{2}=2(a-b \mathrm{i}) \quad \boldsymbol{A 1}$\\
attempts to expand and equate real and imaginary parts:\\
$a^{2}-b^{2}+2 a b \mathrm{i}=2 a-2 b \mathrm{i}$\\
$a^{2}-b^{2}=2 a$ and $2 a b=-2 b$\\
attempts to find the value of $a$ or $b$\\
$2 b(a+1)=0$\\
$b=0 \Rightarrow a^{2}=2 a \Rightarrow a=2$ (real root)\\
A1\\
$a=-1 \Rightarrow 1-b^{2}=-2 \Rightarrow b= \pm \sqrt{3}$ (complex roots $-1 \pm \sqrt{3} \mathrm{i}$ )\\",Calculator Not Allowed,,,,,,,,,IBDP,,,,,,,,TRUE,2025,
,TRUE,12,17,2023,May,Paper 1,TZ2,"(a) By using an appropriate substitution, show that $\int \cos \sqrt{x} \mathrm{~d} x=2 \sqrt{x} \sin \sqrt{x}+2 \cos \sqrt{x}+C$.

The following diagram shows part of the curve $y=\cos \sqrt{x}$ for $x \geq 0$.

\begin{center}
\includegraphics[width=0.4\textwidth]{2024_09_19_4f0ff044402ce1f3e11bg-16}
\end{center}

The curve intersects the $x$-axis at $x_{1}, x_{2}, x_{3}, x_{4}, \ldots$.\\
The $n$th $x$-intercept of the curve, $x_{n}$, is given by $x_{n}=\frac{(2 n-1)^{2} \pi^{2}}{4}$, where $n \in \mathbb{Z}^{+}$.\\
(b) Write down a similar expression for $x_{n+1}$.

The regions bounded by the curve and the $x$-axis are denoted by $R_{1}, R_{2}, R_{3}, \ldots$, as shown on the above diagram.\\
(c) Calculate the area of region $R_{n}$.

Give your answer in the form $k n \pi$, where $k \in \mathbb{Z}^{+}$.\\
(d) Hence, show that the areas of the regions bounded by the curve and the $x$-axis, $R_{1}, R_{2}, R_{3}, \ldots$, form an arithmetic sequence.","Sequences and Series
Integral Calculus","1. Numbers and Algebra
5. Calculus",HL,"(a) let $t=\sqrt{x} \quad$ M1\\
$t^{2}=x \Rightarrow 2 t \mathrm{~d} t=\mathrm{d} x$ (or equivalent) A1\\
so $\int \cos \sqrt{x} \mathrm{~d} x=2 \int t \cos t \mathrm{~d} t \quad$ A1\\
attempts integration by parts (M1)


\begin{align*}
& u=2 t, \mathrm{~d} v=\cos t \mathrm{~d} t, \mathrm{~d} u=2 \mathrm{~d} t, v=\sin t \\
& 2 \int t \cos t \mathrm{~d} t=2 t \sin t-2 \int \sin t \mathrm{~d} t \tag{A1}
\end{align*}


$=2 t \sin t+2 \cos t+C \quad$ A1\\
substitution of $t=\sqrt{x} \Rightarrow \int \cos \sqrt{x} \mathrm{~d} x=2 \sqrt{x} \sin \sqrt{x}+2 \cos \sqrt{x}+C \quad$ AG\\
(b) $\quad x_{n+1}=\frac{(2(n+1)-1)^{2} \pi^{2}}{4}\left(=\frac{(2 n+1)^{2} \pi^{2}}{4}\right)$

Question 12 continued\\
(c) area of $R_{n}$ is $\left|\int_{x_{n}}^{x_{n+1}} \cos \sqrt{x} \mathrm{~d} x\right|$

Note: Modulus may be seen at a later stage.

$$
=\left|[2 \sqrt{x} \sin \sqrt{x}+2 \cos \sqrt{x}]_{\frac{(2 n-1)^{2} \pi^{2}}{4}}^{\frac{(2 n+1)^{2} \pi^{2}}{4}}\right|
$$

Note: Condone $+C$ at this stage.\\
attempts to substitute their limits into their integrated expression

$$
=2\left|\frac{(2 n+1) \pi}{2} \times \sin \frac{(2 n+1) \pi}{2}+\cos \frac{(2 n+1) \pi}{2}-\left(\frac{(2 n-1) \pi}{2} \times \sin \frac{(2 n-1) \pi}{2}+\cos \frac{(2 n-1) \pi}{2}\right)\right|
$$

$$
=2\left|(-1)^{n} \frac{(2 n+1) \pi}{2}-\left((-1)^{n+1} \frac{(2 n-1) \pi}{2}\right)\right| \text { ( or equivalent ) }
$$

$=2\left|(-1)^{n} \frac{(2 n+1) \pi}{2}+(-1)^{n} \frac{(2 n-1) \pi}{2}\right|$\\
$=2\left|(-1)^{n} \frac{4 n \pi}{2}\right|$\\
$=4 n \pi$\\
Note: Award a maximum of (M1)A1M1A1A1A0A0 for only attempting to calculate $\int_{x_{n}}^{x_{n+1}} \cos \sqrt{x} \mathrm{~d} x$, and not applying the modulus.

Question 12 continued\\
(d) EITHER\\
attempts to find $(d=) R_{n+1}-R_{n}$\\
$(d=) 4(n+1) \pi-4 n \pi$\\
$=4 \pi$\\
Note: Award $\mathbf{M O}$ for consideration of special cases for example $R_{3}$ and $R_{2}$.\\
Accept $d=k \pi$.\\
which is a constant (common difference is $4 \pi$ )\\
R1

OR\\
an arithmetic sequence is of the form $u_{n}=d n+c\left(u_{n}=d n+u_{1}-d\right)$\\
attempts to compare $u_{n}=d n+c\left(u_{n}=d n+u_{1}-d\right)$ and $R_{n}=4 n \pi$\\
$d=4 \pi$ and $c=0\left(u_{1}-d=0\right)$\\
Note: Accept $d=k \pi$.

\section*{THEN}
so the areas of the regions form an arithmetic sequence",Calculator Not Allowed,,,,,,,,,IBDP,,,,,,,,TRUE,2025,
,TRUE,1,5,2023,Nov,Paper 1,TZ2,"Consider the functions $f(x)=x-3$ and $g(x)=x^{2}+k^{2}$, where $k$ is a real constant.\\
(a) Write down an expression for $(g \circ f)(x)$.\\
(b) Given that $(g \circ f)(2)=10$, find the possible values of $k$. \\",Properties of Functions,2. Functions,HL," (a) attempt to form $(g \circ f)(x)$


$$
((g \circ f)(x))=(x-3)^{2}+k^{2} \quad\left(=x^{2}-6 x+9+k^{2}\right)
$$

(b) substituting $x=2$ into their $(g \circ f)(x)$ and setting their expression $=10$\\
$k^{2}=9$\\
$k= \pm 3$\\",Calculator Not Allowed,,,,,,,,,IBDP,,,,,,,,TRUE,2025,
,TRUE,2,4,2023,Nov,Paper 1,TZ2,"Events $A$ and $B$ are such that $\mathrm{P}(A)=0.65, \mathrm{P}(B)=0.75$ and $\mathrm{P}(A \cap B)=0.6$.\\
(a) Find $\mathrm{P}(A \cup B)$.\\
(b) Hence, or otherwise, find $\mathrm{P}\left(A^{\prime} \cap B^{\prime}\right)$.",Probability,4. Statistics and Probability,HL,"(a) $(\mathrm{P}(A \cup B)=) 0.65+0.75-0.6$ OR $0.05+0.6+0.15$\\
$=0.8$\\
(b) recognition that $A^{\prime} \cap B^{\prime}=(A \cup B)^{\prime}$ OR $A^{\prime} \cap B^{\prime}=1-A \cup B$ (region/value may be seen in a correctly shaded/labeled Venn diagram) $(=1-0.8)$ $=0.2$

Note: For the final mark, 0.2 must be stated as the candidate's answer, or labeled as $\mathrm{P}\left(A^{\prime} \cap B^{\prime}\right)$ in their Venn diagram. Just seeing an unlabeled 0.2 in the correct region of their diagram earns M1AO.\\",Calculator Not Allowed,,,,,,,,,IBDP,,,,,,,,TRUE,2025,
,TRUE,3,7,2023,Nov,Paper 1,TZ2,"The sum of the first $n$ terms of an arithmetic sequence is given by $S_{n}=p n^{2}-q n$, where $p$ and $q$ are positive constants.

It is given that $S_{4}=40$ and $S_{5}=65$.\\
(a) Find the value of $p$ and the value of $q$.\\
(b) Find the value of $u_{5}$. \\",Sequences and Series,1. Numbers and Algebra,HL,"(a) METHOD 1\\
attempt to form at least one equation, using either $S_{4}$ or $S_{5}$\\
$65=25 p-5 q \quad(13=5 p-q) \quad$ and $\quad 40=16 p-4 q \quad(10=4 p-q)$\\
valid attempt to solve simultaneous linear equations in $p$ and $q$ by substituting or eliminating one of the variables.\\
$p=3, q=2$\\
Note: If candidate does not explicitly state their values of $p$ and $q$, but gives $S_{n}=3 n^{2}-2 n$, award final two marks as A1AO.

\section*{METHOD 2}
attempt to form at least one equation, using either $S_{4}$ or $S_{5}$\\
$65=\frac{5}{2}\left(2 u_{1}+4 d\right) \quad\left(26=2 u_{1}+4 d\right)$ and $40=2\left(2 u_{1}+3 d\right) \quad\left(20=2 u_{1}+3 d\right)$\\
valid attempt to solve simultaneous linear equations in $u_{1}$ and $d$ by substituting or eliminating one of the variables.\\
$u_{1}=1, d=6$\\
$S_{n}=\frac{n}{2}(2+6(n-1))=3 n^{2}-2 n$\\
$p=3$ and $q=2$\\
Note: If candidate does not explicitly state their values of $p$ and $q$, do not award the final mark.\\
(b) $\quad u_{5}=S_{5}-S_{4}$ OR substituting their values of $u_{1}$ and $d$ into $u_{5}=u_{1}+4 d$

OR substituting their value of $u_{1}$ into $65=\frac{5}{2}\left(u_{1}+u_{5}\right)$\\
$\left(u_{5}=\right) 65-40$ OR $\left(u_{5}=\right) 1+4 \times 6$ OR $65=\frac{5}{2}\left(1+u_{5}\right)$\\
$=25$\\",Calculator Not Allowed,,,,,,,,,IBDP,,,,,,,,TRUE,2025,
,TRUE,4,6,2023,Nov,Paper 1,TZ2,"In the following triangle $\mathrm{ABC}, \mathrm{AB}=\sqrt{6} \mathrm{~cm}, \mathrm{AC}=10 \mathrm{~cm}$ and $\cos \mathrm{BA} \mathrm{C}=\frac{1}{5}$.\\
diagram not to scale

\begin{center}
\includegraphics[width=0.4\textwidth]{2024_09_19_ca73462454b896d61b32g-07}
\end{center}

Find the area of triangle ABC .\\",Trigonometry,3. Geometry and Trigonometry,HL,"METHOD 1
EITHER\\
attempt to use Pythagoras' theorem in a right-angled triangle.\\
$\left(\sqrt{5^{2}-1^{2}}=\right) \sqrt{24}$

\section*{OR}
attempt to use the Pythagorean identity $\cos ^{2} \alpha+\sin ^{2} \alpha=1$\\
$\sin ^{2} \mathrm{~B} \hat{\mathrm{~A}} \mathrm{C}=1-\left(\frac{1}{5}\right)^{2}$

\section*{THEN}
$\sin B \hat{A A C}=\frac{\sqrt{24}}{5}$ (may be seen in area formula)\\
attempt to use 'Area $=\frac{1}{2} a b \sin C^{\prime}$ (must include their calculated value of $\sin B \hat{A} C$ )\\
$=\frac{1}{2} \times 10 \times \sqrt{6} \times \frac{\sqrt{24}}{5}$\\
(A1)\\
$=12\left(\mathrm{~cm}^{2}\right)$

Question 4 continued

\section*{METHOD 2}
attempt to find perpendicular height of triangle BAC

\section*{EITHER}
height $=\sqrt{6} \times \sin B \hat{A} C$\\
attempt to use the Pythagorean identity $\cos ^{2} \alpha+\sin ^{2} \alpha=1$\\
height $=\sqrt{6} \times \sqrt{1-\left(\frac{1}{5}\right)^{2}}$\\
$=\sqrt{6} \times \frac{\sqrt{24}}{5}\left(=\frac{12}{5}\right)$

OR\\
adjacent $=\frac{\sqrt{6}}{5}$\\
attempt to use Pythagoras' theorem in a right-angled triangle.\\
height $=\sqrt{6-\frac{6}{25}}\left(=\frac{12}{5}\right) \quad$ (may be seen in area formula)

\section*{THEN}
attempt to use 'Area $=\frac{1}{2}$ base $\times$ height' (must include their calculated value for height)\\
$=\frac{1}{2} \times 10 \times \frac{12}{5}$\\
$=12\left(\mathrm{~cm}^{2}\right)$\\",Calculator Not Allowed,,,,,,,,,IBDP,,,,,,,,TRUE,2025,
,TRUE,5,6,2023,Nov,Paper 1,TZ2,"The binomial expansion of $(1+k x)^{n}$ is given by $1+12 x+28 k^{2} x^{2}+\ldots+k^{n} x^{n}$ where $n \in \mathbb{Z}^{+}$ and $k \in \mathbb{Q}$.

Find the value of $n$ and the value of $k$.\\",Binomial Theorem,1. Numbers and Algebra,HL,"attempt to apply binomial expansion\\
$(1+k x)^{n}=1+{ }^{n} C_{1} k x+{ }^{n} C_{2} k^{2} x^{2}+\ldots$ OR ${ }^{n} C_{1} k=12$ OR ${ }^{n} C_{2}=28$\\
$n k=12$\\
$\frac{n(n-1)}{2}=28$ OR $\frac{n!}{(n-2)!2!}=28$\\
$n^{2}-n-56=0$ OR $n(n-1)=56$\\
valid attempt to solve\\
$(n-8)(n+7)=0$ OR $8(8-1)=56$ OR finding correct value in Pascal's triangle\\
$\Rightarrow n=8$\\
$\Rightarrow k=\frac{3}{2}$\\
Note: If candidate finds $n=8$ with no working shown, award M1A0A0M1A1A0.\\
If candidate finds $n=8$ and $k=\frac{3}{2}$ with no working shown, award M1AOAOM1A1A1.\\",Calculator Not Allowed,,,,,,,,,IBDP,,,,,,,,TRUE,2025,
,TRUE,6,7,2023,Nov,Paper 1,TZ2,Prove by mathematical induction that $5^{2 n}-2^{3 n}$ is divisible by 17 for all $n \in \mathbb{Z}^{+}$. \\,Mathematical Induction,1. Numbers and Algebra,HL,"base case $n=1: 5^{2}-2^{3}=25-8=17$ so true for $n=1$

Note: The assumption of truth must be clear. Do not award the M1 for statements such\\
as ""let $n=k$ "" or "" $n=k$ is true"". Subsequent marks can still be awarded.

\section*{EITHER}
consider $n=k+1$ :\\
$5^{2(k+1)}-2^{3(k+1)}$\\
$=\left(5^{2}\right) 5^{2 k}-\left(2^{3}\right) 2^{3 k}$\\
$=(25) 5^{2 k}-(8) 2^{3 k}$\\
$=(17) 5^{2 k}+(8) 5^{2 k}-(8) 2^{3 k}$ OR $(25) 5^{2 k}-(25) 2^{3 k}+(17) 2^{3 k}$\\
$=(17) 5^{2 k}+8\left(5^{2 k}-2^{3 k}\right) \quad$ OR $25\left(5^{2 k}-2^{3 k}\right)+(17) 2^{3 k}$\\
$=(17) 5^{2 k}+8(17 s) \quad$ OR $25(17 s)+(17) 2^{3 k}$\\
$=17\left(5^{2 k}+8 s\right) \quad$ OR $17\left(25 s+2^{3 k}\right)$ which is divisible by 17

\section*{OR}
$\left(5^{2 k}-2^{3 k}\right) \times 5^{2}=5^{2 k+2}-25 \times 2^{3 k}=17 s \times 25$\\
$=5^{2 k+2}-8 \times 2^{3 k}-17 \times 2^{3 k}=17 s \times 25$\\
$=5^{2 k+2}-2^{3 k+3}-17 \times 2^{3 k}=17 s \times 25$\\
$=5^{2(k+1)}-2^{3(k+1)}-17 \times 2^{3 k}=17 s \times 25$\\
$=5^{2(k+1)}-2^{3(k+1)}=17 s \times 25+17 \times 2^{3 k}$\\
hence for $n=k+1: 5^{2(k+1)}-2^{3(k+1)}=17\left(25 s+2^{3 k}\right)$ is divisible by 17

\section*{THEN}
since true for $n=1$, and true for $n=k$ implies true for $n=k+1$,\\
therefore true for all $n \in \mathbb{Z}^{+}$

Note: Only award R1 if 4 of the previous 6 marks have been awarded\\
Note: $5^{2 k}$ and $2^{3 k}$ may be replaced by $25^{k}$ and $8^{k}$ throughout.",Calculator Not Allowed,,,,,,,,,IBDP,,,,,,,,TRUE,2025,
,TRUE,7,5,2023,Nov,Paper 1,TZ2,"It is given that $z=5+q \mathrm{i}$ satisfies the equation $z^{2}+\mathrm{i} z=-p+25 \mathrm{i}$, where $p, q \in \mathbb{R}$.\\
Find the value of $p$ and the value of $q$. \\",Complex Numbers,1. Numbers and Algebra,HL,"\section*{7. METHOD 1}
attempt to substitute solution into given equation\\
$(5+q \mathrm{i})^{2}+\mathrm{i}(5+q \mathrm{i})=-p+25 \mathrm{i}$\\
$25-q^{2}+10 q \mathrm{i}-q+5 \mathrm{i}+p-25 \mathrm{i}=0$ OR $25-q^{2}+10 q \mathrm{i}-q+5 \mathrm{i}=-p+25 \mathrm{i}$\\
$25-q^{2}+p-q+(10 q-20) \mathrm{i}=0$\\
attempt to equate real or imaginary parts:\\
$10 q-20=0$ OR $25-q^{2}+p-q=0$\\
$q=2, p=-19$

\section*{METHOD 2}
$z^{2}+\mathrm{i} z+p-25 \mathrm{i}=0$\\
sum of roots $=-\mathrm{i}$, product of roots $=p-25 \mathrm{i}$\\
one root is $(5+q i)$ so other root is $(-5-q i-\mathrm{i})$\\
$\operatorname{product}(5+q \mathrm{i})(-5-q \mathrm{i}-\mathrm{i})=-25-5 q \mathrm{i}-5 \mathrm{i}-5 q \mathrm{i}+q^{2}+q=p-25 \mathrm{i}$\\
equating real and imaginary parts for product of roots\\
Im: $-25=-10 q-5 \operatorname{Re}: p=-25+q^{2}+q$\\
$q=2, p=-19$\\",Calculator Not Allowed,,,,,,,,,IBDP,,,,,,,,TRUE,2025,
,TRUE,8,9,2023,Nov,Paper 1,TZ2,"(a) Find $\int x(\ln x)^{2} \mathrm{~d} x$.\\
(b) Hence, show that $\int_{1}^{4} x(\ln x)^{2} \mathrm{~d} x=32(\ln 2)^{2}-16 \ln 2+\frac{15}{4}$.",Integral Calculus,5. Calculus,HL,"(a) METHOD 1\\
attempt to integrate by parts\\
$u=(\ln x)^{2}, \mathrm{~d} v=x \mathrm{~d} x$\\
$\int x(\ln x)^{2} \mathrm{~d} x=\frac{x^{2}(\ln x)^{2}}{2}-\int x \ln x \mathrm{~d} x$\\
attempt to integrate $x \ln x$ by parts, with $u=\ln x$\\
$\int x \ln x \mathrm{~d} x=\left[\frac{x^{2} \ln x}{2}-\int \frac{x}{2} \mathrm{~d} x\right]$\\
$\int x(\ln x)^{2} \mathrm{~d} x=\frac{x^{2}(\ln x)^{2}}{2}-\left[\frac{x^{2} \ln x}{2}-\int \frac{x}{2} \mathrm{~d} x\right]$\\
$=\frac{x^{2}(\ln x)^{2}}{2}-\frac{x^{2} \ln x}{2}+\frac{x^{2}}{4}(+c)$

METHOD 2 ( knowing $\int \ln x \mathrm{~d} x=x \ln x-x$ )\\
attempt to integrate by parts\\
$u=x \ln x, \mathrm{~d} v=\ln x \mathrm{~d} x$\\
$\int x \ln x(\ln x) \mathrm{d} x=x \ln x(x \ln x-x)-\int(\ln x+1)(x \ln x-x) \mathrm{d} x$\\
$=x \ln x(x \ln x-x)-\int x(\ln x)^{2} \mathrm{~d} x+\int x \mathrm{~d} x$\\
$2 I=x \ln x(x \ln x-x)+\frac{x^{2}}{2}+c$\\
$I=\frac{x^{2}(\ln x)^{2}}{2}-\frac{x^{2} \ln x}{2}+\frac{x^{2}}{4}(+c)$

Question 8 continued

METHOD 3 (knowing $\int x \ln x \mathrm{~d} x$ )\\
$\int x \ln x \mathrm{~d} x=\frac{x^{2}(\ln x)}{2}-\frac{x^{2}}{4}$\\
attempt to integrate by parts\\
$u=\ln x, \mathrm{~d} v=x \ln x \mathrm{~d} x$\\
$\int(x \ln x) \ln x \mathrm{~d} x=\ln x\left(\frac{x^{2}(\ln x)}{2}-\frac{x^{2}}{4}\right)-\int \frac{1}{x}\left(\frac{x^{2}(\ln x)}{2}-\frac{x^{2}}{4}\right) \mathrm{d} x$\\
$=\ln x\left(\frac{x^{2}(\ln x)}{2}-\frac{x^{2}}{4}\right)-\int\left(\frac{x(\ln x)}{2}-\frac{x}{4}\right) \mathrm{d} x$\\
$=\ln x\left(\frac{x^{2}(\ln x)}{2}-\frac{x^{2}}{4}\right)-\frac{x^{2} \ln x}{4}+\frac{x^{2}}{8}+\frac{x^{2}}{8}$\\
$=\frac{x^{2}(\ln x)^{2}}{2}-\frac{x^{2} \ln x}{2}+\frac{x^{2}}{4}(+c)$\\
(b) attempt to substitute limits into their integrated expression\\
$\left[\frac{x^{2}(\ln x)^{2}}{2}-\frac{x^{2} \ln x}{2}+\frac{x^{2}}{4}\right]_{1}^{4}=\left(8(\ln 4)^{2}-8 \ln 4+4\right)-\left(\frac{1}{4}\right)$\\
attempt to replace any $\ln 4$ term with $2 \ln 2$

$$
\begin{aligned}
& =8(2 \ln 2)^{2}-8(2 \ln 2)+4-\frac{1}{4} \\
& =32(\ln 2)^{2}-16 \ln 2+\frac{15}{4}
\end{aligned}
$$",Calculator Not Allowed,,,,,,,,,IBDP,,,,,,,,TRUE,2025,
,TRUE,9,8,2023,Nov,Paper 1,TZ2,"Consider the function $f(x)=\frac{\sin ^{2}(k x)}{x^{2}}$, where $x \neq 0$ and $k \in \mathbb{R}^{+}$.\\
(a) Show that $f$ is an even function.\\
(b) Given that $\lim _{x \rightarrow 0} f(x)=16$, find the value of $k$. ","Properties of Functions
Limits
Maclaurin Series","2. Functions
5. Calculus",HL,"(a) $f(-x)=\frac{\sin ^{2}(-k x)}{(-x)^{2}}$\\
$=\frac{(-\sin (k x))^{2}}{(-x)^{2}}$\\
A1\\
$=\frac{\sin ^{2}(k x)}{x^{2}}(=f(x))$\\
hence $f(x)$ is even AG\\


\section*{Question 9 continued}
\section*{(b) METHOD 1}
Noting that $\lim _{x \rightarrow 0}(f(x))=\frac{0}{0}$\\
attempt to differentiate numerator and denominator:\\
$\lim _{x \rightarrow 0}(f(x))=\lim _{x \rightarrow 0}\left(\frac{2 k \sin k x \cos k x}{2 x}\right)\left(=\lim _{x \rightarrow 0}\left(\frac{k \sin 2 k x}{2 x}\right)\right)$\\
(evaluates to $\frac{0}{0}$ ) and attempts to differentiate a second time:\\
$=\lim _{x \rightarrow 0}\left(\frac{2 k^{2}\left(\cos ^{2} k x-\sin ^{2} k x\right)}{2}\right)\left(=\lim _{x \rightarrow 0}\left(\frac{2 k^{2} \cos 2 k x}{2}\right)\right)=k^{2}$\\
$\left(k^{2}=16 \Rightarrow\right) k=4$\\
Note: Award relevant marks, even if ' $\lim _{x \rightarrow 0}$ ' is not explicitly seen. \section*{METHOD 2}
attempt to express $\sin (k x)$ as a Maclaurin series

$$
\begin{aligned}
& \sin (k x)=k x(+\ldots) \\
& \sin ^{2}(k x)=k^{2} x^{2}(+\ldots)
\end{aligned}
$$A1$\lim _{x \rightarrow 0}\left(\frac{\sin ^{2}(k x)}{x^{2}}\right)=\lim _{x \rightarrow 0}\left(\frac{k^{2} x^{2}(+\ldots)}{x^{2}}\right)$$=\lim _{x \rightarrow 0}\left(k^{2}+\right.$ terms in $\left.x\right)$R1

Note: This R1 is awarded independently of any other marks.

$$
=k^{2}
$$A1

$\left(k^{2}=16 \Rightarrow\right) k=4$ ..... A1\\
Note: Award relevant marks, even if ' $\lim _{x \rightarrow 0}$ ' is not explicitly seen.

Question 9 continued

\section*{METHOD 3}
splitting function into $\left(\frac{\sin k x}{x}\right)\left(\frac{\sin k x}{x}\right)$ and using limit of product $=$ product of limits\\
$\lim _{x \rightarrow 0}\left(\frac{\sin ^{2}(k x)}{x^{2}}\right)=\lim _{x \rightarrow 0}\left(\frac{\sin k x}{x}\right) \times \lim _{x \rightarrow 0}\left(\frac{\sin k x}{x}\right)$

\section*{EITHER}
using L' Hôpitals rule\\
$\lim _{x \rightarrow 0}\left(\frac{\sin k x}{x}\right)=\lim _{x \rightarrow 0}\left(\frac{k \cos k x}{1}\right)=k$

OR\\
using Maclaurin expansion for $\sin k x$\\
$\sin (k x)=k x(+\ldots)$\\
$\lim _{x \rightarrow 0}\left(\frac{\sin k x}{x}\right)=\lim _{x \rightarrow 0}\left(\frac{k x+\ldots}{x}\right)=\lim _{x \rightarrow 0}(k+$ terms in $x)=k$

\section*{THEN}
hence $\lim _{x \rightarrow 0}\left(\frac{\sin ^{2}(k x)}{x^{2}}\right)=k \times k=k^{2}$\\
$k^{2}=16 \Rightarrow k=4(k>0)$\\
Note: Award relevant marks, even if ' $\lim _{x \rightarrow 0}$ ' is not explicitly seen.",Calculator Not Allowed,,,,,,,,,IBDP,,,,,,,,TRUE,2025,
,TRUE,10,15,2023,Nov,Paper 1,TZ2,"The functions $f$ and $g$ are defined by\\
$f(x)=\ln (2 x-9)$, where $x>\frac{9}{2}$\\
$g(x)=2 \ln x-\ln d$, where $x>0, d \in \mathbb{R}^{+}$.\\
(a) State the equation of the vertical asymptote to the graph of $y=g(x)$.

The graphs of $y=f(x)$ and $y=g(x)$ intersect at two distinct points.\\
(b) (i) Show that, at the points of intersection, $x^{2}-2 d x+9 d=0$.\\
(ii) Hence show that $d^{2}-9 d>0$.\\
(iii) Find the range of possible values of $d$.\\

The following diagram shows part of the graphs of $y=f(x)$ and $y=g(x)$.

\begin{center}
\includegraphics[width=0.4\textwidth]{2024_09_19_ca73462454b896d61b32g-14}
\end{center}

The graphs intersect at $x=p$ and $x=q$, where $p<q$.\\
(c) In the case where $d=10$, find the value of $q-p$. Express your answer in the form $a \sqrt{b}$, where $a, b \in \mathbb{Z}^{+}$.","Exponents and Logs
Quadratics
Modulus & Inequalities","1. Numbers and Algebra
2. Functions",HL,"(a) $x=0$\\
(b) (i) setting $\ln (2 x-9)=2 \ln x-\ln d$\\
attempt to use power rule\\
$2 \ln x=\ln x^{2}$ (seen anywhere)\\
attempt to use product/quotient rule for logs\\
$\ln (2 x-9)=\ln \frac{x^{2}}{d}$ OR $\ln \frac{x^{2}}{2 x-9}=\ln d$ OR $\ln (2 x-9) d=\ln x^{2}$\\
$\frac{x^{2}}{d}=2 x-9 \mathrm{OR} \frac{x^{2}}{2 x-9}=d \mathrm{OR}(2 x-9) d=x^{2}$\\
$x^{2}-2 d x+9 d=0$\\
(ii) discriminant $=(-2 d)^{2}-4 \times 1 \times 9 d$\\
recognizing discriminant $>0$\\
$(-2 d)^{2}-4 \times 1 \times 9 d>0$ OR $(2 d)^{2}-4 \times 9 d>0$ OR $4 d^{2}-36 d>0$\\
$d^{2}-9 d>0$\\
(iii) setting $d(d-9)>0$ OR $d(d-9)=0$ OR sketch graph


OR sign test OR $d^{2}>9 d$\\
$d<0$ or $d>9$, but $d \in \mathbb{R}^{+}$\\
$d>9$ (or $] 9, \infty[$ )

Question 10 continued\\
(c) $x^{2}-20 x+90(=0) \quad$ A1\\
attempting to solve their 3 term quadratic equation


\begin{align*}
& \left((x-10)^{2}-10=0\right) \text { or }\left((x=) \frac{20 \pm \sqrt{(-20)^{2}-4 \times 1 \times 90}}{2}\right) \\
& x=10-\sqrt{10}(=p) \text { or } x=10+\sqrt{10}(=q) \tag{A1}
\end{align*}


subtracting their values of $x$\\
distance $=2 \sqrt{10}$

$$
(a=2, b=10)
$$

Note: Accept $1 \sqrt{40}$ OR $\sqrt{40}$.\\",Calculator Not Allowed,,,,,,,,,IBDP,,,,,,,,TRUE,2025,
,TRUE,11,21,2023,Nov,Paper 1,TZ2,"Consider the function $f(x)=\mathrm{e}^{\cos 2 x}$, where $-\frac{\pi}{4} \leq x \leq \frac{5 \pi}{4}$.\\
(a) Find the coordinates of the points on the curve $y=f(x)$ where the gradient is zero.\\
(b) Using the second derivative at each point found in part (a), show that the curve $y=f(x)$ has two local maximum points and one local minimum point.\\
(c) Sketch the curve of $y=f(x)$ for $0 \leq x \leq \pi$, taking into consideration the relative values of the second derivative found in part (b).\\
(d) (i) Find the Maclaurin series for $\cos 2 x$, up to and including the term in $x^{4}$.\\
(ii) Hence, find the Maclaurin series for $\mathrm{e}^{\cos 2 x-1}$, up to and including the term in $x^{4}$.\\
(iii) Hence, write down the Maclaurin series for $f(x)$, up to and including the term in $x^{4}$.\\
(e) Use the first two non-zero terms in the Maclaurin series for $f(x)$ to show that

$$
\int_{0}^{1 / 10} \mathrm{e}^{\cos 2 x} \mathrm{~d} x \approx \frac{149 \mathrm{e}}{1500}
$$","Exponents and Logs
Trigonometric Functions
Maclaurin Series","1. Numbers and Algebra
3. Geometry and Trigonometry
5. Calculus",HL,"(a) attempt to use chain rule to find $f^{\prime}(x)$

$$
\begin{aligned}
& f^{\prime}(x)=(-2 \sin 2 x) \mathrm{e}^{\cos 2 x}(=0) \\
& \Rightarrow \sin 2 x=0 \\
& 2 x=0, \pi, 2 \pi, \ldots \\
& x=0, \frac{\pi}{2}, \pi, \ldots
\end{aligned}
$$

Coordinates are $(0, \mathrm{e}),\left(\frac{\pi}{2}, \frac{1}{\mathrm{e}}\right),(\pi, \mathrm{e})$\\
Note: Special case: For two correct coordinate pairs award (M1)A1(M1)A0A1.\\
For extra coordinate pairs award (M1)A1(M1)A1A0.\\
(b) attempt to differentiate $f^{\prime}(x)$ using product rule

$$
f^{\prime \prime}(x)=(-2 \sin 2 x)(-2 \sin 2 x) \mathrm{e}^{\cos 2 x}-(4 \cos 2 x) \mathrm{e}^{\cos 2 x}
$$

at $x=0, f^{\prime \prime}(x)=-4 \mathrm{e}<0$ so maximum AND\\
at $x=\pi, f^{\prime \prime}(x)=-4 \mathrm{e}<0$ so maximum\\
at $x=\frac{\pi}{2}, f^{\prime \prime}(x)=\frac{4}{\mathrm{e}}>0$ so minimum\\
Note: The values for the second derivative must be correct in order to award the $\boldsymbol{R}$ marks.

Question 11 continued\\
(c)\\
\includegraphics[width=0.4\textwidth]{2024_10_08_644f771c587f485f62a9g-22}

Note: Award $\boldsymbol{A 1}$ for general shape, $\boldsymbol{A 1}$ for correct maxima $(0, \mathrm{e}),(\pi, \mathrm{e})$ and minimum point $\left(\frac{\pi}{2}, \frac{1}{\mathrm{e}}\right)$ and $\boldsymbol{A 1}$ for showing a higher rate of change of gradient at maxima and a lower rate of change of gradient at the minimum point.

Question 11 continued\\
(d) (i) $\cos 2 x=1-\frac{(2 x)^{2}}{2!}+\frac{(2 x)^{4}}{4!}+\cdots$


\begin{equation*}
\cos 2 x=1-2 x^{2}+\frac{2 x^{4}}{3} \cdots \tag{M1}
\end{equation*}


\section*{(ii) METHOD 1}
$\mathrm{e}^{x}=1+x+\frac{x^{2}}{2}+\frac{x^{3}}{6}+\frac{x^{4}}{24}+\ldots$\\
attempt to substitute series for $\cos 2 x-1$ into series for $\mathrm{e}^{x}$\\
Note: Award (MO) for substituting the Maclaurin series for $\cos 2 x$ into the Maclaurin series for $\mathrm{e}^{x}$.

$$
\begin{aligned}
& \mathrm{e}^{\cos 2 x-1}=1+\left(-2 x^{2}+\frac{2 x^{4}}{3}\right)+\frac{\left(-2 x^{2}+\frac{2 x^{4}}{3}\right)^{2}}{2}+\ldots \\
& \left(=1-2 x^{2}+\frac{2 x^{4}}{3}+2 x^{4}+\ldots\right) \\
& =1-2 x^{2}+\frac{8 x^{4}}{3}+\ldots
\end{aligned}
$$

\section*{METHOD 2}
$\mathrm{e}^{\cos 2 x-1}=\mathrm{e}^{-2 x^{2}+\frac{2 x^{4}}{3}}=\mathrm{e}^{-2 x^{2}} \mathrm{e}^{\frac{2 x^{4}}{3}}$\\
attempt to find the Maclaurin series for $\mathrm{e}^{-2 x^{2}}$ OR $\mathrm{e}^{\frac{2 x^{4}}{3}}$\\
$\mathrm{e}^{-2 x^{2}}=1-2 x^{2}+2 x^{4}+\ldots ; \mathrm{e}^{\frac{2 x^{4}}{3}}=1+\frac{2}{3} x^{4}+\ldots$\\
$\mathrm{e}^{-2 x^{2}} \mathrm{e}^{\frac{2}{x^{4}}}=\left(1-2 x^{2}+2 x^{4}+\ldots\right)\left(1+\frac{2}{3} x^{4}+\ldots\right)$\\
$=1-2 x^{2}+\frac{8 x^{4}}{3}+\ldots$

Question 11 continued\\
(iii) $\quad(f(x) \approx) \mathrm{e}\left[1-2 x^{2}+\frac{8 x^{4}}{3}+\ldots\right]\left(=\mathrm{e}-2 \mathrm{e} x^{2}+\frac{8 \mathrm{e} x^{4}}{3}+\ldots\right)$\\
(e) $\int_{0}^{\frac{1}{10}} \mathrm{e}^{\cos 2 x} \mathrm{~d} x \approx \mathrm{e} \int_{0}^{\frac{1}{10}}\left(1-2 x^{2}\right) \mathrm{d} x$\\
$=\mathrm{e}\left[x-\frac{2 x^{3}}{3}\right]_{0}^{1 / 10}$\\
$=\mathrm{e}\left(\frac{1}{10}-\frac{2}{3000}\right)$\\
$=\frac{298 \mathrm{e}}{3000}$\\
$=\frac{149 \mathrm{e}}{1500}$

Note: If candidate follows through an incorrect expansion from part (d), award a maximum of M1A1FTA0\\",Calculator Not Allowed,,,,,,,,,IBDP,,,,,,,,TRUE,2025,
,TRUE,12,17,2023,Nov,Paper 1,TZ2,"(a) Find the binomial expansion of $(\cos \theta+\mathrm{i} \sin \theta)^{5}$. Give your answer in the form $a+b \mathrm{i}$ where $a$ and $b$ are expressed in terms of $\sin \theta$ and $\cos \theta$.\\
(b) By using De Moivre's theorem and your answer to part (a), show that $\sin 5 \theta \equiv 16 \sin ^{5} \theta-20 \sin ^{3} \theta+5 \sin \theta$.\\
(c) (i) Hence, show that $\theta=\frac{\pi}{5}$ and $\theta=\frac{3 \pi}{5}$ are solutions of the equation $16 \sin ^{4} \theta-20 \sin ^{2} \theta+5=0$.\\
(ii) Hence, show that $\sin \frac{\pi}{5} \sin \frac{3 \pi}{5}=\frac{\sqrt{5}}{4}$.","Complex Numbers
Trigonometric Functions","1. Numbers and Algebra
3. Geometry and Trigonometry",HL,"(a) attempt to expand using binomial theorem:

Note: Award (M1) for seeing at least one term with a product of a binomial coefficient, power of isin $\theta$ and a power of $\cos \theta$.

$$
\begin{aligned}
& (\cos \theta+\mathrm{i} \sin \theta)^{5}=\cos ^{5} \theta+{ }^{5} C_{1} \mathrm{i} \cos ^{4} \theta \sin \theta+{ }^{5} C_{2} \mathrm{i}^{2} \cos ^{3} \theta \sin ^{2} \theta \\
& +{ }^{5} C_{3} \mathrm{i}^{3} \cos ^{2} \theta \sin ^{3} \theta+{ }^{5} C_{4}{ }^{4} \cos \theta \sin ^{4} \theta+\mathrm{i}^{5} \sin ^{5} \theta \\
& =\left(\cos ^{5} \theta-10 \cos ^{3} \theta \sin ^{2} \theta+5 \cos \theta \sin ^{4} \theta\right)+\mathrm{i}\left(5 \cos ^{4} \theta \sin \theta-10 \cos ^{2} \theta \sin ^{3} \theta+\sin ^{5} \theta\right)
\end{aligned}
$$

Note: Award $\boldsymbol{A} \mathbf{1}$ for correct real part and $\boldsymbol{A 1}$ for correct imaginary part.\\
(b) $(\cos \theta+\mathrm{i} \sin \theta)^{5}=\cos 5 \theta+\mathrm{i} \sin 5 \theta$\\
equate imaginary parts:\\
$\sin 5 \theta=5 \cos ^{4} \theta \sin \theta-10 \cos ^{2} \theta \sin ^{3} \theta+\sin ^{5} \theta$ A1\\
substitute $\cos ^{2} \theta=1-\sin ^{2} \theta$\\
$\sin 5 \theta=5\left(1-\sin ^{2} \theta\right)^{2} \sin \theta-10 \sin ^{3} \theta\left(1-\sin ^{2} \theta\right)+\sin ^{5} \theta$\\
$\sin 5 \theta=5\left(1-2 \sin ^{2} \theta+\sin ^{4} \theta\right) \sin \theta-10 \sin ^{3} \theta\left(1-\sin ^{2} \theta\right)+\sin ^{5} \theta$\\
$=16 \sin ^{5} \theta-20 \sin ^{3} \theta+5 \sin \theta$\\
Note: Some of this working may be seen in part (a). Allow for awarding marks in part (b).

Question 12 continued\\
(c) (i) factorising $16 \sin ^{5} \theta-20 \sin ^{3} \theta+5 \sin \theta$\\
$(\sin 5 \theta=) \sin \theta\left(16 \sin ^{4} \theta-20 \sin ^{2} \theta+5\right)$

\section*{EITHER}
$\sin 5\left(\frac{\pi}{5}\right)=0$ and $\sin 5\left(\frac{3 \pi}{5}\right)=0$\\
Note: The R1 is independent of the M1.

\section*{OR}
solving $\sin 5 \theta=0$

$$
\theta=\frac{k \pi}{5} \text { where } k \in \mathbb{Z}
$$

Note: The R1 is independent of the M1.

\section*{THEN}
therefore either $\sin \theta=0$ OR $16 \sin ^{4} \theta-20 \sin ^{2} \theta+5=0$\\
$\sin \frac{\pi}{5} \neq 0$ and $\sin \frac{3 \pi}{5} \neq 0$ (or only solution to $\sin \theta=0$ is $\theta=0$ )\\
therefore $\frac{\pi}{5}, \frac{3 \pi}{5}$ are solutions of $16 \sin ^{4} \theta-20 \sin ^{2} \theta+5=0$\\
Note: The final $\boldsymbol{R} \mathbf{1}$ is dependent on both previous marks.

Question 12 continued\\
(ii) METHOD 1\\
attempt to use quadratic formula:\\
$\sin ^{2} \theta=\frac{20 \pm \sqrt{80}}{32}$\\
$=\frac{5 \pm \sqrt{5}}{8}$\\
$\sin \theta=\sqrt{\frac{5 \pm \sqrt{5}}{8}}$\\
$\Rightarrow \sin \frac{\pi}{5} \sin \frac{3 \pi}{5}=\sqrt{\frac{5+\sqrt{5}}{8}} \sqrt{\frac{5-\sqrt{5}}{8}}$\\
$=\sqrt{\frac{20}{64}}$\\
$=\frac{\sqrt{5}}{4}$

\section*{METHOD 2}
roots of quartic are $\sin \frac{\pi}{5}, \sin \frac{2 \pi}{5}, \sin \frac{3 \pi}{5}, \sin \frac{4 \pi}{5}$\\
attempt to set product of roots equal to $\pm \frac{5}{16}$\\
$\sin \frac{\pi}{5} \sin \frac{2 \pi}{5} \sin \frac{3 \pi}{5} \sin \frac{4 \pi}{5}=\frac{5}{16}$\\
recognition that $\sin \frac{\pi}{5}=\sin \frac{4 \pi}{5}$ and $\sin \frac{2 \pi}{5}=\sin \frac{3 \pi}{5}$\\
$\sin ^{2} \frac{\pi}{5} \sin ^{2} \frac{3 \pi}{5}=\frac{5}{16}$\\
$\sin \frac{\pi}{5} \sin \frac{3 \pi}{5}=\frac{\sqrt{5}}{4}$

Question 12 continued

\section*{METHOD 3}
Consider $16 \sin ^{4} \theta-20 \sin ^{2} \theta+5=0$ as a quadratic in $\sin ^{2} \theta \quad$ M1 ( $\theta=\frac{\pi}{5}, \frac{3 \pi}{5}$ are roots), so $\sin ^{2} \frac{\pi}{5}$ and $\sin ^{2} \frac{3 \pi}{5}$ are roots of the quadratic. A1\\
Consider product of roots: M1

$$
\begin{aligned}
& \Rightarrow \sin ^{2} \frac{\pi}{5} \sin ^{2} \frac{3 \pi}{5}=\frac{5}{16} \\
& \sin \frac{\pi}{5} \sin \frac{3 \pi}{5}=\frac{\sqrt{5}}{4}
\end{aligned}
$$A1$A G$",Calculator Not Allowed,,,,,,,,,IBDP,,,,,,,,TRUE,2025,
,TRUE,1,5,2021,May,Paper 1,TZ1,"The graph of $y=f(x)$ for $-4 \leq x \leq 6$ is shown in the following diagram.
\begin{center}
\includegraphics[scale=0.1,height=8cm]{SV_IBDP_FST_AA HL_May 2021 _Paper 1_TZ1_1.png}
\end{center}
\begin{parts}
\part[2] Write down the value of
\begin{enumerate}[label=(\roman*)]
\item $f(2)$;
\item $(f \circ f)(2)$.
\end{enumerate}
\part[3] Let $g(x)=\cfrac{1}{2} f(x)+1$ for $-4 \leq x \leq 6$. On the axes above, sketch the graph of $g$.
\end{parts}","Transformations of Functions
Properties of Functions",2. Functions,HL,"(a) (i) $f(2)=6 \quad \boldsymbol{A 1}$\\
(ii) $(f \circ f)(2)=-2 \quad \boldsymbol{A 1}$\\

(b)\\
\includegraphics[width=0.4\textwidth]{2024_10_08_e4433ae8a59dd71bb765g-08}

M1A1A1\\
Note: Award $\boldsymbol{M} \mathbf{1}$ for an attempt to apply any vertical stretch or vertical translation, A1 for a correct horizontal line segment between -4 and 0 (located roughly at $y=3$ ),\\
A1 for a correct concave down parabola including max point at $(2,4)$ and for correct end points at $(0,3)$ and $(6,0)$ (within circles). Points do not need to be labelled.",Calculator Not Allowed,,,,,,,,,IBDP,,,,,,,,TRUE,2025,
,TRUE,2,5,2021,May,Paper 1,TZ1,"Consider an arithmetic sequence where $u_8=S_8=8$. Find the value of the first term, $u_1$, and the value of the common difference, $d$.",Sequences and Series,1. Numbers and Algebra,HL,"METHOD 1 (finding ${ }_{u_{1}}$ first, from $\mathbf{S}_{8}$ )\\
$4\left(u_{1}+8\right)=8$\\
$u_{1}=-6$\\
$u_{1}+7 d=8$ OR $4\left(2 u_{1}+7 d\right)=8$ (may be seen with their value of $u_{1}$ )

\section*{METHOD 2 (solving simultaneously)}
$u_{1}+7 d=8$\\
$4\left(u_{1}+8\right)=8$ OR $4\left(2 u_{1}+7 d\right)=8$ OR $u_{1}=-3 d$\\",Calculator Not Allowed,,,,,,,,,IBDP,,,,,,,,TRUE,2025,
,TRUE,3,5,2021,May,Paper 1,TZ1,"A research student weighed lizard eggs in grams and recorded the results. The following box and whisker diagram shows a summary of the results where $L$ and $U$ are the lower and upper quartiles respectively.
\begin{center}
\includegraphics[scale=0.1,height=3cm]{SV_IBDP_FST_AA HL_May 2021 _Paper 1_TZ1_2.png}
\end{center}
The interquartile range is 20 grams and there are no outliers in the results.
\begin{parts}
\part[3] Find the minimum possible value of $U$.
\part[2] Hence, find the minimum possible value of $L$.
\end{parts}
}",Statistics,4. Statistics and Probability,HL,"(a) attempt to use definition of outlier\\
$1.5 \times 20+Q_{3}$\\
(M1)\\
$1.5 \times 20+U \geq 75(\Rightarrow U \geq 45$, accept $U>45)$ OR $1.5 \times 20+Q_{3}=75$\\
A1\\
minimum value of $U=45$\\
A1\\
\\
(b) attempt to use interquartile range\\
(M1)\\
$U-L=20$ (may be seen in part (a)) OR $L \geq 25$ (accept $L>25$ )\\
minimum value of $L=25$\\
A1\\",Calculator Not Allowed,,,,,,,,,IBDP,,,,,,,,TRUE,2025,
,TRUE,4,7,2021,May,Paper 1,TZ1,"Consider the functions $f(x)=-(x-h)^2+2 k$ and $g(x)=\mathrm{e}^{x-2}+k$ where $h, k \in \mathbb{R}$.
\begin{parts}
\part[1] Find $f^{\prime}(x)$.
The graphs of $f$ and $g$ have a common tangent at $x=3$.
\part[3] Show that $h=\cfrac{\mathrm{e}+6}{2}$.
\part[3] Hence, show that $k=\mathrm{e}+\cfrac{\mathrm{e}^2}{4}$.
\end{parts}",Differential Calculus,5. Calculus,HL,"(a) $f^{\prime}(x)=-2(x-h)$\\
(b) $g^{\prime}(x)=\mathrm{e}^{x-2}$ OR $g^{\prime}(3)=\mathrm{e}^{3-2} \quad$ (may be seen anywhere)

Note: The derivative of $g$ must be explicitly seen, either in terms of $x$ or 3 .\\
recognizing $f^{\prime}(3)=g^{\prime}(3)$\\
$-2(3-h)=\mathrm{e}^{3-2}(=\mathrm{e})$\\
$-6+2 h=$ e OR $3-h=-\frac{\mathrm{e}}{2}$\\
Note: The final $\boldsymbol{A} \mathbf{1}$ is dependent on one of the previous marks being awarded.\\
$h=\frac{\mathrm{e}+6}{2}$\\
AG\\
(c) $\quad f(3)=g(3)$\\
(M1)\\
$-(3-h)^{2}+2 k=\mathrm{e}^{3-2}+k$\\
correct equation in $k$\\
EITHER\\
$-\left(3-\frac{\mathrm{e}+6}{2}\right)^{2}+2 k=\mathrm{e}^{3-2}+k$\\
$k=\mathrm{e}+\left(\frac{6-\mathrm{e}-6}{2}\right)^{2}\left(=\mathrm{e}+\left(\frac{-\mathrm{e}}{2}\right)^{2}\right)$\\
OR\\
$k=e+\left(3-\frac{e+6}{2}\right)^{2}$\\
A1\\
$k=e+9-3 e-18+\frac{e^{2}+12 e+36}{4}$\\
THEN\\
$k=\mathrm{e}+\frac{\mathrm{e}^{2}}{4}$\\",Calculator Not Allowed,,,,,,,,,IBDP,,,,,,,,TRUE,2025,
,TRUE,5,8,2021,May,Paper 1,TZ1,"\begin{parts}
\part[2] Show that $\sin 2 x+\cos 2 x-1=2 \sin x(\cos x-\sin x)$.
\part[6] Hence or otherwise, solve $\sin 2 x+\cos 2 x-1+\cos x-\sin x=0$ for $0<x<2 \pi$.
\end{parts}",Trigonometric Functions,3. Geometry and Trigonometry,HL,"(a) \section*{METHOD 1 (LHS to RHS)}
attempt to use double angle formula for $\sin 2 x$ or $\cos 2 x$\\
$\mathrm{LHS}=2 \sin x \cos x+\cos 2 x-1$ OR\\
$\sin 2 x+1-2 \sin ^{2} x-1$ OR\\
$2 \sin x \cos x+1-2 \sin ^{2} x-1$\\
$=2 \sin x \cos x-2 \sin ^{2} x$\\
A1\\
$\sin 2 x+\cos 2 x-1=2 \sin x(\cos x-\sin x)=$ RHS\\
AG

\section*{METHOD 2 (RHS to LHS)}
RHS $=2 \sin x \cos x-2 \sin ^{2} x$\\
attempt to use double angle formula for $\sin 2 x$ or $\cos 2 x \quad M 1$\\
$=\sin 2 x+1-2 \sin ^{2} x-1 \quad$ A1\\
$=\sin 2 x+\cos 2 x-1=$ LHS $\quad$ AG\\
(b) attempt to factorise M1\\
$(\cos x-\sin x)(2 \sin x+1)=0 \quad \boldsymbol{A 1}$\\
recognition of $\cos x=\sin x \Rightarrow \frac{\sin x}{\cos x}=\tan x=1$ OR $\sin x=-\frac{1}{2}$\\
(M1)\\
one correct reference angle seen anywhere, accept degrees\\
$\frac{\pi}{4}$ OR $\frac{\pi}{6}\left(\right.$ accept $-\frac{\pi}{6}, \frac{7 \pi}{6}$ )\\
Note: This (M1)(A1) is independent of the previous M1A1.\\
$x=\frac{7 \pi}{6}, \frac{11 \pi}{6}, \frac{\pi}{4}, \frac{5 \pi}{4}$

Note: Award $\boldsymbol{A 1}$ for any two correct (radian) answers.\\
Award $\mathbf{A 1 A 0}$ if additional values given with the four correct (radian) answers. Award $\mathbf{A 1 A 0}$ for four correct answers given in degrees.",Calculator Not Allowed,,,,,,,,,IBDP,,,,,,,,TRUE,2025,
,TRUE,6,4,2021,May,Paper 1,TZ1,"It is given that $\operatorname{cosec} \theta=\cfrac{3}{2}$, where $\cfrac{\pi}{2}<\theta<\cfrac{3 \pi}{2}$. Find the exact value of $\cot \theta$.",Trigonometric Functions,3. Geometry and Trigonometry,HL,"{attempt to use a right angled triangle}
\includegraphics[width=0.4\textwidth]{2024_10_08_e4433ae8a59dd71bb765g-12}\\
correct placement of all three values and $\theta$ seen in the triangle\\
$\cot \theta<0$ (since $\operatorname{cosec} \theta>0$ puts $\theta$ in the second quadrant)\\
$\cot \theta=-\frac{\sqrt{5}}{2}$\\
Note:Award M1A1R0AO for $\cot \theta=\frac{\sqrt{5}}{2}$ seen as the final answer\\
The $\boldsymbol{R} \mathbf{1}$ should be awarded independently for a negative value only given as a final answer.

\section*{METHOD 2}
Attempt to use $1+\cot ^{2} \theta=\operatorname{cosec}^{2} \theta$\\
$1+\cot ^{2} \theta=\frac{9}{4}$\\
$\cot ^{2} \theta=\frac{5}{4}$\\
$\cot \theta= \pm \frac{\sqrt{5}}{2}$\\
$\cot \theta<0$ (since $\operatorname{cosec} \theta>0$ puts $\theta$ in the second quadrant)\\
$\cot \theta=-\frac{\sqrt{5}}{2}$\\
Note:Award M1A1R0AO for $\cot \theta=\frac{\sqrt{5}}{2}$ seen as the final answer\\
The $\boldsymbol{R} \mathbf{1}$ should be awarded independently for a negative value only given as a final answer.

\section*{METHOD 3}
$\sin \theta=\frac{2}{3}$\\
attempt to use $\sin ^{2} \theta+\cos ^{2} \theta=1$\\
$\frac{4}{9}+\cos ^{2} \theta=1$\\
$\cos ^{2} \theta=\frac{5}{9}$\\
$\cos \theta= \pm \frac{\sqrt{5}}{3}$\\
$\cos \theta<0$ (since $\operatorname{cosec} \theta>0$ puts $\theta$ in the second quadrant)\\
$\cos \theta=-\frac{\sqrt{5}}{3}$\\
$\cot \theta=-\frac{\sqrt{5}}{2}$\\
A1\\
Note:Award M1A1ROAO for $\cot \theta=\frac{\sqrt{5}}{2}$ seen as the final answer\\
The $\boldsymbol{R} \mathbf{1}$ should be awarded independently for a negative value only given as a final answer.",Calculator Not Allowed,,,,,,,,,IBDP,,,,,,,,TRUE,2025,
,TRUE,7,8,2021,May,Paper 1,TZ1,"Consider the quartic equation $z^4+4 z^3+8 z^2+80 z+400=0, z \in \mathbb{C}$.
Two of the roots of this equation are $a+b \mathrm{i}$ and $b+a \mathrm{i}$, where $a, b \in \mathbb{Z}$.
Find the possible values of $a$.",Complex Numbers,1. Numbers and Algebra,HL,"other two roots are $a-b \mathrm{i}$ and $b-a \mathrm{i}$\\
sum of roots $=-4$ and product of roots $=400$\\
attempt to set sum of four roots equal to -4 or 4 OR\\
attempt to set product of four roots equal to 400\\
$2 a+2 b=-4(\Rightarrow a+b=-2)$\\
$(a+b \mathrm{i})(a-b \mathrm{i})(b+a \mathrm{i})(b-a \mathrm{i})=400$\\
$\left(a^{2}+b^{2}\right)^{2}=400$\\
$a^{2}+b^{2}=20$\\
attempt to solve simultaneous equations\\
$a=2$ or $a=-4$

\section*{METHOD 2}
other two roots are $a-b \mathrm{i}$ and $b-a \mathrm{i}$\\
$(z-(a+b \mathrm{i}))(\mathrm{z}-(a-b \mathrm{i}))(\mathrm{z}-(b+a \mathrm{i}))(\mathrm{z}-(b-a \mathrm{i}))(=0)$\\
A1\\
$\left((z-a)^{2}+b^{2}\right)\left((z-b)^{2}+a^{2}\right)(=0)$\\
$\left(z^{2}-2 a z+a^{2}+b^{2}\right)\left(z^{2}-2 b z+b^{2}+a^{2}\right)(=0)$\\
A1\\
Attempt to equate coefficient of $z^{3}$ and constant with the given quartic equation\\
$-2 a-2 b=4$ and $\left(a^{2}+b^{2}\right)^{2}=400$ A1\\
attempt to solve simultaneous equations\\",Calculator Not Allowed,,,,,,,,,IBDP,,,,,,,,TRUE,2025,
,TRUE,8,5,2021,May,Paper 1,TZ1,Use l'Hôpital's rule to find $\lim _{x \rightarrow 0}\left(\cfrac{\arctan 2 x}{\tan 3 x}\right)$.,Limits,5. Calculus,HL,"attempt to differentiate numerator and denominator\\
$\lim _{x \rightarrow 0}\left(\frac{\arctan 2 x}{\tan 3 x}\right)$\\
$=\lim _{x \rightarrow 0} \frac{\left(\frac{2}{1+4 x^{2}}\right)}{3 \sec ^{2} 3 x}$\\
Note: $\boldsymbol{A 1}$ for numerator and $\boldsymbol{A 1}$ for denominator. Do not condone absence of limits.\\
attempt to substitute $x=0$\\
(M1)\\
$=\frac{2}{3}$\\
Note: Award a maximum of M1A1A0M1A1 for absence of limits.\\",Calculator Not Allowed,,,,,,,,,IBDP,,,,,,,,TRUE,2025,
,TRUE,9,8,2021,May,Paper 1,TZ1,"A farmer has six sheep pens, arranged in a grid with three rows and two columns as shown in the following diagram.
\begin{center}
\includegraphics[scale=0.1,height=4cm]{SV_IBDP_FST_AA HL_May 2021 _Paper 1_TZ1_3.png}
\end{center}
Five sheep called Amber, Brownie, Curly, Daisy and Eden are to be placed in the pens. Each pen is large enough to hold all of the sheep. Amber and Brownie are known to fight.
Find the number of ways of placing the sheep in the pens in each of the following cases:
\begin{parts}
\part[4] Each pen is large enough to contain five sheep. Amber and Brownie must not be placed in the same pen.
\part[4] Each pen may only contain one sheep. Amber and Brownie must not be placed in pens which share a boundary.
\end{parts}
}",Counting Principles,1. Numbers and Algebra,HL,"(a) METHOD 1\\
$B$ has one less pen to select

\section*{EITHER}
$A$ and $B$ can be placed in $6 \times 5$ ways\\
C, D, E have 6 choices each\\
OR\\
A (or B), C, D, E have 6 choices each\\
$B$ (or A) has only 5 choices\\
THEN\\
$5 \times 6^{4}(=6480)$

\section*{METHOD 2}
total number of ways $=6^{5}$\\
number of ways with Amber and Brownie together $=6^{4}$\\
attempt to subtract (may be seen in words)\\
$6^{5}-6^{4}$\\
$=5 \times 6^{4}(=6480)$\\
(b) METHOD 1\\
total number of ways $=6!(=720)$\\
number of ways with Amber and Brownie sharing a boundary


\begin{equation*}
=2 \times 7 \times 4!(=336) \tag{A1}
\end{equation*}


attempt to subtract (may be seen in words)\\
(M1)\\
$720-336=384$

\section*{METHOD 2}
case 1: number of ways of placing $A$ in corner pen\\
$3 \times 4 \times 3 \times 2 \times 1$\\
Four corners total no of ways is $4 \times(3 \times 4 \times 3 \times 2 \times 1)=12 \times 4$ !(= 288)\\
case 2: number of ways of placing $A$ in the middle pen\\
$2 \times 4 \times 3 \times 2 \times 1$\\
two middle pens so $2 \times(2 \times 4 \times 3 \times 2 \times 1)=4 \times 4!(=96)$\\
attempt to add (may be seen in words)\\
total no of ways $=288+96$\\
$=16 \times 4!(=384)$",Calculator Not Allowed,,,,,,,,,IBDP,,,,,,,,TRUE,2025,
,TRUE,10,16,2021,May,Paper 1,TZ1,"A biased four-sided die, $\mathrm{A}$, is rolled. Let $X$ be the score obtained when die $\mathrm{A}$ is rolled. The probability distribution for $X$ is given in the following table.
\begin{center}
\begin{tabular}{|c|c|c|c|c|}
\hline$x$ & 1 & 2 & 3 & 4 \\
\hline $\mathrm{P}(X=x)$ & $p$ & $p$ & $p$ & $\cfrac{1}{2} p$ \\
\hline
\end{tabular}
\end{center}
\begin{parts}
\part[2] Find the value of $p$.
\part[2] Hence, find the value of $\mathrm{E}(X)$.
A second biased four-sided die, $\mathrm{B}$, is rolled. Let $Y$ be the score obtained when die B is rolled. The probability distribution for $Y$ is given in the following table.
\begin{center}
\begin{tabular}{|c|l|l|l|l|}
\hline$y$ & 1 & 2 & 3 & 4 \\
\hline $\mathrm{P}(Y=y)$ & $q$ & $q$ & $q$ & $r$ \\
\hline
\end{tabular}
\end{center}
\part[3] \begin{enumerate}[label=(\roman*)]
\item State the range of possible values of $r$.
\item Hence, find the range of possible values of $q$.
\end{enumerate}
\part[3] Hence, find the range of possible values for $\mathrm{E}(Y)$.
Agnes and Barbara play a game using these dice. Agnes rolls die A once and Barbara rolls die B once. The probability that Agnes' score is less than Barbara's score is $\cfrac{1}{2}$.
\part[6] Find the value of $\mathrm{E}(Y)$.
\end{parts}",Probability,4. Statistics and Probability,HL,"(a) recognising probabilities sum to 1
$$
\begin{aligned}
& p+p+p+\frac{1}{2} p=1 \\
& p=\frac{2}{7}
\end{aligned}
$$

(b) valid attempt to find $\mathrm{E}(X)$\\
$1 \times p+2 \times p+3 \times p+4 \times \frac{1}{2} p(=8 p)$\\
$\mathrm{E}(X)=\frac{16}{7}$\\
A1\\
\\
(c) (i) $0 \leq r \leq 1$

A1\\
(ii) Attempt to find a value of $q$

$$
\begin{aligned}
& 0 \leq 1-3 q \leq 1 \text { OR } r=0 \Rightarrow q=\frac{1}{3} \text { OR } r=1 \Rightarrow q=0 \\
& 0 \leq q \leq \frac{1}{3}
\end{aligned}
$$

(d) $\mathrm{E}(Y)=1 \times q+2 \times q+3 \times q+4 \times r(=2+2 r$ OR $4-6 q)$\\
$1 \times \frac{1}{3}+2 \times \frac{1}{3}+3 \times \frac{1}{3}+4 \times 0(=2) \mathrm{OR}$\\
$1 \times 0+2 \times 0+3 \times 0+4 \times 1(=4) \mathrm{OR}$\\
$2+2(0)(=2) \mathrm{OR}$\\
$2+2(1)(=4) O R$\\
$4-6(0)(=4)$ OR $4-6\left(\frac{1}{3}\right)(=2)$\\
$2 \leq \mathrm{E}(Y) \leq 4$

Question 10 continued

\section*{(e) METHOD 1}
evidence of choosing at least four correct outcomes from\\
$1 \& 2,1 \& 3,1 \& 4,2 \& 3,2 \& 4,3 \& 4$\\
$\frac{6}{7} q+\frac{6}{7} r$ OR $3 p q+3 p r$ OR $p q+p q+p(1-3 q)+p q+p(1-3 q)+p(1-3 q)$\\
solving for either $q$ or $r$\\
$\frac{6}{7}(q+1-3 q)=\frac{1}{2}$ OR $\frac{6}{7}\left(\frac{1-r}{3}+r\right)=\frac{1}{2}$ OR $3 p q+3 p(1-3 q)=\frac{1}{2}$\\
OR $3 p\left(\frac{1-r}{3}\right)+3 p r=\frac{1}{2}$\\
EITHER two correct values\\
$q=\frac{5}{24}$ and $r=\frac{3}{8}$\\
OR one correct value\\
$q=\frac{5}{24}$ OR $r=\frac{3}{8}$\\
substituting their value for $q$ or $r$\\
$4-6\left(\frac{5}{24}\right)$ OR $2+2\left(\frac{3}{8}\right)$

\section*{THEN}
$\mathrm{E}(Y)=\frac{11}{4}$

Question 10 continued\\
METHOD 2 (solving for $\mathrm{E}(Y)$ )\\
evidence of choosing at least four correct outcomes from\\
$1 \& 2,1 \& 3,1 \& 4,2 \& 3,2 \& 4,3 \& 4$\\
(M1)\\
$\frac{6}{7} q+\frac{6}{7} r$ OR $3 p q+3 p r$ OR $p q+p q+p(1-3 q)+p q+p(1-3 q)+p(1-3 q)$\\
rearranging to make $q$ the subject\\
$q=\frac{4-\mathrm{E}(Y)}{6}$\\
$3 p q+3 p(1-3 q)=\frac{1}{2}$\\
M1\\
$\frac{6}{7} \times\left(\frac{4-\mathrm{E}(Y)}{6}\right)+\frac{6}{7}\left(1-3\left(\frac{4-\mathrm{E}(Y)}{6}\right)\right)=\frac{1}{2}$\\
A1\\
$\frac{2(\mathrm{E}(Y)-1)}{7}=\frac{1}{2}$\\
$\mathrm{E}(Y)=\frac{11}{4}$\\
A1\\
\\
Total \\",Calculator Not Allowed,,,,,,,,,IBDP,,,,,,,,TRUE,2025,
,TRUE,11,19,2021,May,Paper 1,TZ1,"Consider the line $L_1$ defined by the Cartesian equation $\cfrac{x+1}{2}=y=3-z$.
\begin{parts}
\part[4] \begin{enumerate}[label=(\roman*)]
\item Show that the point $(-1,0,3)$ lies on $L_1$.
\item Find a vector equation of $L_1$.
\end{enumerate}
Consider a second line $L_2$ defined by the vector equation $r=\left(\begin{array}{l}0 \\ 1 \\ 2\end{array}\right)+t\left(\begin{array}{c}a \\ 1 \\ -1\end{array}\right)$, where $t \in \mathbb{R}$ and $a \in \mathbb{R}$.
\part[8] Find the possible values of $a$ when the acute angle between $L_1$ and $L_2$ is $45^{\circ}$. It is given that the lines $L_1$ and $L_2$ have a unique point of intersection, A, when $a \neq k$.
\part[7] Find the value of $k$, and find the coordinates of the point $\mathrm{A}$ in terms of $a$.
\end{parts}",Vectors and Planes,3. Geometry and Trigonometry,HL,"(a) (i) $\frac{-1+1}{2}=0=3-3$\\
the point $(-1,0,3)$ lies on $L_{1}$.\\
(ii) attempt to set equal to a parameter or rearrange cartesian form\\
$\frac{x+1}{2}=y=3-z=\lambda \Rightarrow x=2 \lambda-1, y=\lambda, z=3-\lambda$ OR $\frac{x+1}{2}=\frac{y-0}{1}=\frac{z-3}{-1}$\\
correct direction vector $\left(\begin{array}{c}2 \\ 1 \\ -1\end{array}\right)$ or equivalent seen in vector form\\
$\boldsymbol{r}=\left(\begin{array}{c}-1 \\ 0 \\ 3\end{array}\right)+\lambda\left(\begin{array}{c}2 \\ 1 \\ -1\end{array}\right)$ ( or equivalent $)$\\
Note: Award $A 0$ if $\boldsymbol{r}=$ is omitted.\\
(b) attempt to use the scalar product formula

$$
\left(\begin{array}{c}
2 \\
1 \\
-1
\end{array}\right) \cdot\left(\begin{array}{c}
a \\
1 \\
-1
\end{array}\right)=( \pm) \sqrt{6} \sqrt{a^{2}+2} \cos 45^{\circ}
$$

$$
2 a+2=\frac{( \pm) \sqrt{6} \sqrt{a^{2}+2} \sqrt{2}}{2}\left(\Rightarrow 2 a+2=( \pm) \sqrt{3} \sqrt{a^{2}+2}\right)
$$

Note: Award A1 for LHS and $\boldsymbol{A 1}$ for RHS


\begin{align*}
& 4 a^{2}+8 a+4=3 a^{2}+6 \\
& a^{2}+8 a-2=0  \tag{A1}\\
& \text { attempt to solve their quadratic } \\
& a=\frac{-8 \pm \sqrt{64+8}}{2}=\frac{-8 \pm \sqrt{72}}{2}(=-4 \pm 3 \sqrt{2})
\end{align*}
A1

\section*{Question 11 continued}
\section*{(c) METHOD 1}
attempt to equate the parametric forms of $L_{1}$ and $L_{2}$

$$
\left\{\begin{array}{c}
2 \lambda-1=t a \\
\lambda=1+t \\
3-\lambda=2-t
\end{array}\right.
$$

attempt to solve equations by eliminating $\lambda$ or $t$

$$
2+2 t-1=t a \Rightarrow 1=t(a-2) \text { or } 2 \lambda-1=(\lambda-1) a \Rightarrow a-1=\lambda(a-2)
$$

Solutions exist unless $a-2=0$

$$
k=2
$$

Note: This $\boldsymbol{A 1}$ is independent of the following marks.

$$
t=\frac{1}{a-2} \text { or } \lambda=\frac{a-1}{a-2}
$$

A has coordinates $\left(\frac{a}{a-2}, 1+\frac{1}{a-2}, 2-\frac{1}{a-2}\right)\left(=\left(\frac{a}{a-2}, \frac{a-1}{a-2}, \frac{2 a-5}{a-2}\right)\right)$

Note: Award $\boldsymbol{A 1}$ for any two correct coordinates seen or final answer in vector form.

\section*{METHOD 2}
no unique point of intersection implies direction vectors of $L_{1}$ and $L_{2}$ parallel $k=2$

Note: This $\boldsymbol{A 1}$ is independent of the following marks.\\
attempt to equate the parametric forms of $L_{1}$ and $L_{2}$\\
$\left\{\begin{array}{c}2 \lambda-1=t a \\ \lambda=1+t \\ 3-\lambda=2-t\end{array}\right.$\\
attempt to solve equations by eliminating $\lambda$ or $t$\\
$2+2 t-1=t a \Rightarrow 1=t(a-2)$ or $2 \lambda-1=(\lambda-1) a \Rightarrow a-1=\lambda(a-2)$\\
$t=\frac{1}{a-2}$ or $\lambda=\frac{a-1}{a-2}$\\
A has coordinates $\left(\frac{a}{a-2}, 1+\frac{1}{a-2}, 2-\frac{1}{a-2}\right)\left(=\left(\frac{a}{a-2}, \frac{a-1}{a-2}, \frac{2 a-5}{a-2}\right)\right)$

Question 11 continued\\
Note: Award A1 for any two correct coordinates seen or final answer in vector form.\\
\\
Total \\",Calculator Not Allowed,,,,,,,,,IBDP,,,,,,,,TRUE,2025,
,TRUE,12,20,2021,May,Paper 1,TZ1,"Let $f(x)=\sqrt{1+x}$ for $x>-1$.
\begin{parts}
\part[3] Show that $f^{\prime \prime}(x)=-\cfrac{1}{4 \sqrt{(1+x)^3}}$.
\part[9] Use mathematical induction to prove that $f^{(n)}(x)=\left(-\cfrac{1}{4}\right)^{n-1} \cfrac{(2 n-3) !}{(n-2) !}(1+x)^{\frac{1}{2}-n}$ for $n \in \mathbb{Z}, n \geq 2$.
Let $g(x)=\mathrm{e}^{m x}, m \in \mathbb{Q}$.
Consider the function $h$ defined by $h(x)=f(x) \times g(x)$ for $x>-1$.
It is given that the $x^2$ term in the Maclaurin series for $h(x)$ has a coefficient of $\cfrac{7}{4}$.
\part[8] Find the possible values of $m$.
\end{parts}","Mathematical Induction
Maclaurin Series","1. Numbers and Algebra
5. Calculus",HL,"(a) attempt to use the chain rule

$$
\begin{aligned}
& f^{\prime}(x)=\frac{1}{2}(1+x)^{-\frac{1}{2}} \\
& f^{\prime \prime}(x)=-\frac{1}{4}(1+x)^{-\frac{3}{2}} \\
= & -\frac{1}{4 \sqrt{(1+x)^{3}}}
\end{aligned}
$$

Note: Award M1AOAO for $f^{\prime}(x)=\frac{1}{\sqrt{1+x}}$ or equivalent seen\\
(b) let $n=2$\\
$f^{\prime \prime}(x)=\left(-\frac{1}{4 \sqrt{(1+x)^{3}}}=\right)\left(-\frac{1}{4}\right)^{1} \frac{1!}{0!}(1+x)^{\frac{1}{2}-2}$\\
Note:Award Ro for not starting at $n=2$. Award subsequent marks as appropriate.\\
assume true for $n=k$, (so $f^{(k)}(x)=\left(-\frac{1}{4}\right)^{k-1} \frac{(2 k-3)!}{(k-2)!}(1+x)^{\frac{1}{2}-k}$ )\\
Note:Do not award $\boldsymbol{M} \mathbf{1}$ for statements such as ""let $n=k$ "" or "" $n=k$ is true"". Subsequent marks can still be awarded.\\
consider $n=k+1$\\
LHS $=f^{(k+1)}(x)=\frac{d\left(f^{(k)}(x)\right)}{d x}$\\
M1\\
$=\left(-\frac{1}{4}\right)^{k-1} \frac{(2 k-3)!}{(k-2)!}\left(\frac{1}{2}-k\right)(1+x)^{\frac{1}{2}-k-1}$ (or equivalent)

\section*{EITHER}
RHS $=f^{(k+1)}(x)=\left(-\frac{1}{4}\right)^{k} \frac{(2 k-1)!}{(k-1)!}(1+x)^{\frac{1}{2}-k-1}$ (or equivalent)\\
$=\left(-\frac{1}{4}\right)^{k} \frac{(2 k-1)(2 k-2)(2 k-3)!}{(k-1)(k-2)!}(1+x)^{\frac{1}{2}-k-1}$

Question 12 continued\\
Note: Award $\boldsymbol{A} \mathbf{1}$ for $\frac{(2 k-1)!}{(k-1)!}=\frac{(2 k-1)(2 k-2)(2 k-3)!}{(k-1)(k-2)!}\left(=\frac{2(2 k-1)(2 k-3)!}{(k-2)!}\right)$

$$
\begin{aligned}
& =\left(-\frac{1}{4}\right)\left(-\frac{1}{4}\right)^{k-1} \frac{(2 k-1)(2 k-2)(2 k-3)!}{(k-1)(k-2)!}(1+x)^{\frac{1}{2}-k-1} \\
& \left(=\left(-\frac{1}{2}\right)\left(-\frac{1}{4}\right)^{k-1} \frac{(2 k-1)(2 k-3)!}{(k-2)!}(1+x)^{\frac{1}{2}-k-1}\right)
\end{aligned}
$$

Note:Award A1 for leading coefficient of $-\frac{1}{4}$.\\
$=\left(\frac{1}{2}-k\right)\left(-\frac{1}{4}\right)^{k-1} \frac{(2 k-3)!}{(k-2)!}(1+x)^{\frac{1}{2}-k-1}$

\section*{OR}
Note: The following $\boldsymbol{A}$ marks can be awarded in any order.

$$
\begin{aligned}
& =\left(-\frac{1}{4}\right)^{k-1} \frac{(2 k-3)!}{(k-2)!}\left(\frac{1-2 k}{2}\right)(1+x)^{\frac{1}{2}-k-1} \\
& =\left(-\frac{1}{2}\right)\left(-\frac{1}{4}\right)^{k-1} \frac{(2 k-1)(2 k-3)!}{(k-2)!}(1+x)^{\frac{1}{2}-k-1}
\end{aligned}
$$

Note:Award A1 for isolating $(2 k-1)$ correctly.

$$
=\left(-\frac{1}{2}\right)\left(-\frac{1}{4}\right)^{k-1} \frac{(2 k-1)!}{(2 k-2)(k-2)!}(1+x)^{\frac{1}{2}-k-1}
$$

Note:Award $\boldsymbol{A} \mathbf{1}$ for multiplying top and bottom by $(k-1)$ or $2(k-1)$.

$$
=\left(-\frac{1}{4}\right)\left(-\frac{1}{4}\right)^{k-1} \frac{(2 k-1)!}{(k-1)(k-2)!}(1+x)^{\frac{1}{2}-k-1}
$$

Note:Award $\boldsymbol{A 1}$ for leading coefficient of $-\frac{1}{4}$.

$$
=\left(-\frac{1}{4}\right)^{k} \frac{(2 k-1)!}{(k-1)!}(1+x)^{\frac{1}{2}-k-1}
$$

Question 12 continued

$$
=\left(-\frac{1}{4}\right)^{(k+1)-1} \frac{(2(k+1)-3)!}{((k+1)-2)!}(1+x)^{\frac{1}{2}-(k+1)}=\text { RHS }
$$

\section*{THEN}
since true for $n=2$, and true for $n=k+1$ if true for $n=k$, the statement is true for all $n \in \mathbb{Z}, n \geq 2$ by mathematical induction

Note:To obtain the final R1, at least four of the previous marks must have been awarded.\\
\\
(c) METHOD 1\\
$h(x)=\sqrt{1+x} \mathrm{e}^{m x}$\\
using product rule to find $h^{\prime}(x)$\\
$h^{\prime}(x)=\sqrt{1+x} m \mathrm{e}^{m x}+\frac{1}{2 \sqrt{1+x}} \mathrm{e}^{m x}$\\
$h^{\prime \prime}(x)=m\left(\sqrt{1+x} m \mathrm{e}^{m x}+\frac{1}{2 \sqrt{1+x}} \mathrm{e}^{m x}\right)+\frac{1}{2 \sqrt{1+x}} m \mathrm{e}^{m x}-\frac{1}{4 \sqrt{(1+x)^{3}}} \mathrm{e}^{m x}$\\
substituting $x=0$ into $h^{\prime \prime}(x)$\\
$h^{\prime \prime}(0)=m^{2}+\frac{1}{2} m+\frac{1}{2} m-\frac{1}{4}\left(=m^{2}+m-\frac{1}{4}\right)$\\
$h(x)=h(0)+x h^{\prime}(0)+\frac{x^{2}}{2!} h^{\prime \prime}(0)+\ldots$\\
equating $x^{2}$ coefficient to $\frac{7}{4}$\\
$\frac{h^{\prime \prime}(0)}{2!}=\frac{7}{4}\left(\Rightarrow h^{\prime \prime}(0)=\frac{7}{2}\right)$

$$
\begin{aligned}
& 4 m^{2}+4 m-15=0 \\
& (2 m+5)(2 m-3)=0 \\
& m=-\frac{5}{2} \text { or } m=\frac{3}{2}
\end{aligned}
$$A1

Question 12 continued

\section*{METHOD 2}
\section*{EITHER}
attempt to find $f(0), f^{\prime}(0), f^{\prime \prime}(0)$\\
$f(x)=(1+x)^{\frac{1}{2}}$\\
$f(0)=1$\\
$f^{\prime}(x)=\frac{1}{2}(1+x)^{-\frac{1}{2}}$\\
$f^{\prime}(0)=\frac{1}{2}$\\
$f^{\prime \prime}(x)=-\frac{1}{4}(1+x)^{-\frac{3}{2}}$\\
$f^{\prime \prime}(0)=-\frac{1}{4}$\\
$f(x)=1+\frac{1}{2} x-\frac{1}{8} x^{2}+\ldots$

\section*{OR}
attempt to apply binomial theorem for rational exponents\\
$f(x)=(1+x)^{\frac{1}{2}}=1+\frac{1}{2} x+\frac{\left(\frac{1}{2}\right)\left(-\frac{1}{2}\right)}{2!} x^{2}+\ldots$\\
$f(x)=1+\frac{1}{2} x-\frac{1}{8} x^{2}+\ldots$

\section*{THEN}
$g(x)=1+m x+\frac{m^{2}}{2} x^{2}+\ldots$\\
$h(x)=\left(1+\frac{1}{2} x-\frac{1}{8} x^{2}+\ldots\right)\left(1+m x+\frac{m^{2}}{2} x^{2}+\ldots\right)$\\
coefficient of $x^{2}$ is $\frac{m^{2}}{2}+\frac{m}{2}-\frac{1}{8}$\\
attempt to set equal to $\frac{7}{4}$ and solve\\
$\frac{m^{2}}{2}+\frac{m}{2}-\frac{1}{8}=\frac{7}{4}$\\
$4 m^{2}+4 m-15=0$\\
A1\\
$(2 m+5)(2 m-3)=0$\\
$m=-\frac{5}{2}$ or $m=\frac{3}{2}$\\
A1

Question 12 continued

\section*{METHOD 3}

\begin{align*}
& g^{\prime}(x)=m \mathrm{e}^{m x} \text { and } g^{\prime \prime}(x)=m^{2} \mathrm{e}^{m x}  \tag{A1}\\
& h(x)=h(0)+x h^{\prime}(0)+\frac{x^{2}}{2!} h^{\prime \prime}(0)+\ldots
\end{align*}


equating $x^{2}$ coefficient to $\frac{7}{4}$\\
$\frac{h^{\prime \prime}(0)}{2!}=\frac{7}{4}\left(\Rightarrow h^{\prime \prime}(0)=\frac{7}{2}\right)$\\
using product rule to find $h^{\prime}(x)$ and $h^{\prime \prime}(x)$\\
$h^{\prime}(x)=f(x) g^{\prime}(x)+f^{\prime}(x) g(x)$\\
$h^{\prime \prime}(x)=f(x) g^{\prime \prime}(x)+2 f^{\prime}(x) g^{\prime}(x)+f^{\prime \prime}(x) g(x)$\\
substituting $x=0$ into $h^{\prime \prime}(x)$\\
$h^{\prime \prime}(0)=f(0) g^{\prime \prime}(0)+2 g^{\prime}(0) f^{\prime}(0)+g(0) f^{\prime \prime}(0)$\\
$=1 \times m^{2}+2 m \times \frac{1}{2}+1 \times\left(-\frac{1}{4}\right)\left(=m^{2}+m-\frac{1}{4}\right)$\\
$4 m^{2}+4 m-15=0$\\
$(2 m+5)(2 m-3)=0$\\
$m=-\frac{5}{2}$ or $m=\frac{3}{2}$
",Calculator Not Allowed,,,,,,,,,IBDP,,,,,,,,TRUE,2025,
,TRUE,1,4,2021,May,Paper 1,TZ2,"Consider two consecutive positive integers, $n$ and $n+1$.
Show that the difference of their squares is equal to the sum of the two integers.",Proofs,1. Numbers and Algebra,HL,"attempt to subtract squares of integers


$$
(n+1)^{2}-n^{2}
$$

\section*{EITHER}
correct order of subtraction and correct expansion of $(n+1)^{2}$, seen anywhere A1A1\\
$=n^{2}+2 n+1-n^{2}(=2 n+1)$

\section*{OR}
correct order of subtraction and correct factorization of difference of squares\\
$=(n+1-n)(n+1+n)(=2 n+1)$

\section*{THEN}
$$
=n+n+1=\text { RHS }
$$A1

Note: Do not award final $\boldsymbol{A} \mathbf{1}$ unless all previous working is correct.\\
which is the sum of $n$ and $n+1$

Note: If expansion and order of subtraction are correct, award full marks for candidates who find the sum of the integers as $2 n+1$ and then show that the difference of the squares (subtracted in the correct order) is $2 n+1$.\\",Calculator Not Allowed,,,,,,,,,IBDP,,,,,,,,TRUE,2025,
,TRUE,2,7,2021,May,Paper 1,TZ2,"Solve the equation $2 \cos ^2 x+5 \sin x=4,0 \leq x \leq 2 \pi$.",Trigonometric Functions,3. Geometry and Trigonometry,HL,"(a) attempt to use $\cos ^{2} x=1-\sin ^{2} x$\\
$2 \sin ^{2} x-5 \sin x+2=0$

\section*{EITHER}
attempting to factorise M1\\
$(2 \sin x-1)(\sin x-2) \quad$ A1\\
OR\\
attempting to use the quadratic formula M1\\
$\sin x=\frac{5 \pm \sqrt{5^{2}-4 \times 2 \times 2}}{4}\left(=\frac{5 \pm 3}{4}\right) \quad$ A1\\
THEN


\begin{align*}
& \sin x=\frac{1}{2}  \tag{A1}\\
& x=\frac{\pi}{6}, \frac{5 \pi}{6}
\end{align*}",Calculator Not Allowed,,,,,,,,,IBDP,,,,,,,,TRUE,2025,
,TRUE,3,5,2021,May,Paper 1,TZ2,"In the expansion of $(x+k)^7$, where $k \in \mathbb{R}$, the coefficient of the term in $x^5$ is 63 .
Find the possible values of $k$.",Binomial Theorem,1. Numbers and Algebra,HL,"\section*{3. EITHER}
attempt to use the binomial expansion of $(x+k)^{7}$\\
${ }^{7} C_{0} x^{7} k^{0}+{ }^{7} C_{1} x^{6} k^{1}+{ }^{7} C_{2} x^{5} k^{2}+\ldots$ (or ${ }^{7} C_{0} k^{7} x^{0}+{ }^{7} C_{1} k^{5} x^{1}+{ }^{7} C_{2} k^{5} x^{2}+\ldots$ )\\
identifying the correct term ${ }^{7} C_{2} x^{5} k^{2}$ (or ${ }^{7} C_{5} k^{2} x^{5}$ )\\
OR\\
attempt to use the general term ${ }^{7} C_{r} x^{r} k^{7-r}$ (or ${ }^{7} C_{r} k^{r} x^{7-r}$ )\\
$r=2$ (or $r=5$ )

\section*{THEN}
$$
\left.{ }^{7} C_{2}=21 \text { (or }{ }^{7} C_{5}=21\right) \text { (seen anywhere) }
$$(A1)

$21 x^{5} k^{2}=63 x^{5}\left(21 k^{2}=63, k^{2}=3\right)$ ..... A1\\
$k= \pm \sqrt{3}$ ..... A1

Note: If working shown, award M1A1A1A1AO for $k=\sqrt{3}$.\\",Calculator Not Allowed,,,,,,,,,IBDP,,,,,,,,TRUE,2025,
,TRUE,4,9,2021,May,Paper 1,TZ2,"Consider the function $f$ defined by $f(x)=\ln \left(x^2-16\right)$ for $x>4$.
The following diagram shows part of the graph of $f$ which crosses the $x$-axis at point $\mathrm{A}$, with coordinates $(a, 0)$. The line $L$ is the tangent to the graph of $f$ at the point $\mathrm{B}$.
\begin{center}
\includegraphics[scale=0.1,height=8cm]{SV_IBDP_FST_AA HL_May 2021 _Paper 1_TZ2_1.png}
\end{center}
\begin{parts}
\part[3] Find the exact value of $a$.
\part[6] Given that the gradient of $L$ is $\cfrac{1}{3}$, find the $x$-coordinate of $\mathrm{B}$.
\end{parts}","Exponents and Logs
Differential Calculus","1. Numbers and Algebra
5. Calculus",HL,"(a) $\ln \left(x^{2}-16\right)=0$\\
$\mathrm{e}^{0}=x^{2}-16(=1)$\\
$x^{2}=17$ OR $x= \pm \sqrt{17}$\\
$a=\sqrt{17}$\\
(b) attempt to differentiate (must include $2 x$ and/or $\frac{1}{x^{2}-16}$ )\\
$f^{\prime}(x)=\frac{2 x}{x^{2}-16}$\\
setting their derivative $=\frac{1}{3}$\\
$\frac{2 x}{x^{2}-16}=\frac{1}{3}$\\
$x^{2}-16=6 x$ OR $x^{2}-6 x-16=0$ (or equivalent)\\
valid attempt to solve their quadratic\\
$x=8$\\
A1\\
Note: Award AO if the candidate's final answer includes additional solutions (such as $x=-2,8$ ).",Calculator Not Allowed,,,,,,,,,IBDP,,,,,,,,TRUE,2025,
,TRUE,5,4,2021,May,Paper 1,TZ2,"Given any two non-zero vectors, $\boldsymbol{a}$ and $\boldsymbol{b}$, show that $|\boldsymbol{a} \times \boldsymbol{b}|^2=|\boldsymbol{a}|^2|\boldsymbol{b}|^2-(\boldsymbol{a} \cdot \boldsymbol{b})^2$.",Vectors and Planes,3. Geometry and Trigonometry,HL,"{5. METHOD 1}
use of $|\boldsymbol{a} \times \boldsymbol{b}|=|\boldsymbol{a}||\boldsymbol{b}| \sin \theta$ on the LHS\\
$|\boldsymbol{a} \times \boldsymbol{b}|^{2}=|\boldsymbol{a}|^{2}|\boldsymbol{b}|^{2} \sin ^{2} \theta$\\
$=|\boldsymbol{a}|^{2}|\boldsymbol{b}|^{2}\left(1-\cos ^{2} \theta\right)$\\
$=|\boldsymbol{a}|^{2}|\boldsymbol{b}|^{2}-|\boldsymbol{a}|^{2}|\boldsymbol{b}|^{2} \cos ^{2} \theta$ OR $=|\boldsymbol{a}|^{2}|\boldsymbol{b}|^{2}-(|\boldsymbol{a}||\boldsymbol{b}| \cos \theta)^{2}$\\
$=|\boldsymbol{a}|^{2}|\boldsymbol{b}|^{2}-(\boldsymbol{a} \cdot \boldsymbol{b})^{2}$

\section*{METHOD 2}
use of $\boldsymbol{a} \cdot \boldsymbol{b}=|\boldsymbol{a}||\boldsymbol{b}| \cos \theta$ on the RHS\\
$=|\boldsymbol{a}|^{2}|\boldsymbol{b}|^{2}-|\boldsymbol{a}|^{2}|\boldsymbol{b}|^{2} \cos ^{2} \theta$\\
$=|\boldsymbol{a}|^{2}|\boldsymbol{b}|^{2}\left(1-\cos ^{2} \theta\right)$\\
$=|\boldsymbol{a}|^{2}|\boldsymbol{b}|^{2} \sin ^{2} \theta$ OR $=(|\boldsymbol{a}||\boldsymbol{b}| \sin \theta)^{2}$\\
$=|\boldsymbol{a} \times \boldsymbol{b}|^{2}$\\
Note: If candidates attempt this question using cartesian vectors, e.g\\
$\boldsymbol{a}=\left(\begin{array}{l}a_{1} \\ a_{2} \\ a_{3}\end{array}\right)$ and $\boldsymbol{b}=\left(\begin{array}{l}b_{1} \\ b_{2} \\ b_{3}\end{array}\right)$,\\
award full marks if fully developed solutions are seen.\\
Otherwise award no marks.",Calculator Not Allowed,,,,,,,,,IBDP,,,,,,,,TRUE,2025,
,TRUE,6,7,2021,May,Paper 1,TZ2,"The following diagram shows triangle $\mathrm{ABC}$, with $\mathrm{AB}=10, \mathrm{BC}=x$ and $\mathrm{AC}=2 x$.
\begin{center}
\includegraphics[scale=0.1,height=6cm]{SV_IBDP_FST_AA HL_May 2021 _Paper 1_TZ2_2.png}
\end{center}
Given that $\cos \hat{C}=\cfrac{3}{4}$, find the area of the triangle.
Give your answer in the form $\cfrac{p \sqrt{q}}{2}$ where $p, q \in \mathbb{Z}^{+}$.",Trigonometry,3. Geometry and Trigonometry,HL,"\section*{6. METHOD 1}
attempt to use the cosine rule to find the value of $x$\\
$100=x^{2}+4 x^{2}-2(x)(2 x)\left(\frac{3}{4}\right)$\\
$2 x^{2}=100$\\
$x^{2}=50$ OR $x=\sqrt{50}(=5 \sqrt{2})$\\
attempt to find $\sin \hat{C}$ (seen anywhere)\\
$\sin ^{2} \hat{C}+\left(\frac{3}{4}\right)^{2}=1$ or $x^{2}+3^{2}=4^{2}$ OR right triangle with side 3 and hypotenuse 4\\
$\sin \hat{C}=\frac{\sqrt{7}}{4}$

Note: The marks for finding $\sin \hat{C}$ may be awarded independently of the first three marks for finding $x$.\\
correct substitution into the area formula using their value of $x$ (or $x^{2}$ )\\
and their value of $\sin \hat{C}$\\
(M1)\\
$A=\frac{1}{2} \times 5 \sqrt{2} \times 10 \sqrt{2} \times \frac{\sqrt{7}}{4}$ or $A=\frac{1}{2} \times \sqrt{50} \times 2 \sqrt{50} \times \frac{\sqrt{7}}{4}$\\
$A=\frac{25 \sqrt{7}}{2}$

\section*{METHOD 2}
attempt to find the height, $h$, of the triangle in terms of $x$\\
$h^{2}+\left(\frac{3}{4} x\right)^{2}=x^{2}$ OR $h^{2}+\left(\frac{5}{4} x\right)^{2}=10^{2}$ OR $h=\frac{\sqrt{7}}{4} x$\\
equating their expressions for either $h^{2}$ or $h$\\
$x^{2}-\left(\frac{3}{4} x\right)^{2}=10^{2}-\left(\frac{5}{4} x\right)^{2}$ OR $\sqrt{100-\frac{25}{16} x^{2}}=\frac{\sqrt{7}}{4} x$ (or equivalent)\\
$x^{2}=50$ OR $x=\sqrt{50}(=5 \sqrt{2})$\\
correct substitution into the area formula using their value of $x$ (or $x^{2}$ )\\
(M1)\\
$A=\frac{1}{2} \times 2 \sqrt{50} \times \frac{\sqrt{7}}{4} \sqrt{50}$ OR $A=\frac{1}{2}(2 \times 5 \sqrt{2})\left(\frac{\sqrt{7}}{4} 5 \sqrt{2}\right)$\\
$A=\frac{25 \sqrt{7}}{2}$\\",Calculator Not Allowed,,,,,,,,,IBDP,,,,,,,,TRUE,2025,
,TRUE,7,5,2021,May,Paper 1,TZ2,"The cubic equation $x^3-k x^2+3 k=0$ where $k>0$ has roots $\alpha, \beta$ and $\alpha+\beta$. Given that $\alpha \beta=-\cfrac{k^2}{4}$, find the value of $k$.",Polynomials,2. Functions,HL,"$\alpha+\beta+\alpha+\beta=k$\\
(A1)\\
$\alpha+\beta=\frac{k}{2}$\\
$\alpha \beta(\alpha+\beta)=-3 k$\\
$\left(-\frac{k^{2}}{4}\right)\left(\frac{k}{2}\right)=-3 k\left(-\frac{k^{3}}{8}=-3 k\right)$\\
M1\\
attempting to solve $-\frac{k^{3}}{8}+3 k=0$ (or equivalent) for $k$\\
(M1)\\
$k=2 \sqrt{6}(=\sqrt{24})(k>0)$\\
A1

Note: Award AO for $k= \pm 2 \sqrt{6}( \pm \sqrt{24})$.\\",Calculator Not Allowed,,,,,,,,,IBDP,,,,,,,,TRUE,2025,
,TRUE,8,8,2021,May,Paper 1,TZ2,"The lines $l_1$ and $l_2$ have the following vector equations where $\lambda, \mu \in \mathbb{R}$.
$$
\begin{aligned}
& l_1: \boldsymbol{r}_1=\left(\begin{array}{c}
3 \\
2 \\
-1
\end{array}\right)+\lambda\left(\begin{array}{c}
2 \\
-2 \\
2
\end{array}\right) \\
& l_2: \boldsymbol{r}_2=\left(\begin{array}{l}
2 \\
0 \\
4
\end{array}\right)+\mu\left(\begin{array}{c}
1 \\
-1 \\
1
\end{array}\right)
\end{aligned}
$$
\begin{parts}
\part[3] Show that $l_1$ and $l_2$ do not intersect.
\part[5] Find the minimum distance between $l_1$ and $l_2$.
\end{parts}",Vectors and Planes,3. Geometry and Trigonometry,HL,"(a) METHOD 1\\
setting at least two components of $l_{1}$ and $l_{2}$ equal


\begin{align*}
3+2 \lambda & =2+\mu  \tag{1}\\
2-2 \lambda & =-\mu  \tag{2}\\
-1+2 \lambda & =4+\mu \tag{3}
\end{align*}


attempt to solve two of the equations eg. adding (1) and (2) M1\\
gives a contradiction (no solution), eg $5=2 \quad R 1$\\
so $I_{1}$ and $I_{2}$ do not intersect AG\\
Note: For an error within the equations award MOM1RO.\\
Note: The contradiction must be correct to award the R1.

\section*{METHOD 2}
$l_{1}$ and $l_{2}$ are parallel, so $l_{1}$ and $l_{2}$ are either identical or distinct.\\
R1

Attempt to subtract two position vectors from each line,\\
e.g. $\left(\begin{array}{c}3 \\ 2 \\ -1\end{array}\right)-\left(\begin{array}{l}2 \\ 0 \\ 4\end{array}\right)\left(=\left(\begin{array}{c}1 \\ 2 \\ -5\end{array}\right)\right)$\\
$\left(\begin{array}{c}3 \\ 2 \\ -1\end{array}\right) \neq k\left(\begin{array}{c}1 \\ -1 \\ 1\end{array}\right)$\\
(b) METHOD 1\\
$l_{1}$ and $l_{2}$ are parallel (as $\left(\begin{array}{c}2 \\ -2 \\ 2\end{array}\right)$ is a multiple of $\left(\begin{array}{c}1 \\ -1 \\ 1\end{array}\right)$ ),\\
let A be $(3,2,-1)$ on $l_{1}$ and let B be $(2,0,4)$ on $l_{2}$\\
Attempt to find vector $\overrightarrow{\mathrm{AB}}\left(=\left(\begin{array}{c}-1 \\ -2 \\ 5\end{array}\right)\right)$\\
Distance required is $\frac{|v \times \overrightarrow{\mathrm{AB}}|}{|v|}$\\
$=\frac{1}{\sqrt{3}}\left|\left(\begin{array}{c}1 \\ -1 \\ 1\end{array}\right) \times\left(\begin{array}{c}-1 \\ -2 \\ 5\end{array}\right)\right|$\\
(A1)\\
$\left.=\frac{1}{\sqrt{3}} \left\lvert\, \begin{array}{l}3 \\ 6 \\ 3\end{array}\right.\right)$\\
minimum distance is $\sqrt{18}(=3 \sqrt{2})$

\section*{METHOD 2}
$l_{1}$ and $l_{2}$ are parallel (as $\left(\begin{array}{c}2 \\ -2 \\ 2\end{array}\right)$ is a multiple of $\left(\begin{array}{c}1 \\ -1 \\ 1\end{array}\right)$ ),\\
let A be a fixed point on $I_{1}$ eg $(3,2,-1)$ and let B be a general point on $I_{2}(2+\mu,-\mu, 4+\mu)$\\
attempt to find vector $\overrightarrow{A B}$\\
$\overrightarrow{\mathrm{AB}}=\left(\begin{array}{c}-1 \\ -2 \\ 5\end{array}\right)+\mu\left(\begin{array}{c}1 \\ -1 \\ 1\end{array}\right)(\mu \in \mathbb{R})$\\
$|\overrightarrow{\mathrm{AB}}|=\sqrt{(-1+\mu)^{2}+(-2-\mu)^{2}+(5+\mu)^{2}}\left(=\sqrt{3 \mu^{2}+12 \mu+30}\right)$\\
EITHER

$$
\frac{\mathrm{d}}{\mathrm{~d} \mu}\left(|\overrightarrow{\mathrm{AB}}|^{2}\right)=0 \Rightarrow 6 \mu+12=0 \Rightarrow \mu=-2
$$

OR\\
$|\overrightarrow{\mathrm{AB}}|=\sqrt{3(\mu+2)^{2}+18}$ to obtain $\mu=-2$

\section*{THEN}
minimum distance is $\sqrt{18}(=3 \sqrt{2})$

\section*{METHOD 3}
let A be $(3,2,-1)$ on $l_{1}$ and let B be $(2+\mu,-\mu, 4+\mu)$ on $l_{2}$\\
(or let A be $(2,0,4)$ on $l_{2}$ and let B be $(3+2 \lambda, 2-2 \lambda,-1+2 \lambda)$ on $l_{1}$ )

$$
\overrightarrow{\mathrm{AB}}=\left(\begin{array}{c}
-1 \\
-2 \\
5
\end{array}\right)+\mu\left(\begin{array}{c}
1 \\
-1 \\
1
\end{array}\right)(\mu \in \mathbb{R}) \quad\left(\text { or } \overrightarrow{\mathrm{AB}}=\left(\begin{array}{c}
2 \lambda+1 \\
-2 \lambda+2 \\
2 \lambda-5
\end{array}\right)\right)
$$

$\left(\begin{array}{c}\mu-1 \\ -\mu-2 \\ \mu+5\end{array}\right) \cdot\left(\begin{array}{c}1 \\ -1 \\ 1\end{array}\right)=0\left(\right.$ or $\left.\left(\begin{array}{c}2 \lambda+1 \\ -2 \lambda+2 \\ 2 \lambda-5\end{array}\right) \cdot\left(\begin{array}{c}1 \\ -1 \\ 1\end{array}\right)=0\right)$\\
$\mu=-2$ or $\lambda=1$ A1\\
minimum distance is $\sqrt{18}(=3 \sqrt{2})$\\",Calculator Not Allowed,,,,,,,,,IBDP,,,,,,,,TRUE,2025,
,TRUE,9,7,2021,May,Paper 1,TZ2,"By using the substitution $u=\sin x$, find $\int \cfrac{\sin x \cos x}{\sin ^2 x-\sin x-2} \mathrm{~d} x$.",Integral Calculus,5. Calculus,HL,"$u=\sin x \Rightarrow \mathrm{~d} u=\cos x \mathrm{~d} x$ (or equivalent)

A1\\
$=\int \frac{u}{u^{2}-u-2} \mathrm{~d} u$\\
attempt to use partial fractions\\
$\left(\frac{u}{(u+1)(u-2)} \equiv \frac{A}{u+1}+\frac{B}{u-2} \Rightarrow u \equiv A(u-2)+B(u+1)\right)$

Valid attempt to solve for $A$ and $B$\\
$A=\frac{1}{3}$ and $B=\frac{2}{3}$\\
$\frac{u}{(u+1)(u-2)} \equiv \frac{1}{3(u+1)}+\frac{2}{3(u-2)}$\\
$\int\left(\frac{1}{3(u+1)}+\frac{2}{3(u-2)}\right) \mathrm{d} u=\frac{1}{3} \ln |u+1|+\frac{2}{3} \ln |u-2|(+C)$ (or equivalent)\\
Note: Condone the absence of $+C$ or lack of moduli here but not in the final answer. $=\frac{1}{3} \ln |\sin x+1|+\frac{2}{3} \ln |\sin x-2|+C$

Note: Condone further simplification of the correct answer.          ",Calculator Not Allowed,,,,,,,,,IBDP,,,,,,,,TRUE,2025,
,TRUE,10,15,2021,May,Paper 1,TZ2,"Consider the function $f$ defined by $f(x)=6+6 \cos x$, for $0 \leq x \leq 4 \pi$.
The following diagram shows the graph of $y=f(x)$.
\begin{center}
\includegraphics[scale=0.1,height=8cm]{SV_IBDP_FST_AA HL_May 2021 _Paper 1_TZ2_3.png}
\end{center}
The graph of $f$ touches the $x$-axis at points $\mathrm{A}$ and $\mathrm{B}$, as shown. The shaded region is enclosed by the graph of $y=f(x)$ and the $x$-axis, between the points $\mathrm{A}$ and $\mathrm{B}$.
\begin{parts}
\part[3] Find the $x$-coordinates of $\mathrm{A}$ and $\mathrm{B}$.
\part[5] Show that the area of the shaded region is $12 \pi$.
The right cone in the following diagram has a total surface area of $12 \pi$, equal to the shaded area in the previous diagram.
The cone has a base radius of 2 , height $h$, and slant height $l$.
\begin{center}
\includegraphics[scale=0.1,height=6cm]{SV_IBDP_FST_AA HL_May 2021 _Paper 1_TZ2_4.png}
\end{center}
\part[3] Find the value of $l$.
\part[4] Hence, find the volume of the cone.
\end{parts}","Geometry
Trigonometry
Integral Calculus","3. Geometry and Trigonometry
5. Calculus",HL,"(a) $6+6 \cos x=0$ (or setting their $f^{\prime}(x)=0$ )\\
(M1)\\
$\cos x=-1$ (or $\sin x=0)$\\
$x=\pi, x=3 \pi$\\
A1A1\\
\\
(b) attempt to integrate $\int_{\pi}^{3 \pi}(6+6 \cos x) \mathrm{d} x$\\
(M1)\\
$=[6 x+6 \sin x]_{\pi}^{3 \pi}$\\
A1A1\\
substitute their limits into their integrated expression and subtract\\
(M1)\\
$=(18 \pi+6 \sin 3 \pi)-(6 \pi+6 \sin \pi)$\\
$=(6(3 \pi)+0)-(6 \pi+0)(=18 \pi-6 \pi)$\\
A1\\
area $=12 \pi$\\
AG\\
\\
(c) attempt to substitute into the formula for surface area (including base)\\
(M1)\\
$\pi\left(2^{2}\right)+\pi(2)(l)=12 \pi$\\
(A1)\\
$4 \pi+2 \pi l=12 \pi$\\
$2 \pi l=8 \pi$\\
$l=4$
\end{enumerate}

A1\\
\\
continued...

Question 10 continued\\
(d) valid attempt to find the height of the cone\\
e.g. $2^{2}+h^{2}=(\text { their } l)^{2}$\\
$h=\sqrt{12}(=2 \sqrt{3})$\\
attempt to use $V=\frac{1}{3} \pi r^{2} h$ with their values substituted $\left(\frac{1}{3} \pi\left(2^{2}\right)(\sqrt{12})\right)$\\
volume $=\frac{4 \pi \sqrt{12}}{3}\left(=\frac{8 \pi \sqrt{3}}{3}=\frac{8 \pi}{\sqrt{3}}\right)$\\",Calculator Not Allowed,,,,,,,,,IBDP,,,,,,,,TRUE,2025,
,TRUE,11,20,2021,May,Paper 1,TZ2,"The acceleration, $a \mathrm{~ms}^{-2}$, of a particle moving in a horizontal line at time $t$ seconds, $t \geq 0$, is given by $a=-(1+v)$ where $v \mathrm{~ms}^{-1}$ is the particle's velocity and $v>-1$.
At $t=0$, the particle is at a fixed origin $\mathrm{O}$ and has initial velocity $v_0 \mathrm{~ms}^{-1}$.
\begin{parts}
\part[6] By solving an appropriate differential equation, show that the particle's velocity at time $t$ is given by $v(t)=\left(1+v_0\right) \mathrm{e}^{-t}-1$.
\part[7] Initially at $\mathrm{O}$, the particle moves in the positive direction until it reaches its maximum displacement from $\mathrm{O}$. The particle then returns to $\mathrm{O}$.
Let $s$ metres represent the particle's displacement from $\mathrm{O}$ and $s_{\max }$ its maximum displacement from $\mathrm{O}$.
\begin{enumerate}[label=(\roman*)]
\item Show that the time $T$ taken for the particle to reach $s_{\max }$ satisfies the equation $\mathrm{e}^T=1+v_0$.
\item By solving an appropriate differential equation and using the result from part (b) (i), find an expression for $s_{\max }$ in terms of $v_0$.
\end{enumerate}
Let $v(T-k)$ represent the particle's velocity $k$ seconds before it reaches $s_{\max }$, where
$$
v(T-k)=\left(1+v_0\right) \mathrm{e}^{-(T-k)}-1
$$
\part[2] By using the result to part (b) (i), show that $v(T-k)=\mathrm{e}^k-1$.
Similarly, let $v(T+k)$ represent the particle's velocity $k$ seconds after it reaches $s_{\max }$.
\part[2] Deduce a similar expression for $v(T+k)$ in terms of $k$.
\part[3] Hence, show that $v(T-k)+v(T+k) \geq 0$.
\end{parts}","Exponents and Logs
Differential Calculus
Integral Calculus
Kinematics","1. Numbers and Algebra
5. Calculus",HL,"(a) $\frac{\mathrm{d} v}{\mathrm{~d} t}=-(1+v)$\\
$\int 1 \mathrm{~d} t=\int-\frac{1}{1+v} \mathrm{~d} v$ (or equivalent/ use of integrating factor)\\
$t=-\ln (1+v)(+C)$

\section*{EITHER}
attempt to find $C$ with initial conditions $t=0, v=v_{0}$\\
$C=\ln \left(1+v_{0}\right)$\\
$t=\ln \left(1+v_{0}\right)-\ln (1+v)$\\
$t=\ln \left(\frac{1+v_{0}}{1+v}\right) \Rightarrow \mathrm{e}^{t}=\frac{1+v_{0}}{1+v}$\\
$\mathrm{e}^{t}(1+v)=1+v_{0}$\\
$1+v=\left(1+v_{0}\right) \mathrm{e}^{-t}$\\
A1\\
$v(t)=\left(1+v_{0}\right) \mathrm{e}^{-t}-1$\\
AG

OR\\
$t-C=-\ln (1+v) \Rightarrow \mathrm{e}^{t-C}=\frac{1}{(1+v)}$\\
Attempt to find $C$ with initial conditions $t=0, v=v_{0}$\\
$\mathrm{e}^{-C}=\frac{1}{\left(1+v_{0}\right)} \Rightarrow C=\ln \left(1+v_{0}\right)$\\
$t-\ln \left(1+v_{0}\right)=-\ln (1+v) \Rightarrow t=\ln \left(1+v_{0}\right)-\ln (1+v)$\\
$t=\ln \left(\frac{1+v_{0}}{1+v}\right) \Rightarrow \mathrm{e}^{t}=\frac{1+v_{0}}{1+v}$\\
$\mathrm{e}^{t}(1+v)=1+v_{0}$\\
$1+v=\left(1+v_{0}\right) \mathrm{e}^{-t}$\\
$v(t)=\left(1+v_{0}\right) \mathrm{e}^{-t}-1$

\section*{OR}
$t-C=-\ln (1+v) \Rightarrow \mathrm{e}^{-t+C}=1+v$\\
$k \mathrm{e}^{-t}-1=v$\\
Attempt to find $k$ with initial conditions $t=0, v=v_{0}$\\
$k=1+v_{0}$\\
$\mathrm{e}^{-t}\left(1+v_{0}\right)=1+v$\\
$v(t)=\left(1+v_{0}\right) \mathrm{e}^{-t}-1$\\
$A G$

Question 11 continued\\
(b) (i) recognition that when $t=T, v=0$

$$
\begin{aligned}
& \left(1+v_{0}\right) \mathrm{e}^{-T}-1=0 \Rightarrow \mathrm{e}^{-T}=\frac{1}{1+v_{0}} \\
& \mathrm{e}^{T}=1+v_{0}
\end{aligned}
$$

Note: Award $\boldsymbol{M} \mathbf{A} \boldsymbol{A} \boldsymbol{O}$ for substituting $v_{0}=\mathrm{e}^{T}-1$ into $v$ and showing that $v=0$.\\
(ii) $s(t)=\int v(t) \mathrm{d} t\left(=\int\left(\left(1+v_{0}\right) \mathrm{e}^{-t}-1\right) \mathrm{d} t\right)$\\
$=-\left(1+v_{0}\right) \mathrm{e}^{-t}-t(+D)$\\
$\left(t=0, s=0\right.$ so) $D=1+v_{0}$\\
$s(t)=-\left(1+v_{0}\right) \mathrm{e}^{-t}-t+1+v_{0}$\\
at $S_{\max }, \mathrm{e}^{T}=1+v_{0} \Rightarrow T=\ln \left(1+v_{0}\right)$\\
Substituting into $s(t)\left(=-\left(1+v_{0}\right) \mathrm{e}^{-t}-t+1+v_{0}\right)$

$$
\begin{aligned}
& s_{\max }=-\left(1+v_{0}\right)\left(\frac{1}{1+v_{0}}\right)-\ln \left(1+v_{0}\right)+v_{0}+1 \\
& \left(s_{\max }=v_{0}-\ln \left(1+v_{0}\right)\right)
\end{aligned}
$$

(c) METHOD 1\\
$v(T-k)=\left(1+v_{0}\right) \mathrm{e}^{-T} \mathrm{e}^{k}-1$\\
$=\left(1+v_{0}\right)\left(\frac{1}{1+v_{0}}\right) \mathrm{e}^{k}-1$\\
A1\\
$=\mathrm{e}^{k}-1$

\section*{METHOD 2}
$$
\begin{aligned}
& v(T-k)=\left(1+v_{0}\right) \mathrm{e}^{-(T-k)}-1 \\
& =e^{T} \mathrm{e}^{-(T-k)}-1 \\
& =e^{T-T+k}-1 \\
& =\mathrm{e}^{k}-1
\end{aligned}
$$

$$
\begin{aligned}
& \text { M1 } \\
& \text { A1 }
\end{aligned}
$$AG

Question 11 continued\\
(d) METHOD 1\\
$v(T+k)=\left(1+v_{0}\right) \mathrm{e}^{-T} \mathrm{e}^{-k}-1$\\
$=\mathrm{e}^{-\mathrm{k}}-1$

METHOD 2


\begin{align*}
& v(T+k)=\left(1+v_{0}\right) \mathrm{e}^{-(T+k)}-1  \tag{A1}\\
& \quad=e^{T} \mathrm{e}^{-(T+k)}-1 \\
& =e^{T-T-k}-1 \\
& =\mathrm{e}^{-k}-1
\end{align*}


(e) METHOD 1\\
$v(T-k)+v(T+k)=\mathrm{e}^{k}+\mathrm{e}^{-k}-2$\\
A1\\
attempt to express as a square\\
M1\\
$=\left(\mathrm{e}^{\frac{k}{2}}-\mathrm{e}^{-\frac{k}{2}}\right)^{2}(\geq 0)$\\
A1\\
so $v(T-k)+v(T+k) \geq 0$\\
AG

METHOD 2\\
$v(T-k)+v(T+k)=\mathrm{e}^{k}+\mathrm{e}^{-k}-2$\\
Attempt to solve $\frac{\mathrm{d}}{\mathrm{d} k}\left(\mathrm{e}^{k}+\mathrm{e}^{-k}\right)=0 \quad(\Rightarrow k=0)$\\
M1\\
minimum value of 2 , (when $k=0$ ), hence $\mathrm{e}^{k}+\mathrm{e}^{-k} \geq 2$\\
R1\\
so $v(T-k)+v(T+k) \geq 0$\\",Calculator Not Allowed,,,,,,,,,IBDP,,,,,,,,TRUE,2025,
,TRUE,12,19,2021,May,Paper 1,TZ2,"The following diagram shows the graph of $y=\arctan (2 x+1)+\cfrac{\pi}{4}$ for $x \in \mathbb{R}$, with asymptotes at $y=-\cfrac{\pi}{4}$ and $y=\cfrac{3 \pi}{4}$.
\begin{center}
\includegraphics[scale=0.1,height=8cm]{SV_IBDP_FST_AA HL_May 2021 _Paper 1_TZ2_5.png}
\end{center}
\begin{parts}
\part[3] Describe a sequence of transformations that transforms the graph of $y=\arctan x$ to the graph of $y=\arctan (2 x+1)+\cfrac{\pi}{4}$ for $x \in \mathbb{R}$.
\part[4] Show that $\arctan p+\arctan q \equiv \arctan \left(\cfrac{p+q}{1-p q}\right)$ where $p, q>0$ and $p q<1$.
\part[3] Verify that $\arctan (2 x+1)=\arctan \left(\cfrac{x}{x+1}\right)+\cfrac{\pi}{4}$ for $x \in \mathbb{R}, x>0$.
\part[9] Using mathematical induction and the result from part (b), prove that $\sum_{r=1}^n \arctan \left(\cfrac{1}{2 r^2}\right)=\arctan \left(\cfrac{n}{n+1}\right)$ for $n \in \mathbb{Z}^{+}$.
\end{parts}","Mathematical Induction
Transformations of Functions
Trigonometry","1. Numbers and Algebra
2. Functions
3. Geometry and Trigonometry",HL,"(a) EITHER\\
horizontal stretch/scaling with scale factor $\frac{1}{2}$

Note: Do not allow 'shrink' or 'compression'\\
followed by a horizontal translation/shift $\frac{1}{2}$ units to the left\\
Note: Do not allow 'move'\\
OR\\
horizontal translation/shift 1 unit to the left\\
followed by horizontal stretch/scaling with scale factor $\frac{1}{2}$\\
THEN\\
vertical translation/shift up by $\frac{\pi}{4}$ (or translation through $\binom{0}{\frac{\pi}{4}}$ )\\
(may be seen anywhere)\\
(b) let $\alpha=\arctan p$ and $\beta=\arctan q$\\
$p=\tan \alpha$ and $q=\tan \beta$\\
$\tan (\alpha+\beta)=\frac{p+q}{1-p q}$\\
A1\\
$\alpha+\beta=\arctan \left(\frac{p+q}{1-p q}\right)$\\
A1\\
so $\arctan p+\arctan q \equiv \arctan \left(\frac{p+q}{1-p q}\right)$ where $p, q>0$ and $p q<1$\\
AG

Question 12 continued\\
(c) METHOD 1

$$
\begin{aligned}
& \frac{\pi}{4}=\arctan 1 \text { (or equivalent) } \\
& \arctan \left(\frac{x}{x+1}\right)+\arctan 1=\arctan \left(\frac{\frac{x}{x+1}+1}{1-\frac{x}{x+1}(1)}\right) \\
& =\arctan \left(\frac{\frac{x+x+1}{x+1}}{\frac{x+1-x}{x+1}}\right) \\
& =\arctan (2 x+1)
\end{aligned}
$$A1

\section*{METHOD 2}
$\tan \frac{\pi}{4}=1$ (or equivalent)\\
A1\\
Consider $\arctan (2 x+1)-\arctan \left(\frac{x}{x+1}\right)=\frac{\pi}{4}$\\
$\tan \left(\arctan (2 x+1)-\arctan \left(\frac{x}{x+1}\right)\right)$\\
$=\arctan \left(\frac{2 x+1-\frac{x}{x+1}}{1+\frac{x(2 x+1)}{x+1}}\right)$\\
A1\\
$=\arctan \left(\frac{(2 x+1)(x+1)-x}{x+1+x(2 x+1)}\right)$\\
A1\\
$=\arctan 1$\\
AG\\
\\
continued...

Question 12 continued

\section*{METHOD 3}
$$
\begin{aligned}
& \tan (\arctan (2 x+1))=\tan \left(\arctan \left(\frac{x}{x+1}\right)+\frac{\pi}{4}\right) \\
& \tan \frac{\pi}{4}=1 \text { (or equivalent) }
\end{aligned}
$$A1

LHS $=2 x+1 \quad$ A1\\
RHS $=\frac{\frac{x}{x+1}+1}{1-\frac{x}{x+1}}(=2 x+1)$

\section*{Question 12 continued}
(d) let $\mathrm{P}(n)$ be the proposition that $\sum_{r=1}^{n} \arctan \left(\frac{1}{2 r^{2}}\right)=\arctan \left(\frac{n}{n+1}\right)$ for $n \in \mathbb{Z}^{+}$ consider $\mathrm{P}(1)$ :\\
when $n=1, \sum_{r=1}^{1} \arctan \left(\frac{1}{2 r^{2}}\right)=\arctan \left(\frac{1}{2}\right)=$ RHS and so $\mathrm{P}(1)$ is true\\
assume $\mathrm{P}(k)$ is true, ie. $\sum_{r=1}^{k} \arctan \left(\frac{1}{2 r^{2}}\right)=\arctan \left(\frac{k}{k+1}\right)\left(k \in \mathbb{Z}^{+}\right)$\\
Note: Award MO for statements such as ""let $n=k$ "".\\
Note: Subsequent marks after this $\boldsymbol{M}$ 1 are independent of this mark and can be awarded.\\
consider $\mathrm{P}(k+1)$ :

$$
\begin{aligned}
& \sum_{r=1}^{k+1} \arctan \left(\frac{1}{2 r^{2}}\right)=\sum_{r=1}^{k} \arctan \left(\frac{1}{2 r^{2}}\right)+\arctan \left(\frac{1}{2(k+1)^{2}}\right) \\
& =\arctan \left(\frac{k}{k+1}\right)+\arctan \left(\frac{1}{2(k+1)^{2}}\right)
\end{aligned}
$$

$=\arctan \left(\frac{\frac{k}{k+1}+\frac{1}{2(k+1)^{2}}}{1-\left(\frac{k}{k+1}\right)\left(\frac{1}{2(k+1)^{2}}\right)}\right)$\\
$=\arctan \left(\frac{(k+1)\left(2 k^{2}+2 k+1\right)}{2(k+1)^{3}-k}\right)$\\
Note: Award A1 for correct numerator, with ( $\mathrm{k}+1$ ) factored. Denominator does not need to be simplified

$$
=\arctan \left(\frac{(k+1)\left(2 k^{2}+2 k+1\right)}{2 k^{3}+6 k^{2}+5 k+2}\right)
$$

Note: Award $\boldsymbol{A 1}$ for denominator correctly expanded. Numerator does not need to be simplified. These two $\boldsymbol{A}$ marks may be awarded in any order

$$
=\arctan \left(\frac{(k+1)\left(2 k^{2}+2 k+1\right)}{(k+2)\left(2 k^{2}+2 k+1\right)}\right)=\arctan \left(\frac{k+1}{k+2}\right)
$$

Note: The word 'arctan' must be present to be able to award the last three A marks

Question 12 continued\\
$\mathrm{P}(k+1)$ is true whenever $\mathrm{P}(k)$ is true and $\mathrm{P}(1)$ is true, so\\
$\mathrm{P}(n)$ is true for $n \in \mathbb{Z}^{+} \quad \boldsymbol{R 1}$\\
Note: Award the final $\boldsymbol{R} \mathbf{1}$ mark provided at least four of the previous marks have been awarded.\\
Note: To award the final $\boldsymbol{R} \mathbf{1}$, the truth of $\mathrm{P}(k)$ must be mentioned. ' $\mathrm{P}(k)$ implies $\mathrm{P}(k+1)$ ' is insufficient to award the mark.
",Calculator Not Allowed,,,,,,,,,IBDP,,,,,,,,TRUE,2025,
,TRUE,1,4,2021,Nov,Paper 1,TZ0,"Given that $\cfrac{\mathrm{d} y}{\mathrm{~d} x}=\cos \left(x-\cfrac{\pi}{4}\right)$ and $y=2$ when $x=\cfrac{3 \pi}{4}$, find $y$ in terms of $x$.",Integral Calculus,5. Calculus,HL,"\section*{Section A}
\begin{enumerate}
  \item METHOD 1\\
recognition that $y=\int \cos \left(x-\frac{\pi}{4}\right) \mathrm{d} x$\\
$y=\sin \left(x-\frac{\pi}{4}\right)(+c)$\\
substitute both $x$ and $y$ values into their integrated expression including $c$\\
$2=\sin \frac{\pi}{2}+c$\\
$c=1$\\
$y=\sin \left(x-\frac{\pi}{4}\right)+1$
\end{enumerate}

\section*{METHOD 2}
$$
\begin{aligned}
& \int_{2}^{y} \mathrm{~d} y=\int_{\frac{3 \pi}{4}}^{x} \cos \left(x-\frac{\pi}{4}\right) \mathrm{d} x \\
& y-2=\sin \left(x-\frac{\pi}{4}\right)-\sin \frac{\pi}{2} \\
& y=\sin \left(x-\frac{\pi}{4}\right)+1
\end{aligned}
$$",Calculator Not Allowed,,,,,,,,,IBDP,,,,,,,,TRUE,2025,
,TRUE,2,9,2021,Nov,Paper 1,TZ0,"The function $f$ is defined by $f(x)=\cfrac{2 x+4}{3-x}$, where $x \in \mathbb{R}, x \neq 3$.
\begin{parts}
\part Write down the equation of
\begin{enumerate}[label=(\roman*)]
\item the vertical asymptote of the graph of $f$;
\item the horizontal asymptote of the graph of $f$.
\end{enumerate}
\part Find the coordinates where the graph of $f$ crosses
\begin{enumerate}[label=(\roman*)]
\item the $x$-axis;
\item the $y$-axis.
\end{enumerate} \part[1] Sketch the graph of $f$ on the axes below.
\begin{center}
\includegraphics[scale=0.1,height=10cm]{SV_IBDP_FST_AA HL_November 2021_Paper 1_TZ0_1.png}
\end{center}
The function $g$ is defined by $g(x)=\cfrac{a x+4}{3-x}$, where $x \in \mathbb{R}, x \neq 3$ and $a \in \mathbb{R}$.
\part[4] Given that $g(x)=g^{-1}(x)$, determine the value of $a$.
\end{parts}",Rational Functions,2. Functions,HL,"(a) (i) $x=3$\\
A1\\
(ii) $\quad y=-2$\\
A1\\
\\
(b) (i) $(-2,0)$ (accept $x=-2) \quad$ A1\\
(ii) $\quad\left(0, \frac{4}{3}\right)$ (accept $y=\frac{4}{3}$ and $f(0)=\frac{4}{3}$ )\\
\\
continued..

Question 2 continued.\\
(c)\\
\includegraphics[width=0.4\textwidth]{2024_10_08_f156d9ff7365ee0f62d6g-10}

Note: Award A1 for completely correct shape: two branches in correct quadrants with asymptotic behaviour.

Question 2 continued.\\
(d) METHOD 1

$$
(g(x)=) y=\frac{a x+4}{3-x}
$$

attempt to find $x$ in terms of $y$\\
OR exchange $x$ and $y$ and attempt to find $y$ in terms of $x$

$$
\begin{aligned}
& 3 y-x y=a x+4 \\
& a x+x y=3 y-4 \\
& x(a+y)=3 y-4 \\
& x=\frac{3 y-4}{y+a} \\
& g^{-1}(x)=\frac{3 x-4}{x+a}
\end{aligned}
$$

Note: Condone use of $y=$

$$
\begin{aligned}
& g(x) \equiv g^{-1}(x) \\
& \frac{a x+4}{3-x} \equiv \frac{3 x-4}{x+a}
\end{aligned}
$$

$\Rightarrow a=-3$

Question 2 continued.

\section*{METHOD 2}
$g(x)=\frac{a x+4}{3-x}$\\
attempt to find an expression for $g(g(x))$ and equate to $x$\\
$g g(x)=\frac{a\left(\frac{a x+4}{3-x}\right)+4}{3-\left(\frac{a x+4}{3-x}\right)}=x$\\
$\frac{a(a x+4)+4(3-x)}{(9-3 x)-(a x+4)}=x$\\
$\frac{a(a x+4)+4(3-x)}{5-(3+a) x}=x$\\
$a(a x+4)+4(3-x)=x(5-(3+a) x)$\\
equating coefficients of $x^{2}$ (or similar)\\
$a=-3$\\",Calculator Not Allowed,,,,,,,,,IBDP,,,,,,,,TRUE,2025,
,TRUE,3,5,2021,Nov,Paper 1,TZ0,"Solve the equation $\log _3 \sqrt{x}=\cfrac{1}{2 \log _2 3}+\log _3\left(4 x^3\right)$, where $x>0$.",Exponents and Logs,1. Numbers and Algebra,HL,"attempt to use change the base\\
$\log _{3} \sqrt{x}=\frac{\log _{3} 2}{2}+\log _{3}\left(4 x^{3}\right)$\\
attempt to use the power rule\\
$\log _{3} \sqrt{x}=\log _{3} \sqrt{2}+\log _{3}\left(4 x^{3}\right)$\\
attempt to use product or quotient rule for logs, $\ln a+\ln b=\ln a b$\\
$\log _{3} \sqrt{x}=\log _{3}\left(4 \sqrt{2} x^{3}\right)$\\
Note: The $\boldsymbol{M}$ marks are for attempting to use the relevant log rule and may be applied in any order and at any time during the attempt seen.\\
$\sqrt{x}=4 \sqrt{2} x^{3}$\\
$x=32 x^{6}$\\
$x^{5}=\frac{1}{32}$\\
$x=\frac{1}{2}$\\",Calculator Not Allowed,,,,,,,,,IBDP,,,,,,,,TRUE,2025,
,TRUE,4,5,2021,Nov,Paper 1,TZ0,"Box 1 contains 5 red balls and 2 white balls.
Box 2 contains 4 red balls and 3 white balls.
\begin{parts}
\part[3] A box is chosen at random and a ball is drawn. Find the probability that the ball is red.
Let $A$ be the event that ""box 1 is chosen"" and let $R$ be the event that ""a red ball is drawn"".
\part[2] Determine whether events $A$ and $R$ are independent.
\end{parts}",Probability,4. Statistics and Probability,HL,"(a) valid approach to find $\mathrm{P}(R)$\\
tree diagram (must include probabilty of picking box) with correct required probabilities OR P $\left(R \cap B_{1}\right)+\mathrm{P}\left(R \cap B_{2}\right)$ OR $\mathrm{P}\left(R \mid B_{1}\right) \mathrm{P}\left(B_{1}\right)+\mathrm{P}\left(R \mid B_{2}\right) \mathrm{P}\left(B_{2}\right)$\\
$\frac{5}{7} \cdot \frac{1}{2}+\frac{4}{7} \cdot \frac{1}{2}$\\
$\mathrm{P}(R)=\frac{9}{14}$\\
(b) events $A$ and $R$ are not independent, since $\frac{9}{14} \cdot \frac{1}{2} \neq \frac{5}{14}$ OR $\frac{5}{7} \neq \frac{9}{14}$ OR $\frac{5}{9} \neq \frac{1}{2}$

OR an explanation e.g. different number of red balls in each box\\
Note: Both conclusion and reasoning are required. Do not split the A2.\\
\\
Total \\",Calculator Not Allowed,,,,,,,,,IBDP,,,,,,,,TRUE,2025,
,TRUE,5,7,2021,Nov,Paper 1,TZ0,"The function $f$ is defined for all $x \in \mathbb{R}$. The line with equation $y=6 x-1$ is the tangent to the graph of $f$ at $x=4$.
\begin{parts}
\part[1] Write down the value of $f^{\prime}(4)$.
\part[1] Find $f(4)$.
The function $g$ is defined for all $x \in \mathbb{R}$ where $g(x)=x^2-3 x$ and $h(x)=f(g(x))$.
\part[2] Find $h(4)$.
\part[3] Hence find the equation of the tangent to the graph of $h$ at $x=4$.
\end{parts}","Properties of Functions
Differential Equations","1. Numbers and Algebra
5. Calculus",HL,"(a) $f^{\prime}(4)=6$\\
(b) $f(4)=6 \times 4-1=23$\\
(c) $\quad h(4)=f(g(4))$

$$
h(4)=f\left(4^{2}-3 \times 4\right)=f(4)
$$

$h(4)=23$\\
(d) attempt to use chain rule to find $h^{\prime}$

$$
\begin{aligned}
& f^{\prime}(g(x)) \times g^{\prime}(x) \text { OR }\left(x^{2}-3 x\right)^{\prime} \times f^{\prime}\left(x^{2}-3 x\right) \\
& h^{\prime}(4)=(2 \times 4-3) f^{\prime}\left(4^{2}-3 \times 4\right) \\
& =30 \\
& y-23=30(x-4) \text { OR } y=30 x-97
\end{aligned}
$$

A1A1\\",Calculator Not Allowed,,,,,,,,,IBDP,,,,,,,,TRUE,2025,
,TRUE,6,7,2021,Nov,Paper 1,TZ0,"\begin{parts}
\part[2] Show that $2 x-3-\cfrac{6}{x-1}=\cfrac{2 x^2-5 x-3}{x-1}, x \in \mathbb{R}, x \neq 1$.
\part[5] Hence or otherwise, solve the equation $2 \sin 2 \theta-3-\cfrac{6}{\sin 2 \theta-1}=0$ for $0 \leq \theta \leq \pi, \theta \neq \cfrac{\pi}{4}$.
\end{parts}","Proofs
Trigonometric Functions","1. Numbers and Algebra
3. Geometry and Trigonometry",HL,"(a) METHOD 1\\
attempt to write all LHS terms over a common denominator of $x-1$


\begin{align*}
& 2 x-3-\frac{6}{x-1}=\frac{2 x(x-1)-3(x-1)-6}{x-1} \text { OR } \frac{(2 x-3)(x-1)}{x-1}-\frac{6}{x-1} \\
& =\frac{2 x^{2}-2 x-3 x+3-6}{x-1} \text { OR } \frac{2 x^{2}-5 x+3}{x-1}-\frac{6}{x-1} \\
& =\frac{2 x^{2}-5 x-3}{x-1}
\end{align*}
A1

\section*{METHOD 2}
attempt to use algebraic division on RHS\\
correctly obtains quotient of $2 x-3$ and remainder -6\\
$=2 x-3-\frac{6}{x-1}$ as required.

Question 6 continued.\\
(b) consider the equation $\frac{2 \sin ^{2} 2 \theta-5 \sin 2 \theta-3}{\sin 2 \theta-1}=0$\\
$\Rightarrow 2 \sin ^{2} 2 \theta-5 \sin 2 \theta-3=0$

\section*{EITHER}
attempt to factorise in the form $(2 \sin 2 \theta+a)(\sin 2 \theta+b)$\\
Note: Accept any variable in place of $\sin 2 \theta$.\\
$(2 \sin 2 \theta+1)(\sin 2 \theta-3)=0$\\
OR\\
attempt to substitute into quadratic formula\\
$\sin 2 \theta=\frac{5 \pm \sqrt{49}}{4}$\\
THEN\\
$\sin 2 \theta=-\frac{1}{2}$ or $\sin 2 \theta=3$

Note: Award $\boldsymbol{A 1}$ for $\sin 2 \theta=-\frac{1}{2}$ only.\\
one of $\frac{7 \pi}{6}$ OR $\frac{11 \pi}{6} \quad$ (accept 210 or 330 )\\
$\theta=\frac{7 \pi}{12}, \frac{11 \pi}{12}$ (must be in radians)\\
Note: Award AO if additional answers given.\\",Calculator Not Allowed,,,,,,,,,IBDP,,,,,,,,TRUE,2025,
,TRUE,7,7,2021,Nov,Paper 1,TZ0,"The equation $3 p x^2+2 p x+1=p$ has two real, distinct roots.
\begin{parts}
\part[5] Find the possible values for $p$.
\part[2] Consider the case when $p=4$. The roots of the equation can be expressed in the form $x=\cfrac{a \pm \sqrt{13}}{6}$, where $a \in \mathbb{Z}$. Find the value of $a$.
\end{parts}",Quadratics,2. Functions,HL,"(a) attempt to use discriminant $b^{2}-4 a c(>0)$\\
$(2 p)^{2}-4(3 p)(1-p)(>0)$\\
$16 p^{2}-12 p(>0)$\\
$p(4 p-3)(>0)$\\
attempt to find critical values $\left(p=0, p=\frac{3}{4}\right)$\\
recognition that discriminant $>0$\\
$p<0$ or $p>\frac{3}{4}$\\
Note: Condone 'or' replaced with 'and', a comma, or no separator\\
(b) $p=4 \Rightarrow 12 x^{2}+8 x-3=0$\\
valid attempt to use $x=\frac{-b \pm \sqrt{b^{2}-4 a c}}{2 a}$ (or equivalent)\\
$x=\frac{-8 \pm \sqrt{208}}{24}$\\
$x=\frac{-2 \pm \sqrt{13}}{6}$\\
$a=-2$\\",Calculator Not Allowed,,,,,,,,,IBDP,,,,,,,,TRUE,2025,
,TRUE,8,7,2021,Nov,Paper 1,TZ0,"Solve the differential equation $\cfrac{\mathrm{d} y}{\mathrm{~d} x}=\cfrac{\ln 2 x}{x^2}-\cfrac{2 y}{x}, x>0$, given that $y=4$ at $x=\cfrac{1}{2}$. Give your answer in the form $y=f(x)$.",Differential Equations,5. Calculus,HL,"$\frac{\mathrm{d} y}{\mathrm{~d} x}+\frac{2 y}{x}=\frac{\ln 2 x}{x^{2}}$\\
attempt to find integrating factor\\
$\left(\mathrm{e}^{\int \frac{2}{x} d x}=\mathrm{e}^{2 \ln x}\right)=x^{2}$\\
$x^{2} \frac{\mathrm{~d} y}{\mathrm{~d} x}+2 x y=\ln 2 x$\\
$\frac{\mathrm{d}}{\mathrm{d} x}\left(x^{2} y\right)=\ln 2 x$\\
$x^{2} y=\int \ln 2 x \mathrm{~d} x$\\
attempt to use integration by parts\\
$x^{2} y=x \ln 2 x-x(+c)$\\
$y=\frac{\ln 2 x}{x}-\frac{1}{x}+\frac{c}{x^{2}}$\\
substituting $x=\frac{1}{2}, y=4$ into an integrated equation involving $c$\\
$4=0-2+4 c$\\
$\Rightarrow c=\frac{3}{2}$\\
$y=\frac{\ln 2 x}{x}-\frac{1}{x}+\frac{3}{2 x^{2}}$\\",Calculator Not Allowed,,,,,,,,,IBDP,,,,,,,,TRUE,2025,
,TRUE,9,7,2021,Nov,Paper 1,TZ0,"Consider the expression $\cfrac{1}{\sqrt{1+a x}}-\sqrt{1-x}$ where $a \in \mathbb{Q}, a \neq 0$.
The binomial expansion of this expression, in ascending powers of $x$, as far as the term in $x^2$ is $4 b x+b x^2$, where $b \in \mathbb{Q}$.
\begin{parts}
\part[6] Find the value of $a$ and the value of $b$.
\part[1] State the restriction which must be placed on $x$ for this expansion to be valid.
\end{parts}
}",Binomial Theorem,1. Numbers and Algebra,HL,"(a) attempt to expand binomial with negative fractional power

$$
\begin{aligned}
& \frac{1}{\sqrt{1+a x}}=(1+a x)^{-\frac{1}{2}}=1-\frac{a x}{2}+\frac{3 a^{2} x^{2}}{8}+\ldots \\
& \sqrt{1-x}=(1-x)^{\frac{1}{2}}=1-\frac{x}{2}-\frac{x^{2}}{8}+\ldots \\
& \frac{1}{\sqrt{1+a x}}-\sqrt{1-x}=\frac{(1-a)}{2} x+\left(\frac{3 a^{2}+1}{8}\right) x^{2}+\ldots
\end{aligned}
$$

attempt to equate coefficients of $x$ or $x^{2}$\\
$x: \quad \frac{1-a}{2}=4 b ; x^{2}: \frac{3 a^{2}+1}{8}=b$\\
attempt to solve simultaneously\\
$a=-\frac{1}{3}, b=\frac{1}{6}$\\
(b) $|x|<1$",Calculator Not Allowed,,,,,,,,,IBDP,,,,,,,,TRUE,2025,
,TRUE,10,16,2021,Nov,Paper 1,TZ0,"A particle $P$ moves along the $x$-axis. The velocity of $P$ is $v \mathrm{~m} \mathrm{~s}^{-1}$ at time $t$ seconds, where $v(t)=4+4 t-3 t^2$ for $0 \leq t \leq 3$.
When $t=0, P$ is at the origin $\mathrm{O}$.
\begin{parts}
\part[7] \begin{enumerate}[label=(\roman*)]
\item Find the value of $t$ when $P$ reaches its maximum velocity.
\item Show that the distance of $P$ from $\mathrm{O}$ at this time is $\cfrac{88}{27}$ metres.
\end{enumerate}
\part[4] Sketch a graph of $v$ against $t$, clearly showing any points of intersection with the axes.
\part[5] Find the total distance travelled by $P$.
\end{parts}","Differential Calculus
Integral Calculus
Kinematics",5. Calculus,HL,"(a) (i) valid approach to find turning point ( $v^{\prime}=0,-\frac{b}{2 a}$, average of roots)


$$
\begin{aligned}
& 4-6 t=0 \quad \text { OR } \quad-\frac{4}{2(-3)} \quad \text { OR } \quad \frac{-\frac{2}{3}+2}{2} \\
& t=\frac{2}{3}(\mathrm{~s})
\end{aligned}
$$

(ii) attempt to integrate $v$

$$
\int v \mathrm{~d} t=\int\left(4+4 t-3 t^{2}\right) \mathrm{d} t=4 t+2 t^{2}-t^{3}(+c)
$$

Note: Award $\boldsymbol{A} \mathbf{1}$ for $4 t+2 t^{2}, \boldsymbol{A} \mathbf{1}$ for $-t^{3}$.\\
attempt to substitute their $t$ into their solution for the integral\\
distance $=4\left(\frac{2}{3}\right)+2\left(\frac{2}{3}\right)^{2}-\left(\frac{2}{3}\right)^{3}$\\
$=\frac{8}{3}+\frac{8}{9}-\frac{8}{27}$ (or equivalent)\\
$=\frac{88}{27}(\mathrm{~m})$

Question 10 continued.\\
(b)\\
\includegraphics[width=0.4\textwidth]{2024_10_08_f156d9ff7365ee0f62d6g-22}\\
valid approach to solve $4+4 t-3 t^{2}=0$ (may be seen in part (a))\\
$(2-t)(2+3 t)$ OR $\frac{-4 \pm \sqrt{16+48}}{-6}$\\
correct $x$ - intercept on the graph at $t=2$

Note: The following two $\boldsymbol{A}$ marks may only be awarded if the shape is a concave down parabola. These two marks are independent of each other and the (M1).\\
correct domain from 0 to 3 starting at $(0,4)$

Note: The 3 must be clearly indicated.\\
vertex in approximately correct place for $t=\frac{2}{3}$ and $v>4$

Question 10 continued.\\
(c) recognising to integrate between 0 and 2, or 2 and $3 \mathrm{OR} \int_{0}^{3}\left|4+4 t-3 t^{2}\right| \mathrm{d} t$

$$
\begin{aligned}
& \int_{0}^{2}\left(4+4 t-3 t^{2}\right) \mathrm{d} t \\
& =8 \\
& \int_{2}^{3}\left(4+4 t-3 t^{2}\right) \mathrm{d} t \\
& =-5
\end{aligned}
$$A1

valid approach to sum the two areas (seen anywhere) ..... (M1)\\
$\int_{0}^{2} v \mathrm{~d} t-\int_{2}^{3} v \mathrm{~d} t \quad$ OR $\int_{0}^{2} v \mathrm{~d} t+\left|\int_{2}^{3} v \mathrm{~d} t\right|$\\
total distance travelled $=13(\mathrm{~m})$\\",Calculator Not Allowed,,,,,,,,,IBDP,,,,,,,,TRUE,2025,
,TRUE,11,14,2021,Nov,Paper 1,TZ0,"\begin{parts}
\part[7] Prove by mathematical induction that $\cfrac{\mathrm{d}^n}{\mathrm{~d} x^n}\left(x^2 \mathrm{e}^x\right)=\left[x^2+2 n x+n(n-1)\right] \mathrm{e}^x$ for $n \in \mathbb{Z}^{+}$.
\part[3] Hence or otherwise, determine the Maclaurin series of $f(x)=x^2 \mathrm{e}^x$ in ascending powers of $x$, up to and including the term in $x^4$.
\part[4] Hence or otherwise, determine the value of $\lim _{x \rightarrow 0}\left[\cfrac{\left(x^2 \mathrm{e}^x-x^2\right)^3}{x^9}\right]$.
\end{parts}","Mathematical Induction
Maclaurin Series","1. Numbers and Algebra
5. Calculus",HL,"(a) For $n=1$
LHS: $\frac{\mathrm{d}}{\mathrm{d} x}\left(x^{2} \mathrm{e}^{x}\right)=x^{2} \mathrm{e}^{x}+2 x \mathrm{e}^{x}\left(=\mathrm{e}^{x}\left(x^{2}+2 x\right)\right)$\\
RHS: $\left(x^{2}+2(1) x+1(1-1)\right) \mathrm{e}^{x}\left(=\mathrm{e}^{x}\left(x^{2}+2 x\right)\right)$\\
so true for $n=1$\\
now assume true for $n=k$; i.e. $\frac{\mathrm{d}^{k}}{\mathrm{~d} x^{k}}\left(x^{2} \mathrm{e}^{x}\right)=\left[x^{2}+2 k x+k(k-1)\right] \mathrm{e}^{x}$\\
Note: Do not award $\boldsymbol{M} \mathbf{1}$ for statements such as ""let $n=k$ "". Subsequent marks can still be awarded.\\
attempt to differentiate the RHS

$$
\begin{aligned}
& \frac{\mathrm{d}^{k+1}}{\mathrm{~d} x^{k+1}}\left(x^{2} \mathrm{e}^{x}\right)=\frac{\mathrm{d}}{\mathrm{~d} x}\left(\left[x^{2}+2 k x+k(k-1)\right] \mathrm{e}^{x}\right) \\
& =(2 x+2 k) \mathrm{e}^{x}+\left(x^{2}+2 k x+k(k-1)\right) \mathrm{e}^{x} \\
& =\left[x^{2}+2(k+1) x+k(k+1)\right] \mathrm{e}^{x}
\end{aligned}
$$

so true for $n=k$ implies true for $n=k+1$\\
therefore $n=1$ true and $n=k$ true $\Rightarrow n=k+1$ true\\
therefore, true for all $n \in \mathbb{Z}^{+}$\\
R1\\
Note: Award R1 only if three of the previous four marks have been awarded

Question 11 continued.

\section*{(b) METHOD 1}
attempt to use $\frac{\mathrm{d}^{n}}{\mathrm{~d} x^{n}}\left(x^{2} \mathrm{e}^{\mathrm{x}}\right)=\left[x^{2}+2 n x+n(n-1)\right] \mathrm{e}^{x}$

Note: For $x=0, \frac{\mathrm{~d}^{n}}{\mathrm{~d} x^{n}}\left(x^{2} \mathrm{e}^{x}\right)_{\mid x=0}=n(n-1)$ may be seen.\\
$f(0)=0, f^{\prime}(0)=0, f^{\prime \prime}(0)=2, f^{\prime \prime \prime}(0)=6, f^{(4)}(0)=12$\\
use of $f(x)=f(0)+x f^{\prime}(0)+\frac{x^{2}}{2!} f^{\prime \prime}(0)+\frac{x^{3}}{3!} f^{\prime \prime \prime}(0)+\frac{x^{4}}{4!} f^{(4)}(0)+\ldots$\\
$\Rightarrow f(x) \approx x^{2}+x^{3}+\frac{1}{2} x^{4}$

METHOD 2\\
' $x^{2} \times$ Maclaurin series of $\mathrm{e}^{x}$,\\
$x^{2}\left(1+x+\frac{x^{2}}{2!}+\ldots\right)$\\
$\Rightarrow f(x) \approx x^{2}+x^{3}+\frac{1}{2} x^{4}$

Question 11 continued.\\
(c) METHOD 1\\
attempt to substitute $x^{2} \mathrm{e}^{x} \approx x^{2}+x^{3}+\frac{1}{2} x^{4}$ into $\frac{\left(x^{2} \mathrm{e}^{x}-x^{2}\right)^{3}}{x^{9}}$\\
$\frac{\left(x^{2} \mathrm{e}^{x}-x^{2}\right)^{3}}{x^{9}} \approx \frac{\left(x^{2}+x^{3}+\frac{1}{2} x^{4}(+\ldots)-x^{2}\right)^{3}}{x^{9}}$

\section*{EITHER}
$$
\begin{aligned}
& =\frac{\left(x^{3}+\frac{1}{2} x^{4}+\ldots\right)^{3}}{x^{9}} \\
& =\frac{x^{9}(+ \text { higher order terms })}{x^{9}}
\end{aligned}
$$

OR

$$
\begin{aligned}
& \left(\frac{x^{3}+\frac{1}{2} x^{4}(+\ldots)}{x^{3}}\right)^{3} \\
& \left(1+\frac{1}{2} x(+\ldots)\right)^{3}
\end{aligned}
$$

\section*{THEN}
$=1$ ( + higher order terms)\\
So $\lim _{x \rightarrow 0}\left[\frac{\left(x^{2} \mathrm{e}^{x}-x^{2}\right)^{3}}{x^{9}}\right]=1$

Question 11 continued.

\section*{METHOD 2}
$$
\begin{aligned}
& \lim _{x \rightarrow 0}\left[\frac{\left(x^{2} \mathrm{e}^{x}-x^{2}\right)^{3}}{x^{9}}\right]=\lim _{x \rightarrow 0}\left(\frac{x^{2} \mathrm{e}^{x}-x^{2}}{x^{3}}\right)^{3} \\
& =\lim _{x \rightarrow 0}\left(\frac{\mathrm{e}^{x}-1}{x}\right)^{3}
\end{aligned}
$$

attempt to use L'Hôpital's rule

$$
\begin{aligned}
& =\lim _{x \rightarrow 0}\left(\frac{\mathrm{e}^{x}-0}{1}\right)^{3} \\
& =\left[\lim _{x \rightarrow 0} \mathrm{e}^{x}\right]^{3} \\
& =1
\end{aligned}
$$A1",Calculator Not Allowed,,,,,,,,,IBDP,,,,,,,,TRUE,2025,
,TRUE,12,22,2021,Nov,Paper 1,TZ0,"Consider the equation $(z-1)^3=\mathrm{i}, z \in \mathbb{C}$. The roots of this equation are $\omega_1, \omega_2$ and $\omega_3$, where $\operatorname{Im}\left(\omega_2\right)>0$ and $\operatorname{Im}\left(\omega_3\right)<0$.
\begin{parts}
\part[6] \begin{enumerate}[label=(\roman*)]
\item Verify that $\omega_1=1+\mathrm{e}^{\mathrm{i} \cfrac{\pi}{6}}$ is a root of this equation.
\item Find $\omega_2$ and $\omega_3$, expressing these in the form $a+\mathrm{e}^{\mathrm{i} \theta}$, where $a \in \mathbb{R}$ and $\theta>0$.
\end{enumerate}
The roots $\omega_1, \omega_2$ and $\omega_3$ are represented by the points $\mathrm{A}, \mathrm{B}$ and $\mathrm{C}$ respectively on an Argand diagram.
\part[4] Plot the points $\mathrm{A}, \mathrm{B}$ and $\mathrm{C}$ on an Argand diagram.
\part[3] Find $\mathrm{AC}$.
Consider the equation $(z-1)^3=\mathrm{i} z^3, z \in \mathbb{C}$.
\part[3] By using de Moivre's theorem, show that $\alpha=\cfrac{1}{1-\mathrm{e}^{\mathrm{i} \cfrac{\pi}{6}}}$ is a root of this equation.
\part[6] Determine the value of $\operatorname{Re}(\alpha)$.
\end{parts}",Complex Numbers,1. Numbers and Algebra,HL,"(a) (i) $\left(1+\mathrm{e}^{\mathrm{i} \frac{\pi}{6}}-1\right)^{3}$
\end{enumerate}

$$
\begin{aligned}
& =\left(\mathrm{e}^{\mathrm{i} \frac{\pi}{6}}\right)^{3} \\
& =\mathrm{e}^{\mathrm{i} \frac{\pi}{2}} \\
& =\cos \frac{\pi}{2}+\mathrm{i} \sin \frac{\pi}{2} \\
& =\mathrm{i}
\end{aligned}
$$

Note: Candidates who solve the equation correctly can be awarded the above two marks. The working for part (i) may be seen in part (ii).\\
(ii) $\quad(z-1)^{3}=\mathrm{e}^{\mathrm{i}\left(\frac{\pi}{2}+2 \pi k\right)}$\\
$z-1=\mathrm{e}^{\mathrm{i}\left(\frac{\pi}{6}+\frac{4 \pi k}{6}\right)}$\\
$(k=1) \Rightarrow \omega_{2}=1+\mathrm{e}^{\mathrm{j} \frac{5 \pi}{6}}$\\
$(k=2) \Rightarrow \omega_{3}=1+\mathrm{e}^{\mathrm{i} \frac{9 \pi}{6}}$

Question 12 continued.\\
(b) EITHER\\
attempt to express $\mathrm{e}^{\mathrm{i} \frac{\pi}{6}}, \mathrm{e}^{\mathrm{i} \frac{5 \pi}{6}}$, $\mathrm{e}^{\mathrm{i} \frac{9 \pi}{6}}$ in Cartesian form and translate 1 unit in the positive direction of the real axis

OR\\
attempt to express $w_{1}, w_{2}$ and $w_{3}$ in Cartesian form

\section*{THEN}
\begin{center}
\includegraphics[width=0.4\textwidth]{2024_10_08_f156d9ff7365ee0f62d6g-29}
\end{center}

Note: To award $\boldsymbol{A}$ marks, it is not necessary to see $A, B$ or $C$, the $w_{i}$, or the solid lines

Question 12 continued.\\
(c) valid attempt to find $\omega_{1}-\omega_{3}$ (or $\omega_{3}-\omega_{1}$ )

$$
\begin{aligned}
& \omega_{1}-\omega_{3}=\left(1+\frac{\sqrt{3}}{2}+\frac{1}{2} \mathrm{i}\right)-(1-\mathrm{i})=\frac{\sqrt{3}}{2}+\frac{3}{2} \mathrm{i} \text { OR } \cos \frac{\pi}{6}+\mathrm{i} \sin \frac{\pi}{6}+\mathrm{i} \sin \frac{\pi}{2} \\
& \text { valid attempt to find }\left|\frac{\sqrt{3}}{2}+\frac{3}{2} \mathrm{i}\right| \\
& =\sqrt{\frac{3}{4}+\frac{9}{4}} \\
& \mathrm{AC}=\sqrt{3}
\end{aligned}
$$M1A1

Question 12 continued.\\
(d) METHOD 1


\begin{align*}
& (z-1)^{3}=\mathrm{iz}^{3} \Rightarrow\left(\frac{z-1}{z}\right)^{3}=\mathrm{i}  \tag{M1}\\
& \left(\frac{z-1}{z}\right)^{3}=\mathrm{e}^{\mathrm{i} \frac{\pi}{2}} \\
& \frac{\alpha-1}{\alpha}=\mathrm{e}^{\mathrm{i} \frac{\pi}{6}}
\end{align*}


Note: This step to change from $z$ to $\alpha$ may occur at any point in MS.

$$
\begin{aligned}
& \alpha-1=\alpha \mathrm{e}^{\frac{\mathrm{i}}{6}} \\
& \alpha-\alpha \mathrm{e}^{\mathrm{i} \frac{\pi}{6}}=1 \\
& \alpha\left(1-\mathrm{e}^{\mathrm{i} \frac{\pi}{6}}\right)=1 \\
& \alpha=\frac{1}{1-\mathrm{e}^{\frac{i}{6}}}
\end{aligned}
$$

Question 12 continued.

\section*{METHOD 2}

\begin{align*}
& (z-1)^{3}=i z^{3} \Rightarrow\left(\frac{z-1}{z}\right)^{3}=\mathrm{i}  \tag{M1}\\
& \left(1-\frac{1}{z}\right)^{3}=\mathrm{e}^{i \frac{\pi}{2}} \\
& 1-\frac{1}{z}=e^{i \frac{\pi}{6}}
\end{align*}


Note: This step to change from $z$ to $\alpha$ may occur at any point in MS.

$$
\begin{aligned}
& 1-e^{\frac{i}{6}}=\frac{1}{\alpha} \\
& \alpha=\frac{1}{1-e^{i \frac{\pi}{6}}}
\end{aligned}
$$

Question 12 continued.

\section*{METHOD 3}
$$
\begin{aligned}
& \text { LHS }=(z-1)^{3}=\left(\frac{1}{1-e^{i \frac{\pi}{6}}}-1\right)^{3} \\
& =\left(\frac{e^{i \frac{\pi}{6}}}{1-e^{i \frac{\pi}{6}}}\right)^{3} \\
& \left.=\frac{\mathrm{i}}{\left(1-e^{i \frac{\pi}{6}}\right)^{3}}=\frac{\mathrm{i}}{\frac{5}{2}-\frac{3 \sqrt{3}}{2}+\mathrm{i}\left(\frac{3 \sqrt{3}}{2}-\frac{5}{2}\right)}\right)
\end{aligned}
$$

Note: Award M1 for applying de Moivre's theorem (may be seen in modulus- argument form.)\\
$R H S=i z^{3}=i\left(\frac{1}{1-e^{\frac{i}{6}}}\right)^{3}$\\
$=\frac{i}{\left(1-e^{i \frac{\pi}{6}}\right)^{3}}$\\
$(z-1)^{3}=i z^{3}$

Question 12 continued.

\section*{METHOD 4}

\begin{align*}
& (z-1)^{3}=i z^{3} \\
& z^{3}-3 z^{2}+3 z-1=i z^{3} \\
& (1-i) z^{3}-3 z^{2}+3 z-1=0  \tag{M1}\\
& (1-i)\left(\frac{1}{1-e^{i \frac{\pi}{6}}}\right)^{3}-3\left(\frac{1}{1-e^{i \frac{\pi}{6}}}\right)^{2}+3\left(\frac{1}{1-e^{i \frac{\pi}{6}}}\right)-1 \\
& =(1-i)-3\left(1-e^{i \frac{\pi}{6}}\right)+3\left(1-e^{i \frac{\pi}{6}}\right)^{2}-\left(1-e^{i \frac{\pi}{6}}\right)^{3}  \tag{A1}\\
& =(1-i)-3\left(1-e^{i \frac{\pi}{6}}\right)+3\left(1-2 e^{i \frac{\pi}{6}}+e^{i \frac{\pi}{3}}\right)-\left(1-3 e^{i \frac{\pi}{6}}+3 e^{i \frac{\pi}{3}}-e^{i \frac{\pi}{2}}\right) \\
& =0
\end{align*}


Note: If the candidate does not interpret their conclusion, award (M1)(A1)AO as appropriate.

Question 12 continued.\\
(e) METHOD 1

$$
\begin{aligned}
& \frac{1}{1-\mathrm{e}^{\frac{\pi}{6}}}=\frac{1}{1-\left(\cos \frac{\pi}{6}+i \sin \frac{\pi}{6}\right)} \\
& =\frac{2}{2-\sqrt{3}-\mathrm{i}}
\end{aligned}
$$

attempt to use conjugate to rationalise

$$
=\frac{4-2 \sqrt{3}+2 \mathrm{i}}{(2-\sqrt{3})^{2}+1}
$$

$$
\begin{aligned}
& =\frac{4-2 \sqrt{3}+2 \mathrm{i}}{8-4 \sqrt{3}} \\
& =\frac{1}{2}+\frac{1}{4-2 \sqrt{3}} \mathrm{i} \\
& \Rightarrow \operatorname{Re}(\alpha)=\frac{1}{2}
\end{aligned}
$$

Note: Their final imaginary part does not have to be correct in order for the final three $\boldsymbol{A}$ marks to be awarded

Question 12 continued.

\section*{METHOD 2}
$$
\frac{1}{1-\mathrm{e}^{\frac{\pi}{6}}}=\frac{1}{1-\left(\cos \frac{\pi}{6}+\mathrm{isin} \frac{\pi}{6}\right)}
$$

attempt to use conjugate to rationalise

$$
\begin{aligned}
& =\frac{1}{\left(1-\cos \frac{\pi}{6}\right)-i \sin \frac{\pi}{6}} \times \frac{\left(1-\cos \frac{\pi}{6}\right)+i \sin \frac{\pi}{6}}{\left(1-\cos \frac{\pi}{6}\right)+i \sin \frac{\pi}{6}} \\
& =\frac{\left(1-\cos \frac{\pi}{6}\right)+i \sin \frac{\pi}{6}}{\left(1-\cos \frac{\pi}{6}\right)^{2}+\sin ^{2} \frac{\pi}{6}} \\
& =\frac{\left(1-\cos \frac{\pi}{6}\right)+i \sin \frac{\pi}{6}}{1-2 \cos \frac{\pi}{6}+\cos ^{2} \frac{\pi}{6}+\sin ^{2} \frac{\pi}{6}} \\
& =\frac{\left(1-\cos \frac{\pi}{6}\right)+i \sin \frac{\pi}{6}}{2-2 \cos \frac{\pi}{6}} \\
& =\frac{1}{2}+\frac{i \sin \frac{\pi}{6}}{2-2 \cos \frac{\pi}{6}} \\
& \Rightarrow \operatorname{Re}(\alpha)=\frac{1}{2}
\end{aligned}
$$

Note: Their final imaginary part does not have to be correct in order for the final three $\boldsymbol{A}$ marks to be awarded

Question 12 continued.

\section*{METHOD 3}
$$
\begin{aligned}
& \text { attempt to multiply through by }-\frac{e^{-\mathrm{i} \frac{\pi}{12}}}{e^{-\mathrm{i} \frac{\pi}{12}}} \\
& \frac{1}{1-\mathrm{e}^{\mathrm{i} \frac{\pi}{6}}}=-\frac{e^{-\mathrm{i} \frac{\pi}{12}}}{e^{\mathrm{i} \frac{\pi}{12}}-e^{-\mathrm{i} \frac{\pi}{12}}}
\end{aligned}
$$

$$
\begin{aligned}
& =-\frac{\cos \left(-\frac{\pi}{12}\right)+\mathrm{i} \sin \left(-\frac{\pi}{12}\right)}{\cos \frac{\pi}{12}+\mathrm{i} \sin \frac{\pi}{12}-\left(\cos \left(-\frac{\pi}{12}\right)+\mathrm{i} \sin \left(-\frac{\pi}{12}\right)\right)} \\
& =-\frac{\cos \frac{\pi}{12}-\mathrm{i} \sin \frac{\pi}{12}}{2 \mathrm{i} \sin \frac{\pi}{12}} \\
& =\frac{1}{2}-\frac{1}{2 \mathrm{i}} \cot \frac{\pi}{12}\left(=\frac{1}{2}+\frac{1}{2} \mathrm{i} \cot \frac{\pi}{12}\right) \\
& \Rightarrow \operatorname{Re}(\alpha)=\frac{1}{2}
\end{aligned}
$$

Question 12 continued.

\section*{METHOD 4}
attempt to multiply through by $\frac{1-\mathrm{e}^{-\mathrm{i} \frac{\pi}{6}}}{1-\mathrm{e}^{-\mathrm{i} \frac{\pi}{6}}}$\\
$\frac{1}{1-e^{i \frac{\pi}{6}}}=\frac{1-e^{-i \frac{\pi}{6}}}{1-e^{-i \frac{\pi}{6}}-e^{i \frac{\pi}{6}}+1}$\\
attempting to re-write in r-cis form

$$
=\frac{1-\cos \frac{\pi}{6}-i \sin \frac{\pi}{6}}{2-2 \cos \frac{\pi}{6}}
$$

attempt to re-write in Cartesian form

$$
\begin{aligned}
& =\frac{1-\frac{\sqrt{3}}{2}-\frac{1}{2}}{2-\sqrt{3}}\left(=\frac{\frac{2-\sqrt{3}}{2}}{2-\sqrt{3}}+\mathrm{i} \frac{\frac{1}{2}}{2-\sqrt{3}}\right) \\
& \Rightarrow \operatorname{Re}(\alpha)=\frac{1}{2}
\end{aligned}
$$

Note: Their final imaginary part does not have to be correct in order for the final $\boldsymbol{A}$ mark to be awarded",Calculator Not Allowed,,,,,,,,,IBDP,,,,,,,,TRUE,2025,
,TRUE,1,5,2022,May,Paper 1,TZ1,Find the value of $\int_1^9\left(\cfrac{3 \sqrt{x}-5}{\sqrt{x}}\right) \mathrm{d} x$.,Integral Calculus,5. Calculus,HL,"$\int \frac{3 \sqrt{x}-5}{\sqrt{x}} \mathrm{~d} x=\int\left(3-5 x^{-\frac{1}{2}}\right) \mathrm{d} x$\\
$\int \frac{3 \sqrt{x}-5}{\sqrt{x}} \mathrm{~d} x=3 x-10 x^{\frac{1}{2}}(+c)$\\
substituting limits into their integrated function and subtracting\\
$3(9)-10(9)^{\frac{1}{2}}-\left(3(1)-10(1)^{\frac{1}{2}}\right)$ OR $27-10 \times 3-(3-10)$\\
$=4$",Calculator Not Allowed,,,,,,,,,IBDP,,,,,,,,TRUE,2025,
,TRUE,2,7,2022,May,Paper 1,TZ1,"A survey at a swimming pool is given to one adult in each family. The age of the adult, $a$ years old, and of their eldest child, $c$ years old, are recorded.
The ages of the eldest child are summarized in the following box and whisker diagram.
\begin{center}
\includegraphics[scale=0.1,height=4cm]{SV_IBDP_FST_AA HL_May 2022 _Paper 1_TZ1_1.png}
\end{center}
\begin{parts}
\part[3] Find the largest value of $c$ that would not be considered an outlier.
The regression line of $a$ on $c$ is $a=\cfrac{7}{4} c+20$. The regression line of $c$ on $a$ is $c=\cfrac{1}{2} a-9$.
\part[4] \begin{enumerate}[label=(\roman*)]
\item One of the adults surveyed is 42 years old. Estimate the age of their eldest child.
\item Find the mean age of all the adults surveyed.
\end{enumerate}
\end{parts}","Statistics
Bivariate Statistics",4. Statistics and Probability,HL,"(a) $\mathrm{IQR}=10-6(=4)$\\
attempt to find $Q_{3}+1.5 \times$ IQR\\
$10+6$\\
16\\
(b) (i) choosing $c=\frac{1}{2} a-9$\\
$\frac{1}{2} \times 42-9$\\
$=12$ (years old)\\
(ii) attempt to solve system by substitution or elimination
",Calculator Not Allowed,,,,,,,,,IBDP,,,,,,,,TRUE,2025,
,TRUE,3,7,2022,May,Paper 1,TZ1,"Consider the functions $f(x)=\sqrt{3} \sin x+\cos x$ where $0 \leq x \leq \pi$ and $g(x)=2 x$ where $x \in \mathbb{R}$.
\begin{parts}
\part[2] Find $(f \circ g)(x)$.
\part[5] Solve the equation $(f \circ g)(x)=2 \cos 2 x$ where $0 \leq x \leq \pi$.
\end{parts}","Properties of Functions
Trigonometric Functions","2. Functions
3. Geometry and Trigonometry",HL,"(a) $(f \circ g)(x)=f(2 x)$\\
(b) $\sqrt{3} \sin 2 x+\cos 2 x=2 \cos 2 x$\\
$\sqrt{3} \sin 2 x=\cos 2 x$\\
recognizing to use tan or cot M1\\
$\tan 2 x=\frac{1}{\sqrt{3}}$ OR $\cot 2 x=\sqrt{3}$ (values may be seen in right triangle)\\
$\left(\arctan \left(\frac{1}{\sqrt{3}}\right)=\right) \frac{\pi}{6} \quad$ (seen anywhere) (accept degrees)\\
$2 x=\frac{\pi}{6}, \frac{7 \pi}{6}$\\
$x=\frac{\pi}{12}, \frac{7 \pi}{12}$


Note: Do not award the final $\boldsymbol{A 1}$ if any additional solutions are seen.\\
Award A1AO for correct answers in degrees.\\
Award AOAO for correct answers in degrees with additional values.\\",Calculator Not Allowed,,,,,,,,,IBDP,,,,,,,,TRUE,2025,
,TRUE,4,5,2022,May,Paper 1,TZ1,"Consider the curve with equation $y=(2 x-1) \mathrm{e}^{k x}$, where $x \in \mathbb{R}$ and $k \in \mathbb{Q}$. The tangent to the curve at the point where $x=1$ is parallel to the line $y=5 \mathrm{e}^k x$. Find the value of $k$.",Differential Calculus,5. Calculus,HL,"evidence of using product rule

$$
\frac{\mathrm{d} y}{\mathrm{~d} x}=(2 x-1) \times\left(k \mathrm{e}^{k x}\right)+2 \times \mathrm{e}^{k x}\left(=\mathrm{e}^{k x}(2 k x-k+2)\right)
$$

correct working for one of (seen anywhere)\\
$\frac{\mathrm{d} y}{\mathrm{~d} x}$ at $x=1 \Rightarrow k \mathrm{e}^{k}+2 \mathrm{e}^{k}$\\
OR\\
slope of tangent is $5 \mathrm{e}^{k}$\\
their $\frac{\mathrm{d} y}{\mathrm{~d} x}$ at $x=1$ equals the slope of $y=5 \mathrm{e}^{k} x\left(=5 \mathrm{e}^{k}\right)$ (seen anywhere)\\
$k \mathrm{e}^{k}+2 \mathrm{e}^{k}=5 \mathrm{e}^{k}$\\
$k=3$\\",Calculator Not Allowed,,,,,,,,,IBDP,,,,,,,,TRUE,2025,
,TRUE,5,7,2022,May,Paper 1,TZ1,"Consider $f(x)=4 \sin x+2.5$ and $g(x)=4 \sin \left(x-\cfrac{3 \pi}{2}\right)+2.5+q$, where $x \in \mathbb{R}$ and $q>0$. The graph of $g$ is obtained by two transformations of the graph of $f$.
\begin{parts}
\part[2] Describe these two transformations.
The $y$-intercept of the graph of $g$ is at $(0, r)$.
\part[5] Given that $g(x) \geq 7$, find the smallest value of $r$.
\end{parts}","Transformations of Functions
Modulus & Inequalities
Trigonometry","2. Functions
3. Geometry and Trigonometry",HL,"(a) translation (shift) by $\frac{3 \pi}{2}$ to the right OR positive horizontal direction by $\frac{3 \pi}{2}$

Note: accept translation by $\binom{\frac{3 \pi}{2}}{q}$

Do not accept 'move' for translation/shift.\\
\\
(b) METHOD 1\\
minimum of $4 \sin \left(x-\frac{3 \pi}{2}\right)$ is $-4 \quad$ (may be seen in sketch)\\
$-4+2.5+q \geq 7$\\
$q \geq 8.5$ (accept $q=8.5$ )\\
A1\\
substituting $x=0$ and their $q(=8.5)$ to find $r$\\
$(r=) \quad 4 \sin \left(\frac{-3 \pi}{2}\right)+2.5+8.5$\\
$4+2.5+8.5$\\
smallest value of $r$ is 15

Question 5 continued

\section*{METHOD 2}
substituting $x=0$ to find an expression (for $r$ ) in terms of $q$\\
$(g(0)=r=) \quad 4 \sin \left(\frac{-3 \pi}{2}\right)+2.5+q$\\
$(r=) 6.5+q$\\
minimum of $4 \sin \left(x-\frac{3 \pi}{2}\right)$ is -4\\
$-4+2.5+q \geq 7$\\
$-4+2.5+(r-6.5) \geq 7 \quad($ accept $=)$\\
smallest value of $r$ is 15 A1

\section*{METHOD 3}
$4 \sin \left(x-\frac{3 \pi}{2}\right)+2.5+q=4 \cos x+2.5+q$\\
$y$-intercept of $4 \cos x+2.5+q$ is a maximum\\
amplitude of $g(x)$ is 4\\
attempt to find least maximum\\
$r=2 \times 4+7$\\
smallest value of $r$ is 15",Calculator Not Allowed,,,,,,,,,IBDP,,,,,,,,TRUE,2025,
,TRUE,6,5,2022,May,Paper 1,TZ1,Consider the expansion of $\left(8 x^3-\cfrac{1}{2 x}\right)^n$ where $n \in \mathbb{Z}^{+}$. Determine all possible values of $n$ for which the expansion has a non-zero constant term.,Binomial Theorem,1. Numbers and Algebra,HL,"\section*{6. EITHER}
attempt to obtain the general term of the expansion


\begin{equation*}
T_{r+1}={ }^{n} C_{r}\left(8 x^{3}\right)^{n-r}\left(-\frac{1}{2 x}\right)^{r} \text { OR } T_{r+1}={ }^{n} C_{n-r}\left(8 x^{3}\right)^{r}\left(-\frac{1}{2 x}\right)^{n-r} \tag{M1}
\end{equation*}


\section*{OR}
recognize power of $x$ starts at $3 n$ and goes down by 4 each time

\section*{THEN}
recognizing the constant term when the power of $x$ is zero (or equivalent)\\
$r=\frac{3 n}{4}$ or $n=\frac{4}{3} r$ or $3 n-4 r=0$ OR $3 r-(n-r)=0$ (or equivalent)\\
$r$ is a multiple of $3(r=3,6,9, \ldots)$ or one correct value of $n$ (seen anywhere)\\
$n=4 k, k \in \mathbb{Z}^{+}$\\
Note: Accept $n$ is a (positive) multiple of 4 or $n=4,8,12, \ldots$\\
Do not accept $n=4,8,12$\\
Note: Award full marks for a correct answer using trial and error approach showing $n=4,8,12, \ldots$ and for recognizing that this pattern continues.\\",Calculator Not Allowed,,,,,,,,,IBDP,,,,,,,,TRUE,2025,
,TRUE,7,8,2022,May,Paper 1,TZ1,"The continuous random variable $X$ has probability density function
$$
f(x)=\left\{\begin{array}{cc}
\cfrac{k}{\sqrt{4-3 x^2}}, & 0 \leq x \leq 1 \\
0, & \text { otherwise. }
\end{array}\right.
$$
\begin{parts}
\part[4] Find the value of $k$.
\part[4] Find $\mathrm{E}(X)$.
\end{parts}","Probability
Integral Calculus","4. Statistics and Probability
5. Calculus",HL,"(a) attempt to integrate $\frac{k}{\sqrt{4-3 x^{2}}}$\\
$=k\left\lfloor\frac{1}{\sqrt{3}} \arcsin \left(\frac{\sqrt{3}}{2} x\right)\right\rfloor$\\
Note: Award (M1)AO for $\arcsin \left(\frac{\sqrt{3}}{2} x\right)$.\\
Condone absence of $k$ up to this stage.\\
equating their integrand to 1\\
$k\left[\frac{1}{\sqrt{3}} \arcsin \left(\frac{\sqrt{3}}{2} x\right)\right]_{0}^{1}=1$\\
$k=\frac{3 \sqrt{3}}{\pi}$

Question 7 continued\\
(b) $\mathrm{E}(X)=\frac{3 \sqrt{3}}{\pi} \int_{0}^{1} \frac{x}{\sqrt{4-3 x^{2}}} \mathrm{~d} x$

Note: Condone absence of limits if seen at a later stage.\\
EITHER\\
attempt to integrate by inspection

$$
\begin{aligned}
& =\frac{3 \sqrt{3}}{\pi} \times-\frac{1}{6} \int-6 x\left(4-3 x^{2}\right)^{-\frac{1}{2}} \mathrm{~d} x \\
& =\frac{3 \sqrt{3}}{\pi}\left[-\frac{1}{3} \sqrt{4-3 x^{2}}\right]_{0}^{1}
\end{aligned}
$$

Note: Condone the use of $k$ up to this stage.

\section*{OR}
for example, $u=4-3 x^{2} \Rightarrow \frac{\mathrm{~d} u}{\mathrm{~d} x}=-6 x$\\
Note: Other substitutions may be used. For example, $u=-3 x^{2}$.

$$
=-\frac{\sqrt{3}}{2 \pi} \int_{4}^{1} u^{-\frac{1}{2}} \mathrm{~d} u
$$

Note: Condone absence of limits up to this stage.

$$
=-\frac{\sqrt{3}}{2 \pi}[2 \sqrt{u}]_{4}^{1}
$$

Note: Condone the use of $k$ up to this stage.\\
THEN\\
$=\frac{\sqrt{3}}{\pi}$

Note: Award AOM1A1AO for their $k\left\lfloor-\frac{1}{3} \sqrt{4-3 x^{2}}\right\rfloor$ or $k\lfloor-2 \sqrt{u}\rfloor$ for working with incorrect or no limits.\\",Calculator Not Allowed,,,,,,,,,IBDP,,,,,,,,TRUE,2025,
,TRUE,8,6,2022,May,Paper 1,TZ1,Consider integers $a$ and $b$ such that $a^2+b^2$ is exactly divisible by 4 . Prove by contradiction that $a$ and $b$ cannot both be odd.,Proofs,1. Numbers and Algebra,HL,"Assume that $a$ and $b$ are both odd.

Note: Award MO for statements such as ""let $a$ and $b$ be both odd"".\\
Note: Subsequent marks after this $\boldsymbol{M 1}$ are independent of this mark and can be awarded.

Then $a=2 m+1$ and $b=2 n+1$\\
$a^{2}+b^{2} \equiv(2 m+1)^{2}+(2 n+1)^{2}$\\
$=4 m^{2}+4 m+1+4 n^{2}+4 n+1$\\
$=4\left(m^{2}+m+n^{2}+n\right)+2$\\
( $4\left(m^{2}+m+n^{2}+n\right)$ is always divisible by 4 ) but 2 is not divisible by 4 . (or equivalent) R1\\
$\Rightarrow a^{2}+b^{2}$ is not divisible by 4 , a contradiction. (or equivalent) R1\\
hence $a$ and $b$ cannot both be odd.

Note: Award a maximum of M1AOAO(AO)R1R1 for considering identical or two consecutive odd numbers for $a$ and $b$.\\",Calculator Not Allowed,,,,,,,,,IBDP,,,,,,,,TRUE,2025,
,TRUE,9,6,2022,May,Paper 1,TZ1,"Consider the complex numbers $z_1=1+b \mathrm{i}$ and $z_2=\left(1-b^2\right)-2 b \mathrm{i}$, where $b \in \mathbb{R}, b \neq 0$.
\begin{parts}
\part[3] Find an expression for $z_1 z_2$ in terms of $b$.
\part[3] Hence, given that $\arg \left(z_1 z_2\right)=\cfrac{\pi}{4}$, find the value of $b$.
\end{parts}
}",Complex Numbers,1. Numbers and Algebra,HL,"(a) $z_{1} z_{2}=(1+b i)\left(\left(1-b^{2}\right)-(2 b) \mathrm{i}\right)$


\begin{align*}
& =\left(1-b^{2}-2 \mathrm{i}^{2} b^{2}\right)+\mathrm{i}\left(-2 b+b-b^{3}\right) \\
& =\left(1+b^{2}\right)+\mathrm{i}\left(-b-b^{3}\right) \tag{A1A1}
\end{align*}


Note: Award $\boldsymbol{A} \mathbf{1}$ for $1+b^{2}$ and $\boldsymbol{A} \mathbf{1}$ for $-b \mathrm{i}-b^{3} \mathrm{i}$.\\
\\
(b) $\quad \arg \left(z_{1} z_{2}\right)=\arctan \left(\frac{-b-b^{3}}{1+b^{2}}\right)=\frac{\pi}{4}$

\section*{EITHER}
$\arctan (-b)=\frac{\pi}{4}$ (since $1+b^{2} \neq 0$, for $b \in \mathbb{R}$ )

\section*{OR}
$-b-b^{3}=1+b^{2}$ (or equivalent)

\section*{THEN}
$b=-1$",Calculator Not Allowed,,,,,,,,,IBDP,,,,,,,,TRUE,2025,
,TRUE,10,18,2022,May,Paper 1,TZ1,"Consider the series $\ln x+p \ln x+\cfrac{1}{3} \ln x+\ldots$, where $x \in \mathbb{R}, x>1$ and $p \in \mathbb{R}, p \neq 0$.
\begin{parts}
\part[6] Consider the case where the series is geometric.
\begin{enumerate}[label=(\roman*)]
\item Show that $p= \pm \cfrac{1}{\sqrt{3}}$.
\item Hence or otherwise, show that the series is convergent.
\item Given that $p>0$ and $S_{\infty}=3+\sqrt{3}$, find the value of $x$.
\end{enumerate}
\part[12] Now consider the case where the series is arithmetic with common difference $d$.
\begin{enumerate}[label=(\roman*)]
\item Show that $p=\cfrac{2}{3}$.
\item Write down $d$ in the form $k \ln x$, where $k \in \mathbb{Q}$.
\item The sum of the first $n$ terms of the series is $\ln \left(\cfrac{1}{x^3}\right)$. Find the value of $n$.
\end{enumerate}
\end{parts}","Sequences and Series
Exponents and Logs",1. Numbers and Algebra,HL,"(a) (i) EITHER\\
attempt to use a ratio from consecutive terms
\end{enumerate}

$$
\frac{p \ln x}{\ln x}=\frac{\frac{1}{3} \ln x}{p \ln x} \quad \text { OR } \quad \frac{1}{3} \ln x=(\ln x) r^{2} \quad \text { OR } \quad p \ln x=\ln x\left(\frac{1}{3 p}\right)
$$

Note: Candidates may use $\ln x^{1}+\ln x^{p}+\ln x^{\frac{1}{3}}+\ldots$ and consider the powers of $x$ in geometric sequence.\\
Award $\boldsymbol{M 1}$ for $\frac{p}{1}=\frac{\frac{1}{3}}{p}$.

OR\\
$r=p$ and $r^{2}=\frac{1}{3}$\\
THEN

$$
\begin{aligned}
& p^{2}=\frac{1}{3} \text { OR } r= \pm \frac{1}{\sqrt{3}} \\
& p= \pm \frac{1}{\sqrt{3}}
\end{aligned}
$$

Note: Award MOAO for $r^{2}=\frac{1}{3}$ or $p^{2}=\frac{1}{3}$ with no other working seen.

Question 10 continued\\
(ii) EITHER\\
since, $|p|=\frac{1}{\sqrt{3}}$ and $\frac{1}{\sqrt{3}}<1$\\
OR\\
since, $|p|=\frac{1}{\sqrt{3}}$ and $-1<p<1$\\
R1

\section*{THEN}
$\Rightarrow$ the geometric series converges.

Note: Accept $r$ instead of $p$.\\
Award $\mathbf{R O}$ if both values of $p$ not considered.\\
(iii) $\frac{\ln x}{1-\frac{1}{\sqrt{3}}}(=3+\sqrt{3})$\\
$\ln x=3-\frac{3}{\sqrt{3}}+\sqrt{3}-\frac{\sqrt{3}}{\sqrt{3}}$ OR $\ln x=3-\sqrt{3}+\sqrt{3}-1 \quad(\Rightarrow \ln x=2)$\\
$x=\mathrm{e}^{2}$

Question 10 continued\\
(b) (i) METHOD 1\\
attempt to find a difference from consecutive terms or from $u_{2}$\\
correct equation\\
$p \ln x-\ln x=\frac{1}{3} \ln x-p \ln x \quad$ OR $\quad \frac{1}{3} \ln x=\ln x+2(p \ln x-\ln x)$

Note: Candidates may use $\ln x^{1}+\ln x^{p}+\ln x^{\frac{1}{3}}+\ldots$ and consider the powers of $x$ in arithmetic sequence.\\
Award M1A1 for $p-1=\frac{1}{3}-p$.\\
$2 p \ln x=\frac{4}{3} \ln x \quad\left(\Rightarrow 2 p=\frac{4}{3}\right)$\\
$p=\frac{2}{3}$\\
AG

\section*{METHOD 2}
attempt to use arithmetic mean $u_{2}=\frac{u_{1}+u_{3}}{2}$\\
$p \ln x=\frac{\ln x+\frac{1}{3} \ln x}{2}$\\
$2 p \ln x=\frac{4}{3} \ln x \quad\left(\Rightarrow 2 p=\frac{4}{3}\right)$\\
$p=\frac{2}{3}$

Question 10 continued

\section*{METHOD 3}
attempt to find difference using $u_{3}$\\
$\frac{1}{3} \ln x=\ln x+2 d \quad\left(\Rightarrow d=-\frac{1}{3} \ln x\right)$\\
$u_{2}=\ln x+\frac{1}{2}\left(\frac{1}{3} \ln x-\ln x\right)$ OR $p \ln x-\ln x=-\frac{1}{3} \ln x$\\
$p \ln x=\frac{2}{3} \ln x$\\
$p=\frac{2}{3}$\\
$A G$\\
(ii) $d=-\frac{1}{3} \ln x$

Question 10 continued\\
(iii) METHOD 1\\
$S_{n}=\frac{n}{2}\left\lfloor 2 \ln x+(n-1) \times\left(-\frac{1}{3} \ln x\right)\right\rfloor$\\
attempt to substitute into $S_{n}$ and equate to $\ln \left(\frac{1}{x^{3}}\right)$\\
$\frac{n}{2}\left\lfloor 2 \ln x+(n-1) \times\left(-\frac{1}{3} \ln x\right)\right\rfloor=\ln \left(\frac{1}{x^{3}}\right)$\\
$\ln \left(\frac{1}{x^{3}}\right)=-\ln x^{3}\left(=\ln x^{-3}\right)$\\
$=-3 \ln x$\\
correct working with $S_{n}$ (seen anywhere)\\
$\frac{n}{2}\left\lfloor 2 \ln x-\frac{n}{3} \ln x+\frac{1}{3} \ln x\right\rfloor$ OR $n \ln x-\frac{n(n-1)}{6} \ln x$ OR $\frac{n}{2}\left(\ln x+\left(\frac{4-n}{3}\right) \ln x\right)$\\
correct equation without $\ln x$

$$
\frac{n}{2}\left(\frac{7}{3}-\frac{n}{3}\right)=-3 \text { OR } n-\frac{n(n-1)}{6}=-3 \quad \text { (or equivalent) }
$$

Note: Award as above if the series $1+p+\frac{1}{3}+\ldots$ is considered leading to $\frac{n}{2}\left(\frac{7}{3}-\frac{n}{3}\right)=-3$\\
attempt to form a quadratic $=0$\\
$n^{2}-7 n-18=0$\\
attempt to solve their quadratic\\
$(n-9)(n+2)=0$\\
$n=9$

Question 10 continued

\section*{METHOD 2}

\begin{align*}
& \ln \left(\frac{1}{x^{3}}\right)=-\ln x^{3}\left(=\ln x^{-3}\right)  \tag{A1}\\
& =-3 \ln x \tag{A1}
\end{align*}


listing the first 7 terms of the sequence\\
$\ln x+\frac{2}{3} \ln x+\frac{1}{3} \ln x+0-\frac{1}{3} \ln x-\frac{2}{3} \ln x-\ln x+\ldots$\\
recognizing first 7 terms sum to 0\\
$8^{\text {th }}$ term is $-\frac{4}{3} \ln x$\\
$9^{\text {th }}$ term is $-\frac{5}{3} \ln x$\\
sum of $8^{\text {th }}$ and $9^{\text {th }}$ terms $=-3 \ln x$\\
(A1)\\
$n=9$\\",Calculator Not Allowed,,,,,,,,,IBDP,,,,,,,,TRUE,2025,
,TRUE,11,15,2022,May,Paper 1,TZ1,"Consider the three planes
$$
\begin{aligned}
& \prod_1: 2 x-y+z=4 \\
& \prod_2: x-2 y+3 z=5 \\
& \prod_3:-9 x+3 y-2 z=32
\end{aligned}
$$
\begin{parts}
\part[4] Show that the three planes do not intersect.
\part[5] \begin{enumerate}[label=(\roman*)]
\item Verify that the point $\mathrm{P}(1,-2,0)$ lies on both $\Pi_1$ and $\Pi_2$.
\item Find a vector equation of $L$, the line of intersection of $\prod_1$ and $\Pi_2$.
\end{enumerate}
\part[6] Find the distance between $L$ and $\prod_3$.
\end{parts}",Vectors and Planes,3. Geometry and Trigonometry,HL,"(a) METHOD 1\\
attempt to eliminate a variable\\
obtain a pair of equations in two variables

\section*{EITHER}
$$
-3 x+z=-3 \text { and }
$$A1

$-3 x+z=44$ ..... A1

\section*{OR}
$-5 x+y=-7$ and $\quad$ A1\\
$-5 x+y=40 \quad$ A1

\section*{OR}
$3 x-z=3$ and A1\\
$3 x-z=-\frac{79}{5} \quad$ A1

\section*{THEN}
the two lines are parallel $\left(-3 \neq 44\right.$ or $-7 \neq 40$ or $\left.3 \neq-\frac{79}{5}\right)$

Note: There are other possible pairs of equations in two variables.\\
To obtain the final R1, at least the initial $\mathbf{M 1}$ must have been awarded.\\
hence the three planes do not intersect

Question 11 continued

\section*{METHOD 2}
vector product of the two normals $=\left(\begin{array}{l}-1 \\ -5 \\ -3\end{array}\right)$ (or equivalent)\\
$\boldsymbol{r}=\left(\begin{array}{c}1 \\ -2 \\ 0\end{array}\right)+\lambda\left(\begin{array}{l}1 \\ 5 \\ 3\end{array}\right)$ (or equivalent)

Note: Award $A O$ if "" $r=$ "" is missing. Subsequent marks may still be awarded.

Attempt to substitute $(1+\lambda,-2+5 \lambda, 3 \lambda)$ in $\|_{3} \quad$ M1\\
$-9(1+\lambda)+3(-2+5 \lambda)-2(3 \lambda)=32$\\
$-15=32$, a contradiction R1\\
hence the three planes do not intersect AG\\
continued...

Question 11 continued

\section*{METHOD 3}
attempt to eliminate a variable M1\\
$-3 y+5 z=6 \quad$ A1\\
$-3 y+5 z=100 \quad$ A1\\
$0=94$, a contradiction R1

Note: Accept other equivalent alternatives. Accept other valid methods. To obtain the final R1, at least the initial $\mathbf{M 1}$ must have been awarded.\\
hence the three planes do not intersect\\
AG\\
\\
continued...

Question 11 continued\\
(b) (i) $\mathrm{II}_{1}: 2+2+0=4$ and $\mathrm{I}_{2}: 1+4+0=5$\\
(ii) METHOD 1\\
attempt to find the vector product of the two normals

$$
\left(\begin{array}{c}
2 \\
-1 \\
1
\end{array}\right) \times\left(\begin{array}{c}
1 \\
-2 \\
3
\end{array}\right)
$$

$$
=\left(\begin{array}{l}
-1 \\
-5 \\
-3
\end{array}\right)
$$

$$
\boldsymbol{r}=\left(\begin{array}{c}
1 \\
-2 \\
0
\end{array}\right)+\lambda\left(\begin{array}{l}
1 \\
5 \\
3
\end{array}\right)
$$

Note: Award A1AO if "" $r=$ "" is missing.\\
Accept any multiple of the direction vector.\\
Working for (b)(ii) may be seen in part (a) Method 2. In this case penalize lack of "" $r=$ "" only once.

Question 11 continued

\section*{METHOD 2}
attempt to eliminate a variable from $\mathrm{I}_{1}$ and $\mathrm{I}_{2}$\\
$3 x-z=3$ OR $3 y-5 z=-6$ OR $5 x-y=7$\\
Let $x=t$\\
substituting $x=t$ in $3 x-z=3$ to obtain\\
$z=-3+3 t$ and $y=5 t-7$ (for all three variables in parametric form)

$$
\boldsymbol{r}=\left(\begin{array}{c}
0 \\
-7 \\
-3
\end{array}\right)+\lambda\left(\begin{array}{l}
1 \\
5 \\
3
\end{array}\right)
$$

Note: Award A1AO if "" $r=$ "" is missing.\\
Accept any multiple of the direction vector. Accept other position vectors which satisfy both the planes $I I_{1}$ and $I I_{2}$.

Question 11 continued\\
(c) METHOD 1\\
the line connecting $L$ and $I_{3}$ is given by $L_{1}$\\
attempt to substitute position and direction vector to form $L_{1}$

$$
\boldsymbol{s}=\left(\begin{array}{c}
1 \\
-2 \\
0
\end{array}\right)+t\left(\begin{array}{c}
-9 \\
3 \\
-2
\end{array}\right)
$$

substitute $(1-9 t,-2+3 t,-2 t)$ in $1 \mathrm{I}_{3}$\\
$-9(1-9 t)+3(-2+3 t)-2(-2 t)=32$\\
$94 t=47 \Rightarrow t=\frac{1}{2}$\\
attempt to find distance between $(1,-2,0)$ and their point $\left(-\frac{7}{2},-\frac{1}{2},-1\right)$

$$
\begin{aligned}
& \left.=\left(\begin{array}{c}
1 \\
-2 \\
0
\end{array}\right)+\frac{1}{2}\left(\begin{array}{c}
-9 \\
3 \\
-2
\end{array}\right)-\left(\begin{array}{c}
1 \\
-2 \\
0
\end{array}\right) \right\rvert\,=\frac{1}{2} \sqrt{(-9)^{2}+3^{2}+(-2)^{2}} \\
& =\frac{\sqrt{94}}{2}
\end{aligned}
$$

Question 11 continued

\section*{METHOD 2}
unit normal vector equation of $\mathrm{II}_{3}$ is given by $\frac{\left(\begin{array}{c}-9 \\ 3 \\ 2\end{array}\right) \cdot\left(\begin{array}{l}x \\ y \\ z\end{array}\right)}{\sqrt{81+9+4}}$\\
$=\frac{32}{\sqrt{94}}$\\
let $\mathrm{I}_{4}$ be the plane parallel to $\mathrm{I}_{3}$ and passing through P ,\\
then the normal vector equation of $\mathrm{I}_{4}$ is given by\\
$\left(\begin{array}{c}-9 \\ 3 \\ 2\end{array}\right) \cdot\left(\begin{array}{l}x \\ y \\ z\end{array}\right)=\left(\begin{array}{c}-9 \\ 3 \\ 2\end{array}\right) \cdot\left(\begin{array}{c}1 \\ -2 \\ 0\end{array}\right)=-15$\\
unit normal vector equation of $\mathrm{Il}_{4}$ is given by\\
$\frac{\left(\begin{array}{c}-9 \\ 3 \\ 2\end{array}\right) \cdot\left(\begin{array}{l}x \\ y \\ z\end{array}\right)}{\sqrt{81+9+4}}=\frac{-15}{\sqrt{94}}$\\
distance between the planes is $\frac{32}{\sqrt{94}}-\frac{-15}{\sqrt{94}}$\\
$=\frac{47}{\sqrt{94}}\left(=\frac{\sqrt{94}}{2}\right)$\\",Calculator Not Allowed,,,,,,,,,IBDP,,,,,,,,TRUE,2025,
,TRUE,12,21,2022,May,Paper 1,TZ1,"The function $f$ is defined by $f(x)=\mathrm{e}^x \sin x$, where $x \in \mathbb{R}$.
\begin{parts}
\part[4] Find the Maclaurin series for $f(x)$ up to and including the $x^3$ term.
\part[4] Hence, find an approximate value for $\int_0^1 \mathrm{e}^{x^2} \sin \left(x^2\right) \mathrm{d} x$.
The function $g$ is defined by $g(x)=\mathrm{e}^x \cos x$, where $x \in \mathbb{R}$.
\part[5] \begin{enumerate}[label=(\roman*)]
\item Show that $g(x)$ satisfies the equation $g^{\prime \prime}(x)=2\left(g^{\prime}(x)-g(x)\right)$.
\item Hence, deduce that $g^{(4)}(x)=2\left(g^{\prime \prime \prime}(x)-g^{\prime \prime}(x)\right)$.
\end{enumerate}
\part[5] Using the result from part (c), find the Maclaurin series for $g(x)$ up to and including the $x^4$ term.
\part[3] Hence, or otherwise, determine the value of $\lim _{x \rightarrow 0} \cfrac{\mathrm{e}^x \cos x-1-x}{x^3}$.
\end{parts}","Differential Calculus
Integral Calculus
Maclaurin Series",5. Calculus,HL,"(a) METHOD 1\\
recognition of both known series\\
$\mathrm{e}^{x}=1+\frac{x}{1!}+\frac{x^{2}}{2!}+\ldots$ and $\sin x=x-\frac{x^{3}}{3!}+\frac{x^{5}}{5!}+\ldots$\\
attempt to multiply the two series up to and including $x^{3}$ term\\
$\mathrm{e}^{x} \sin x=\left(1+\frac{x}{1!}+\frac{x^{2}}{2!}+\ldots\right)\left(x-\frac{x^{3}}{3!}+\frac{x^{5}}{5!}+\ldots\right)$\\
$=x-\frac{x^{3}}{3!}+x^{2}+\frac{x^{3}}{2!}+\ldots$\\
$\mathrm{e}^{x} \sin x=x+x^{2}+\frac{1}{3} x^{3}+\ldots$

\section*{METHOD 2}
$f(x)=\mathrm{e}^{x} \sin x$\\
$f^{\prime}(x)=\mathrm{e}^{x} \cos x+\mathrm{e}^{x} \sin x$\\
$f^{\prime \prime}(x)=\mathrm{e}^{x} \cos x-\mathrm{e}^{x} \sin x+\mathrm{e}^{x} \sin x+\mathrm{e}^{x} \cos x\left(=2 \mathrm{e}^{x} \cos x\right)$\\
$f^{\prime \prime \prime}(x)=2 \mathrm{e}^{x} \cos x-2 \mathrm{e}^{x} \sin x$\\
$f^{\prime \prime}(x)=2 \mathrm{e}^{x} \cos x$ and $f^{\prime \prime \prime}(x)=2 \mathrm{e}^{x}(\cos x-\sin x)$\\
substitute $x=0$ into $f$ or its derivatives to obtain Maclaurin series\\
$\mathrm{e}^{x} \sin x=0+\frac{x}{1!} \times 1+\frac{x^{2}}{2!} \times 2+\frac{x^{3}}{3!} \times 2+\ldots$\\
$\mathrm{e}^{x} \sin x=x+x^{2}+\frac{1}{3} x^{3}+\ldots$

Question 12 continued\\
(b) $\mathrm{e}^{x^{2}} \sin \left(x^{2}\right)=x^{2}+x^{4}+\frac{1}{3} x^{6}+\ldots$\\
substituting their expression and attempt to integrate

$$
\int_{0}^{1} e^{x^{2}} \sin \left(x^{2}\right) \mathrm{d} x \approx \int_{0}^{1}\left(x^{2}+x^{4}+\frac{1}{3} x^{6}\right) \mathrm{d} x
$$

Note: Condone absence of limits up to this stage.

$$
\begin{aligned}
& =\left[\frac{x^{3}}{3}+\frac{x^{5}}{5}+\frac{x^{7}}{21}\right]_{0}^{1} \\
& =\frac{61}{105}
\end{aligned}
$$

Question 12 continued\\
(c) (i) attempt to use product rule at least once

$$
g^{\prime}(x)=\mathrm{e}^{x} \cos x-\mathrm{e}^{x} \sin x
$$

$g^{\prime \prime}(x)=\mathrm{e}^{x} \cos x-\mathrm{e}^{x} \sin x-\mathrm{e}^{x} \sin x-\mathrm{e}^{x} \cos x\left(=-2 \mathrm{e}^{x} \sin x\right)$

\section*{EITHER}
$2\left(g^{\prime}(x)-g(x)\right)=2\left(\mathrm{e}^{x} \cos x-\mathrm{e}^{x} \sin x-\mathrm{e}^{x} \cos x\right)=-2 \mathrm{e}^{x} \sin x$\\
OR\\
$g^{\prime \prime}(x)=2\left(\mathrm{e}^{x} \cos x-\mathrm{e}^{x} \sin x-\mathrm{e}^{x} \cos x\right)$

\section*{THEN}
$$
g^{\prime \prime}(x)=2\left(g^{\prime}(x)-g(x)\right) \quad \quad \boldsymbol{A G}
$$

Note: Accept working with each side separately to obtain $-2 \mathrm{e}^{x} \sin x$.(ii) $g^{\prime \prime \prime}(x)=2\left(g^{\prime \prime}(x)-g^{\prime}(x)\right)$A1

$$
g^{(4)}(x)=2\left(g^{\prime \prime \prime}(x)-g^{\prime \prime}(x)\right)
$$

AG

Note: Accept working with each side separately to obtain $-4 \mathrm{e}^{x} \cos x$.

Question 12 continued\\
(d) attempt to substitute $x=0$ into a derivative

$$
g(0)=1, g^{\prime}(0)=1, g^{\prime \prime}(0)=0
$$

$g^{\prime \prime \prime}(0)=-2, g^{(4)}(0)=-4$\\
attempt to substitute into Maclaurin formula

$$
g(x)=1+x-\frac{2}{3!} x^{3}-\frac{4}{4!} x^{4}+\ldots\left(=1+x-\frac{1}{3} x^{3}-\frac{1}{6} x^{4}+\ldots\right)
$$

Note: Do not award any marks for approaches that do not use the part (c) result.\\
(e) METHOD 1

$$
\begin{aligned}
& \lim _{x \rightarrow 0} \frac{\mathrm{e}^{x} \cos x-1-x}{x^{3}}=\lim _{x \rightarrow 0} \frac{\left(1+x-\frac{1}{3} x^{3}-\frac{1}{6} x^{4}+\ldots\right)-1-x}{x^{3}} \\
& =\lim _{x \rightarrow 0}\left(-\frac{1}{3}-\frac{1}{6} x+\ldots\right) \\
& =-\frac{1}{3}
\end{aligned}
$$

Note: Condone the omission of $+\ldots$ in their working.

Question 12 continued

\section*{METHOD 2}
$$
\begin{aligned}
& \lim _{x \rightarrow 0} \frac{\mathrm{e}^{x} \cos x-1-x}{x^{3}}=\frac{0}{0} \text { indeterminate form, attempt to apply l'Hôpital's rule } \\
& =\lim _{x \rightarrow 0} \frac{\mathrm{e}^{x} \cos x-\mathrm{e}^{x} \sin x-1}{3 x^{2}}\left(=\lim _{x \rightarrow 0} \frac{g^{\prime}(x)-1}{3 x^{2}}\right) \\
& =\frac{0}{0} \text {, using l'Hôpital's rule again } \\
& =\lim _{x \rightarrow 0} \frac{-2 \mathrm{e}^{x} \sin x}{6 x}\left(=\lim _{x \rightarrow 0} \frac{g^{\prime \prime}(x)}{6 x}\right) \\
& =\frac{0}{0} \text {, using l'Hôpital's rule again } \\
& =\lim _{x \rightarrow 0} \frac{-2 \mathrm{e}^{x} \sin x-2 \mathrm{e}^{x} \cos x}{6}\left(=\lim _{x \rightarrow 0} \frac{g^{\prime \prime \prime}(x)}{6}\right) \\
& =-\frac{1}{3}
\end{aligned}
$$
",Calculator Not Allowed,,,,,,,,,IBDP,,,,,,,,TRUE,2025,
,TRUE,1,5,2022,May,Paper 1,TZ2,"The $n^{\text {th }}$ term of an arithmetic sequence is given by $u_n=15-3 n$.
\begin{parts}
\part[1] State the value of the first term, $u_1$.
\part[2] Given that the $n^{\text {th }}$ term of this sequence is -33 , find the value of $n$.
\part[2] Find the common difference, $d$.
\end{parts}",Sequences and Series,1. Numbers and Algebra,HL,"(a) $u_{1}=12$ A1\\
(b) $15-3 n=-33$\\
\\
(c) valid approach to find $d$\\
$u_{2}-u_{1}=9-12$ OR recognize gradient is -3 OR attempts to solve $-33=12+15 d$\\
$d=-3$",Calculator Not Allowed,,,,,,,,,IBDP,,,,,,,,TRUE,2025,
,TRUE,2,6,2022,May,Paper 1,TZ2,"Consider any three consecutive integers, $n-1, n$ and $n+1$.
\begin{parts}
\part[2] Prove that the sum of these three integers is always divisible by 3 .
\part[4] Prove that the sum of the squares of these three integers is never divisible by 3.
\end{parts}",Proofs,1. Numbers and Algebra,HL,"(a) $(n-1)+n+(n+1)$\\
$=3 n$\\
which is always divisible by 3\\
(b) $(n-1)^{2}+n^{2}+(n+1)^{2} \quad\left(=n^{2}-2 n+1+n^{2}+n^{2}+2 n+1\right)$\\
attempts to expand either $(n-1)^{2}$ or $(n+1)^{2} \quad$ (do not accept $n^{2}-1$ or $n^{2}+1$ )\\
$=3 n^{2}+2$\\
demonstrating recognition that 2 is not divisible by 3 or $\frac{2}{3}$ seen after correct\\
expression divided by 3\\
$3 n^{2}$ is divisible by 3 and so $3 n^{2}+2$ is never divisible by 3\\
OR the first term is divisible by 3 , the second is not\\
OR $3\left(n^{2}+\frac{2}{3}\right) \quad$ OR $\quad \frac{3 n^{2}+2}{3}=n^{2}+\frac{2}{3}$\\
hence the sum of the squares is never divisible by 3",Calculator Not Allowed,,,,,,,,,IBDP,,,,,,,,TRUE,2025,
,TRUE,3,8,2022,May,Paper 1,TZ2,"A function $f$ is defined by $f(x)=\cfrac{2 x-1}{x+1}$, where $x \in \mathbb{R}, x \neq-1$.
\begin{parts}
\part[2] The graph of $y=f(x)$ has a vertical asymptote and a horizontal asymptote.
Write down the equation of
\begin{enumerate}[label=(\roman*)]
\item the vertical asymptote;
\item the horizontal asymptote.
\end{enumerate}
\part[3] On the set of axes below, sketch the graph of $y=f(x)$.
On your sketch, clearly indicate the asymptotes and the position of any points of intersection with the axes.
\begin{center}
\includegraphics[scale=0.1,height=10cm]{SV_IBDP_FST_AA HL_May 2022 _Paper 1_TZ2_1.png}
\end{center}
\part[1] Hence, solve the inequality $0<\cfrac{2 x-1}{x+1}<2$.
\part[2] Solve the inequality $0<\cfrac{2|x|-1}{|x|+1}<2$.
\end{parts}","Rational Functions
Modulus & Inequalities",2. Functions,HL,"(a) (i) $x=-1$ A1\\
(ii) $y=2$
\end{enumerate}

A1\\
\\
\includegraphics[width=0.4\textwidth]{2024_10_08_c52954b28b37a3a8dd30g-10}\\
rational function shape with two branches in opposite quadrants, with two correctly positioned asymptotes and asymptotic behaviour shown\\
axes intercepts clearly shown at $x=\frac{1}{2}$ and $y=-1 \quad$ A1A1

\section*{Question 3 continued}
(c) $\quad x>\frac{1}{2}$

Note: Accept correct alternative correct notation, such as $\left(\frac{1}{2}, \infty\right)$ and $] \frac{1}{2}, \infty[$.\\
(d) EITHER\\
attempts to sketch $y=\frac{2|x|-1}{|x|+1}$

\section*{OR}
attempts to solve $2|x|-1=0$\\
Note: Award the (M1) if $x=\frac{1}{2}$ and $x=-\frac{1}{2}$ are identified.

\section*{THEN}
$$
x<-\frac{1}{2} \text { or } x>\frac{1}{2}
$$

Note: Accept the use of a comma. Condone the use of 'and'. Accept correct alternative notation.\\",Calculator Not Allowed,,,,,,,,,IBDP,,,,,,,,TRUE,2025,
,TRUE,4,5,2022,May,Paper 1,TZ2,Find the least positive value of $x$ for which $\cos \left(\cfrac{x}{2}+\cfrac{\pi}{3}\right)=\cfrac{1}{\sqrt{2}}$.,Transformations of Functions,3. Geometry and Trigonometry,HL,"determines $\frac{\pi}{4}$ (or $45^{\circ}$ ) as the first quadrant (reference) angle\\
attempts to solve $\frac{x}{2}+\frac{\pi}{3}=\frac{\pi}{4}$

Note: Award $\boldsymbol{M} \mathbf{1}$ for attempting to solve $\frac{x}{2}+\frac{\pi}{3}=\frac{\pi}{4}, \frac{7 \pi}{4}(, \ldots)$\\
$\frac{x}{2}+\frac{\pi}{3}=\frac{\pi}{4} \Rightarrow x<0$ and so $\frac{\pi}{4}$ is rejected\\
$\frac{x}{2}+\frac{\pi}{3}=2 \pi-\frac{\pi}{4}\left(=\frac{7 \pi}{4}\right)$\\
$x=\frac{17 \pi}{6} \quad$ (must be in radians)\\",Calculator Not Allowed,,,,,,,,,IBDP,,,,,,,,TRUE,2025,
,TRUE,5,7,2022,May,Paper 1,TZ2,"Consider the binomial expansion $(x+1)^7=x^7+a x^6+b x^5+35 x^4+\ldots+1$ where $x \neq 0$ and $a, b \in \mathbb{Z}^{+}$.
\begin{parts}
\part[2] Show that $b=21$.
The third term in the expansion is the mean of the second term and the fourth term in the expansion.
\part[5] Find the possible values of $x$.
\end{parts}",Binomial Theorem,1. Numbers and Algebra,HL,"(a) EITHER\\
recognises the required term (or coefficient) in the expansion\\
$b x^{5}={ }^{7} C_{2} x^{5} 1^{2} \quad$ OR $\quad b={ }^{7} C_{2} \quad$ OR ${ }^{7} C_{5}$\\
$b=\frac{7!}{2!5!}\left(=\frac{7!}{2!(7-2)!}\right)$\\
correct working\\
$\frac{7 \times 6 \times 5 \times 4 \times 3 \times 2 \times 1}{2 \times 1 \times 5 \times 4 \times 3 \times 2 \times 1} \quad$ OR $\quad \frac{7 \times 6}{2!} \quad$ OR $\quad \frac{42}{2}$

\section*{OR}
lists terms from row 7 of Pascal's triangle\\
$1,7,21, \ldots$

THEN\\
$b=21$\\
(b) $a=7$\\
correct equation\\
$21 x^{5}=\frac{a x^{6}+35 x^{4}}{2} \quad$ OR $\quad 21 x^{5}=\frac{7 x^{6}+35 x^{4}}{2}$\\
correct quadratic equation\\
$7 x^{2}-42 x+35=0$ OR $x^{2}-6 x+5=0$ (or equivalent)\\
valid attempt to solve their quadratic

$$
\begin{aligned}
& (x-1)(x-5)=0 \quad \text { OR } \quad x=\frac{6 \pm \sqrt{(-6)^{2}-4(1)(5)}}{2(1)} \\
& x=1, x=5
\end{aligned}
$$A1

Note: Award final $\boldsymbol{A O}$ for obtaining $x=0, x=1, x=5$.\\",Calculator Not Allowed,,,,,,,,,IBDP,,,,,,,,TRUE,2025,
,TRUE,6,8,2022,May,Paper 1,TZ2,"A function $f$ is defined by $f(x)=x \sqrt{1-x^2}$ where $-1 \leq x \leq 1$.
The graph of $y=f(x)$ is shown below.
\begin{center}
\includegraphics[scale=0.1,height=6cm]{SV_IBDP_FST_AA HL_May 2022 _Paper 1_TZ2_2.png}
\end{center}
\begin{parts}
\part[2] Show that $f$ is an odd function.
The range of $f$ is $a \leq y \leq b$, where $a, b \in \mathbb{R}$.
\part[6] Find the value of $a$ and the value of $b$.
\end{parts}",Properties of Functions,2. Functions,HL,"(a) attempts to replace $x$ with $-x$

$$
\begin{aligned}
& f(-x)=-x \sqrt{1-(-x)^{2}} \\
& =-x \sqrt{1-(-x)^{2}}(=-f(x))
\end{aligned}
$$

Note: Award M1A1 for an attempt to calculate both $f(-x)$ and $-f(-x)$ independently, showing that they are equal.

Note: Award M1A0 for a graphical approach including evidence that either the graph is invariant after rotation by $180^{\circ}$ about the origin or the graph is invariant after a reflection in the $y$-axis and then in the $x$-axis (or vice versa).\\
so $f$ is an odd function\\
(b) attempts both product rule and chain rule differentiation to find $f^{\prime}(x)$\\
$f^{\prime}(x)=x \times \frac{1}{2} \times(-2 x) \times\left(1-x^{2}\right)^{-\frac{1}{2}}+\left(1-x^{2}\right)^{\frac{1}{2}} \times 1\left(=\sqrt{1-x^{2}}-\frac{x^{2}}{\sqrt{1-x^{2}}}\right)$\\
$=\frac{1-2 x^{2}}{\sqrt{1-x^{2}}}$\\
sets their $f^{\prime}(x)=0$\\
$\Rightarrow x= \pm \frac{1}{\sqrt{2}}$\\
attempts to find at least one of $f\left( \pm \frac{1}{\sqrt{2}}\right)$\\
Note: Award $\boldsymbol{M} \mathbf{1}$ for an attempt to evaluate $f(x)$ at least at one of their $f^{\prime}(x)=0$ roots.\\
$a=-\frac{1}{2}$ and $b=\frac{1}{2}$\\
Note: Award $\boldsymbol{A 1}$ for $-\frac{1}{2} \leq y \leq \frac{1}{2}$.",Calculator Not Allowed,,,,,,,,,IBDP,,,,,,,,TRUE,2025,
,TRUE,7,6,2022,May,Paper 1,TZ2,"By using the substitution $u=\sec x$ or otherwise, find an expression for $\int_0^{\frac{\pi}{3}} \sec ^n x \tan x \mathrm{~d} x$ in terms of $n$, where $n$ is a non-zero real number.",Integral Calculus,5. Calculus,HL,"\section*{7. METHOD 1}
$u=\sec x \Rightarrow \mathrm{~d} u=\sec x \tan x \mathrm{~d} x$\\
attempts to express the integral in terms of $u$\\
$\int_{1}^{2} u^{n-1} \mathrm{~d} u$\\
$=\frac{1}{n}\left[u^{n}\right]_{1}^{2} \quad\left(=\frac{1}{n}\left[\sec ^{n} x\right]_{0}^{\frac{\pi}{3}}\right)$\\
Note: Condone the absence of or incorrect limits up to this point.\\
$=\frac{2^{n}-1^{n}}{n}$\\
$=\frac{2^{n}-1}{n}$\\
Note: Award M1 for correct substitution of their limits for $u$ into their antiderivative for $u$ ( or given limits for $x$ into their antiderivative for $x$ ).

\section*{METHOD 2}
$\int \sec ^{n} x \tan x \mathrm{~d} x=\int \sec ^{n-1} x \sec x \tan x \mathrm{~d} x$\\
applies integration by inspection\\
$=\frac{1}{n}\left[\sec ^{n} x\right]_{0}^{\frac{\pi}{3}}$\\
Note: Award $\boldsymbol{A} 2$ if the limits are not stated.

$$
=\frac{1}{n}\left(\sec ^{n} \frac{\pi}{3}-\sec ^{n} 0\right)
$$

Note: Award $\boldsymbol{M} \mathbf{1}$ for correct substitution into their antiderivative.\\
$=\frac{2^{n}-1}{n}$\\",Calculator Not Allowed,,,,,,,,,IBDP,,,,,,,,TRUE,2025,
,TRUE,8,6,2022,May,Paper 1,TZ2,"A continuous random variable $X$ has the probability density function $$
f(x)=\left\{\begin{array}{cl}
\cfrac{2}{(b-a)(c-a)}(x-a), & a \leq x \leq c \\
\cfrac{2}{(b-a)(b-c)}(b-x), & c<x \leq b . \\
0, & \text { otherwise }
\end{array}\right.
$$
The following diagram shows the graph of $y=f(x)$ for $a \leq x \leq b$.
\begin{center}
\includegraphics[scale=0.1,height=4cm]{SV_IBDP_FST_AA HL_May 2022 _Paper 1_TZ2_3.png}
\end{center}
Given that $c \geq \cfrac{a+b}{2}$, find an expression for the median of $X$ in terms of $a, b$ and $c$.","Probability
Integral Calculus","4. Statistics and Probability
5. Calculus",HL,"let $m$ be the median

\section*{EITHER}
attempts to find the area of the required triangle\\
base is $(m-a)$\\
and height is $\frac{2}{(b-a)(c-a)}(m-a)$\\
area $=\frac{1}{2}(m-a) \times \frac{2}{(b-a)(c-a)}(m-a)\left(=\frac{(m-a)^{2}}{(b-a)(c-a)}\right)$

\section*{OR}
attempts to integrate the correct function\\
$\int_{a}^{m} \frac{2}{(b-a)(c-a)}(x-a) \mathrm{d} x$\\
$=\frac{2}{(b-a)(c-a)}\left[\frac{1}{2}(x-a)^{2}\right]_{a}^{m}$ OR $\frac{2}{(b-a)(c-a)}\left[\frac{x^{2}}{2}-a x\right]_{a}^{m}$

Note: Award $\boldsymbol{A} \mathbf{1}$ for correct integration and $\boldsymbol{A 1}$ for correct limits.

\section*{THEN}
sets up (their) $\int_{a}^{m} \frac{2}{(b-a)(c-a)}(x-a) \mathrm{d} x$ or area $=\frac{1}{2}$\\
Note: Award MOAOAOM1AOAO if candidates conclude that $m>c$ and set up their area or sum of integrals $=\frac{1}{2}$.\\
$\frac{(m-a)^{2}}{(b-a)(c-a)}=\frac{1}{2}$\\
$m=a \pm \sqrt{\frac{(b-a)(c-a)}{2}}$\\
as $m>a$, rejects $m=a-\sqrt{\frac{(b-a)(c-a)}{2}}$\\
so $m=a+\sqrt{\frac{(b-a)(c-a)}{2}}$",Calculator Not Allowed,,,,,,,,,IBDP,,,,,,,,TRUE,2025,
,TRUE,9,5,2022,May,Paper 1,TZ2,Prove by contradiction that the equation $2 x^3+6 x+1=0$ has no integer roots.,Proofs,1. Numbers and Algebra,HL,"\section*{9. METHOD 1 (rearranging the equation)}
assume there exists some $\alpha \in \mathbb{Z}$ such that $2 \alpha^{3}+6 \alpha+1=0$\\
Note: Award $\boldsymbol{M 1}$ for equivalent statements such as 'assume that $\alpha$ is an integer root of $2 \alpha^{3}+6 \alpha+1=0$ '. Condone the use of $x$ throughout the proof.\\
Award $\boldsymbol{M} \mathbf{1}$ for an assumption involving $\alpha^{3}+3 \alpha+\frac{1}{2}=0$.\\
Note: Award MO for statements such as ""let's consider the equation has integer roots..."",""let $\alpha \in \mathbb{Z}$ be a root of $2 \alpha^{3}+6 \alpha+1=0 \ldots$ ""\\
Note: Subsequent marks after this $\boldsymbol{M 1}$ are independent of this $\boldsymbol{M 1}$ and can be awarded.\\
attempts to rearrange their equation into a suitable form

\section*{EITHER}
$2 \alpha^{3}+6 \alpha=-1$\\
$\alpha \in \mathbb{Z} \Rightarrow 2 \alpha^{3}+6 \alpha$ is even R1\\
$2 \alpha^{3}+6 \alpha=-1$ which is not even and so $\alpha$ cannot be an integer\\
Note: Accept ' $2 \alpha^{3}+6 \alpha=-1$ which gives a contradiction'.

\section*{OR}
$$
\begin{array}{ll}
1=2\left(-\alpha^{3}-3 \alpha\right) & \text { A1 } \\
\alpha \in \mathbb{Z} \Rightarrow\left(-\alpha^{3}-3 \alpha\right) \in \mathbb{Z} & \boldsymbol{R} \mathbf{1}
\end{array}
$$

$\Rightarrow 1$ is even which is not true and so $\alpha$ cannot be an integer\\
R1\\
Note: Accept ' $\Rightarrow 1$ is even which gives a contradiction'.\\
continued...

Question 9 continued

\section*{OR}
$\frac{1}{2}=-\alpha^{3}-3 \alpha$\\
$\alpha \in \mathbb{Z} \Rightarrow\left(-\alpha^{3}-3 \alpha\right) \in \mathbb{Z}$\\
$-\alpha^{3}-3 \alpha$ is not an integer $\left(=\frac{1}{2}\right)$ and so $\alpha$ cannot be an integer\\
Note: Accept ' $-\alpha^{3}-3 \alpha$ is not an integer $\left(=\frac{1}{2}\right)$ which gives a contradiction'.

\section*{OR}
$$
\alpha=-\frac{1}{2\left(\alpha^{2}+3\right)}
$$

$\alpha \in \mathbb{Z} \Rightarrow-\frac{1}{2\left(\alpha^{2}+3\right)} \in \mathbb{Z}$\\
$-\frac{1}{2\left(\alpha^{2}+3\right)}$ is not an integer and so $\alpha$ cannot be an integer\\
Note: Accept $-\frac{1}{2\left(\alpha^{2}+3\right)}$ is not an integer which gives a contradiction'.

\section*{THEN}
so the equation $2 x^{3}+6 x+1=0$ has no integer roots

\section*{Question 9 continued}
\section*{METHOD 2}
assume there exists some $\alpha \in \mathbb{Z}$ such that $2 \alpha^{3}+6 \alpha+1=0$\\
Note: Award M1 for statements such as 'assume that $\alpha$ is an integer root of $2 \alpha^{3}+6 \alpha+1=0$ '. Condone the use of $x$ throughout the proof. Award $\boldsymbol{M 1}$ for an assumption involving $\alpha^{3}+3 \alpha+\frac{1}{2}=0$ and award subsequent marks based on this.

Note: Award MO for statements such as ""let's consider the equation has integer roots..."", ""let $\alpha \in \mathbb{Z}$ be a root of $2 \alpha^{3}+6 \alpha+1=0 \ldots$ ""

Note: Subsequent marks after this $\boldsymbol{M} \mathbf{1}$ are independent of this $\boldsymbol{M} \mathbf{1}$ and can be awarded.\\
let $f(x)=2 x^{3}+6 x+1$ (and $f(\alpha)=0$ )

$$
\begin{aligned}
& f^{\prime}(x)=6 x^{2}+6>0 \text { for all } x \in \mathbb{R} \Rightarrow f \text { is a (strictly) increasing function M1A1 } \\
& f(0)=1 \text { and } f(-1)=-7
\end{aligned}
$$R1

thus $f(x)=0$ has only one real root between -1 and 0 , which gives a contradiction (or therefore, contradicting the assumption that $f(\alpha)=0$ for some $\alpha \in \mathbb{Z}$ ),",Calculator Not Allowed,,,,,,,,,IBDP,,,,,,,,TRUE,2025,
,TRUE,10,16,2022,May,Paper 1,TZ2,"A biased four-sided die with faces labelled $1,2,3$ and 4 is rolled and the result recorded. Let $X$ be the result obtained when the die is rolled. The probability distribution for $X$ is given in the following table where $p$ and $q$ are constants.
\begin{center}
\begin{tabular}{|c|c|c|c|c|}
\hline$x$ & 1 & 2 & 3 & 4 \\
\hline $\mathrm{P}(X=x)$ & $p$ & 0.3 & $q$ & 0.1 \\
\hline
\end{tabular}
\end{center}
For this probability distribution, it is known that $\mathrm{E}(X)=2$.
\begin{parts}
\part[5] Show that $p=0.4$ and $q=0.2$.
\part[2] Find $\mathrm{P}(X>2)$.
Nicky plays a game with this four-sided die. In this game she is allowed a maximum of five rolls. Her score is calculated by adding the results of each roll. Nicky wins the game if her score is at least ten.
After three rolls of the die, Nicky has a score of four.
\part[5] Assuming that rolls of the die are independent, find the probability that Nicky wins the game.
David has two pairs of unbiased four-sided dice, a yellow pair and a red pair. Both yellow dice have faces labelled $1,2,3$ and 4 . Let $S$ represent the sum obtained by rolling the two yellow dice. The probability distribution for $S$ is shown below.
\begin{center}
\begin{tabular}{|c|c|c|c|c|c|c|c|}
\hline$s$ & 2 & 3 & 4 & 5 & 6 & 7 & 8 \\
\hline $\mathrm{P}(S=s)$ & $\cfrac{1}{16}$ & $\cfrac{2}{16}$ & $\cfrac{3}{16}$ & $\cfrac{4}{16}$ & $\cfrac{3}{16}$ & $\cfrac{2}{16}$ & $\cfrac{1}{16}$ \\
\hline
\end{tabular}
\end{center}
The first red die has faces labelled $1,2,2$ and 3 . The second red die has faces labelled $1, a, a$ and $b$, where $a<b$ and $a, b \in \mathbb{Z}^{+}$. The probability distribution for the sum obtained by rolling the red pair is the same as the distribution for the sum obtained by rolling the yellow pair.
\begin{parts}
\part[2] Determine the value of $b$.
\part[2] Find the value of $a$, providing evidence for your answer.
\end{parts}
\end{parts}",Probability,4. Statistics and Probability,HL,"(a) uses $\sum \mathrm{P}(X=x)=1$ to form a linear equation in $p$ and $q$\\
correct equation in terms of $p$ and $q$ from summing to 1\\
$p+0.3+q+0.1=1$ OR $p+q=0.6$ (or equivalent)\\
uses $\mathrm{E}(X)=2$ to form a linear equation in $p$ and $q$\\
correct equation in terms of $p$ and $q$ from $\mathrm{E}(X)=2$\\
$p+0.6+3 q+0.4=2$ OR $p+3 q=1$ (or equivalent)
\end{enumerate}

Note: The marks for using $\sum \mathrm{P}(X=x)=1$ and the marks for using $\mathrm{E}(X)=2$ may be awarded independently of each other.\\
evidence of correctly solving these equations simultaneously\\
for example, $2 q=0.4 \Rightarrow q=0.2$ or $p+3 \times(0.6-p)=1 \Rightarrow p=0.4$\\
so $p=0.4$ and $q=0.2$\\
(b) valid approach\\
$\mathrm{P}(X>2)=\mathrm{P}(X=3)+\mathrm{P}(X=4)$ OR $\mathrm{P}(X>2)=1-\mathrm{P}(X=1)-\mathrm{P}(X=2)$\\
$=0.3$

\section*{Question 10 continued}
(c) recognises at least one of the valid scores $(6,7$, or 8$)$ required to win the game

Note: Award $\boldsymbol{M} \mathbf{0}$ if candidate also considers scores other than 6, 7, or 8 (such as 5).\\
let $T$ represent the score on the last two rolls\\
a score of 6 is obtained by rolling $(2,4),(4,2)$ or $(3,3)$\\
$\mathrm{P}(T=6)=2(0.3)(0.1)+(0.2)^{2}(=0.1)$\\
a score of 7 is obtained by rolling $(3,4)$ or $(4,3)$\\
$\mathrm{P}(T=7)=2(0.2)(0.1)(=0.04)$\\
a score of 8 is obtained by rolling $(4,4)$\\
$\mathrm{P}(T=8)=(0.1)^{2}(=0.01)$

Note: The above 3 A1 marks are independent of each other.\\
$\mathrm{P}($ Nicky wins $)=0.1+0.04+0.01$\\
$=0.15$\\
(d) $3+b=8$

Question 10 continued\\
(e) METHOD 1

EITHER

$$
\begin{aligned}
& \mathrm{P}(S=5)=\frac{4}{16} \\
& \mathrm{P}(S=a+2)=\frac{4}{16} \\
& \Rightarrow a+2=5
\end{aligned}
$$

\section*{OR}
$\mathrm{P}(S=6)=\frac{3}{16}$\\
$\mathrm{P}(S=a+3)=\frac{2}{16}$ and $\mathrm{P}(S=5+1)=\frac{1}{16}$\\
$\Rightarrow a+3=6$

\section*{OR}
$\mathrm{P}(S=4)=\frac{3}{16}$\\
$\mathrm{P}(S=a+1)=\frac{2}{16}$ and $\mathrm{P}(S=1+3)=\frac{1}{16}$\\
$\Rightarrow a+1=4$

\section*{THEN}
$\Rightarrow a=3$

Note: Award AOAO for $a=3$ obtained without working/reasoning/justification.

Question 10 continued

\section*{METHOD 2}
\section*{EITHER}
correctly lists a relevant part of the sample space\\
for example, $\{S=4\}=\{(3,1),(1, a),(1, a)\}$ or $\{S=5\}=\{(2, a),(2, a),(2, a),(2, a)\}$\\
or $\{S=6\}=\{(3, a),(3, a),(1,5)\}$\\
$a+3=6$

OR\\
eliminates possibilities (exhaustion) for $a<5$\\
convincingly shows that $a \neq 2,4$\\
$a \neq 4$, for example, $\mathrm{P}(S=7)=\frac{2}{16}$ from $(2,5),(2,5)$ and so $(3, a),(3, a) \Rightarrow a+3 \neq 7$

\section*{THEN}
$\Rightarrow a=3$\\",Calculator Not Allowed,,,,,,,,,IBDP,,,,,,,,TRUE,2025,
,TRUE,11,20,2022,May,Paper 1,TZ2,"A function $f$ is defined by $f(x)=\cfrac{1}{x^2-2 x-3}$, where $x \in \mathbb{R}, x \neq-1, x \neq 3$.
\begin{parts}
\part[6] Sketch the curve $y=f(x)$, clearly indicating any asymptotes with their equations. State the coordinates of any local maximum or minimum points and any points of intersection with the coordinate axes.
A function $g$ is defined by $g(x)=\cfrac{1}{x^2-2 x-3}$, where $x \in \mathbb{R}, x>3$.
\part[7] The inverse of $g$ is $g^{-1}$.
\begin{enumerate}[label=(\roman*)]
\item Show that $g^{-1}(x)=1+\cfrac{\sqrt{4 x^2+x}}{x}$.
\item State the domain of $g^{-1}$.
\end{enumerate}
A function $h$ is defined by $h(x)=\arctan \cfrac{x}{2}$, where $x \in \mathbb{R}$.
\part[7] Given that $(h \circ g)(a)=\cfrac{\pi}{4}$, find the value of $a$.
Give your answer in the form $p+\cfrac{q}{2} \sqrt{r}$, where $p, q, r \in \mathbb{Z}^{+}$.
\end{parts}","Properties of Functions
Rational Functions",2. Functions,HL,"(a) \includegraphics[width=0.4\textwidth]{2024_10_08_c52954b28b37a3a8dd30g-25}\\
$y$-intercept $\left(0,-\frac{1}{3}\right)$\\
Accept an indication of $-\frac{1}{3}$ on the $y$-axis.\\
vertical asymptotes $x=-1$ and $x=3 \quad$ A1\\
horizontal asymptote $y=0 \quad$ A1\\
uses a valid method to find the $x$-coordinate of the local maximum point (M1)\\
Note: For example, uses the axis of symmetry or attempts to solve $f^{\prime}(x)=0$.\\
local maximum point $\left(1,-\frac{1}{4}\right)$\\
Note: Award (M1)AO for a local maximum point at $x=1$ and coordinates not given.\\
three correct branches with correct asymptotic behaviour and the key features in approximately correct relative positions to each other

Question 11 continued\\
(b) (i) $x=\frac{1}{y^{2}-2 y-3}$

Note: Award $\boldsymbol{M} \mathbf{1}$ for interchanging $x$ and $y$ (this can be done at a later stage).

\section*{EITHER}
attempts to complete the square\\
$y^{2}-2 y-3=(y-1)^{2}-4$\\
$x=\frac{1}{(y-1)^{2}-4}$\\
$(y-1)^{2}-4=\frac{1}{x}\left((y-1)^{2}=4+\frac{1}{x}\right)$\\
A1\\
$y-1= \pm \sqrt{4+\frac{1}{x}}\left(= \pm \sqrt{\frac{4 x+1}{x}}\right)$

$$
\begin{aligned}
& \text { OR } \\
& \text { attempts to solve } x y^{2}-2 x y-3 x-1=0 \text { for } y \\
& y=\frac{-(-2 x) \pm \sqrt{(-2 x)^{2}+4 x(3 x+1)}}{2 x}
\end{aligned}
$$M1

Note: Award $\boldsymbol{A} \mathbf{1}$ even if - (in $\pm$ ) is missing

$$
=\frac{2 x \pm \sqrt{16 x^{2}+4 x}}{2 x}
$$

Question 11 continued

\section*{THEN}
$$
\begin{aligned}
& =1 \pm \frac{\sqrt{4 x^{2}+x}}{x} \\
& y>3 \text { and hence } y=1-\frac{\sqrt{4 x^{2}+x}}{x} \text { is rejected }
\end{aligned}
$$

Note: Award $\boldsymbol{R} \mathbf{1}$ for concluding that the expression for $y$ must have the ' + ' sign. The $\mathbf{R} \mathbf{1}$ may be awarded earlier for using the condition $x>3$.

$$
\begin{aligned}
& y=1+\frac{\sqrt{4 x^{2}+x}}{x} \\
& g^{-1}(x)=1+\frac{\sqrt{4 x^{2}+x}}{x}
\end{aligned}
$$

(ii) domain of $g^{-1}$ is $x>0$

\section*{Question 11 continued}
(c) attempts to find $(h \circ g)(a)$

$$
\begin{aligned}
& (h \circ g)(a)=\arctan \left(\frac{g(a)}{2}\right) \quad\left((h \circ g)(a)=\arctan \left(\frac{1}{2\left(a^{2}-2 a-3\right)}\right)\right) \\
& \arctan \left(\frac{g(a)}{2}\right)=\frac{\pi}{4} \quad\left(\arctan \left(\frac{1}{2\left(a^{2}-2 a-3\right)}\right)=\frac{\pi}{4}\right)
\end{aligned}
$$

attempts to solve for $g(a)$\\
$\Rightarrow g(a)=2\left(\frac{1}{\left(a^{2}-2 a-3\right)}=2\right)$

\section*{EITHER}
$$
\Rightarrow a=g^{-1}(2)
$$

attempts to find their $g^{-1}(2)$ ..... M1

$$
a=1+\frac{\sqrt{4(2)^{2}+2}}{2}
$$

Note: Award all available marks to this stage if $x$ is used instead of $a$.

\section*{OR}
$$
\Rightarrow 2 a^{2}-4 a-7=0
$$

attempts to solve their quadratic equation\\
$a=\frac{-(-4) \pm \sqrt{(-4)^{2}+4(2)(7)}}{4}\left(=\frac{4 \pm \sqrt{72}}{4}\right)$\\
Note: Award all available marks to this stage if $x$ is used instead of $a$.

\section*{THEN}
$$
\begin{aligned}
& a=1+\frac{3}{2} \sqrt{2}(\text { as } a>3) \\
& (p=1, q=3, r=2)
\end{aligned}
$$

Note: Award A1 for $a=1+\frac{1}{2} \sqrt{18}(p=1, q=1, r=18)$.\\",Calculator Not Allowed,,,,,,,,,IBDP,,,,,,,,TRUE,2025,
,TRUE,12,18,2022,May,Paper 1,TZ2,"In the following Argand diagram, the points $Z_1, O$ and $Z_2$ are the vertices of triangle $Z_1 O_2$ described anticlockwise.
\begin{center}
\includegraphics[scale=0.1,height=6cm]{SV_IBDP_FST_AA HL_May 2022 _Paper 1_TZ2_4.png}
\end{center}
The point $Z_1$ represents the complex number $z_1=r_1 \mathrm{e}^{\mathrm{i} \alpha}$, where $r_1>0$. The point $Z_2$ represents the complex number $z_2=r_2 \mathrm{e}^{\mathrm{i} \theta}$, where $r_2>0$.
Angles $\alpha, \theta$ are measured anticlockwise from the positive direction of the real axis such that $0 \leq \alpha, \theta<2 \pi$ and $0<\alpha-\theta<\pi$.
\begin{parts}
\part[2] Show that $z_1 z_2^*=r_1 r_2 \mathrm{e}^{\mathrm{i}(\alpha-\theta)}$ where $z_2^*$ is the complex conjugate of $z_2$.
\part[2] Given that $\operatorname{Re}\left(z_1 z_2^*\right)=0$, show that $\mathrm{Z}_1 \mathrm{OZ}_2$ is a right-angled triangle.
In parts (c), (d) and (e), consider the case where $\mathrm{Z}_1 \mathrm{OZ}_2$ is an equilateral triangle.
\part[6] \begin{enumerate}[label=(\roman*)]
\item Express $z_1$ in terms of $z_2$.
\item Hence show that $z_1^2+z_2^2=z_1 z_2$.
\end{enumerate}
Let $z_1$ and $z_2$ be the distinct roots of the equation $z^2+a z+b=0$ where $z \in \mathbb{C}$ and $a, b \in \mathbb{R}$.
\part[5] Use the result from part (c)(ii) to show that $a^2-3 b=0$.
Consider the equation $z^2+a z+12=0$, where $z \in \mathbb{C}$ and $a \in \mathbb{R}$.
\part[3] Given that $0<\alpha-\theta<\pi$, deduce that only one equilateral triangle $\mathrm{Z}_1 \mathrm{OZ}_2$ can be formed from the point $\mathrm{O}$ and the roots of this equation.
\end{parts}",Complex Numbers,1. Numbers and Algebra,HL,"(a) $\mathrm{z}_{2}^{*}=r_{2} \mathrm{e}^{-\mathrm{i} \theta}$

$$
\begin{array}{lr}
z_{1} z_{2}^{*}=r_{1} \mathrm{e}^{\mathrm{i} \alpha} r_{2} \mathrm{e}^{-\mathrm{i} \theta} & \boldsymbol{A 1} \\
\mathrm{z}_{1} \mathrm{z}_{2}^{*}=r_{1} r_{2} \mathrm{e}^{\mathrm{i}(\alpha-\theta)} & \boldsymbol{A G}
\end{array}
$$

Note: Accept working in modulus-argument form\\
\\
(b) $\operatorname{Re}\left(z_{1} z_{2}{ }^{*}\right)=r_{1} r_{2} \cos (\alpha-\theta) \quad(=0)$\\
$\alpha-\theta=\arccos 0\left(r_{1}, r_{2}>0\right)$\\
$\alpha-\theta=\frac{\pi}{2}$ (as $0<\alpha-\theta<\pi$ )\\
so $\mathrm{Z}_{1} \mathrm{OZ}_{2}$ is a right-angled triangle\\
(c) (i) EITHER


\begin{equation*}
\frac{z_{1}}{z_{2}}\left(=\frac{r_{1}}{r_{2}} \mathrm{e}^{\mathrm{i}(\alpha-\theta)}\right)=\mathrm{e}^{\mathrm{i} \frac{\pi}{3}}\left(\text { since } r_{1}=r_{2}\right) \tag{M1}
\end{equation*}


OR

$$
z_{1}=r_{2} \mathrm{e}^{\mathrm{i}\left(\theta+\frac{\pi}{3}\right)}\left(=r_{2} \mathrm{e}^{\mathrm{i} \theta} \mathrm{e}^{\mathrm{i} \frac{\pi}{3}}\right)
$$

\section*{THEN}
$$
z_{1}=z_{2} \mathrm{e}^{\mathrm{i} \frac{\pi}{3}}
$$

Note: Accept working in either modulus-argument form to obtain

$$
z_{1}=z_{2}\left(\cos \frac{\pi}{3}+\mathrm{i} \sin \frac{\pi}{3}\right) \text { or in Cartesian form to obtain } z_{1}=z_{2}\left(\frac{1}{2}+\frac{\sqrt{3}}{2} \mathrm{i}\right)
$$

Question 12 continued\\
(ii) substitutes $z_{1}=z_{2} \mathrm{e}^{\mathrm{i} \frac{\pi}{3}}$ into $z_{1}^{2}+z_{2}^{2}$

$$
z_{1}^{2}+z_{2}^{2}=z_{2}^{2} \mathrm{e}^{\mathrm{i} \frac{2 \pi}{3}}+z_{2}^{2}\left(=z_{2}^{2}\left(\mathrm{e}^{\mathrm{i} \frac{2 \pi}{3}}+1\right)\right)
$$

\section*{EITHER}
$$
e^{i \frac{2 \pi}{3}}+1=e^{i \frac{\pi}{3}}
$$

OR

$$
\begin{aligned}
& z_{2}^{2}\left(\mathrm{e}^{\mathrm{i} \frac{2 \pi}{3}}+1\right)=z_{2}^{2}\left(-\frac{1}{2}+\frac{\sqrt{3}}{2} \mathrm{i}+1\right) \\
& =z_{2}^{2}\left(\frac{1}{2}+\frac{\sqrt{3}}{2} \mathrm{i}\right)
\end{aligned}
$$

\section*{THEN}
$$
\begin{aligned}
& z_{1}^{2}+z_{2}^{2}=z_{2} \mathrm{e}^{i \frac{\pi}{3}} \\
& =z_{2}\left(z_{2} \mathrm{e}^{i \frac{\pi}{3}}\right) \text { and } z_{2} \mathrm{e}^{i \frac{\pi}{3}}=z_{1} \\
& \text { so } z_{1}^{2}+z_{2}^{2}=z_{1} z_{2}
\end{aligned}
$$

Note: For candidates who work on the LHS and RHS separately to show equality, award $\boldsymbol{M} \mathbf{1} \boldsymbol{A} \boldsymbol{1}$ for $z_{1}^{2}+z_{2}{ }^{2}=z_{2} \mathrm{e}^{\mathrm{i} \frac{2 \pi}{3}}+z_{2}{ }^{2}\left(=z_{2}{ }^{2}\left(\mathrm{e}^{\mathrm{i} \frac{2 \pi}{3}}+1\right)\right)$, $\boldsymbol{A} \boldsymbol{1}$ for $z_{1} z_{2}=z_{2}{ }^{\mathrm{i}} \mathrm{e}^{\frac{\pi}{3}}$ and $\boldsymbol{A} 1$ for $\mathrm{e}^{\mathrm{i} \frac{2 \pi}{3}}+1=\mathrm{e}^{\mathrm{i} \frac{\pi}{3}}$. Accept working in either modulusargument form or in Cartesian form.

Question 12 continued\\
(d) METHOD 1\\
$Z_{1}+z_{2}=-a$ and $z_{1} z_{2}=b$\\
$a^{2}=z_{1}^{2}+z_{2}^{2}+2 z_{1} z_{2}$\\
$a^{2}=2 z_{1} z_{2}+z_{1} z_{2}\left(=3 z_{1} z_{2}\right)$\\
substitutes $b=z_{1} z_{2}$ into their expression

$$
a^{2}=2 b+b \text { OR } a^{2}=3 b
$$

Note: If $z_{1}+z_{2}=-a$ is not clearly recognized, award maximum (A0)A1A1M1A0.\\
so $a^{2}-3 b=0$

\section*{METHOD 2}
$Z_{1}+z_{2}=-a$ and $z_{1} z_{2}=b$\\
$\left(z_{1}+z_{2}\right)^{2}=z_{1}^{2}+z_{2}{ }^{2}+2 z_{1} z_{2}$\\
$\left(z_{1}+z_{2}\right)^{2}=2 z_{1} z_{2}+z_{1} z_{2}\left(=3 z_{1} z_{2}\right)$\\
substitutes $b=z_{1} z_{2}$ and $z_{1}+z_{2}=-a$ into their expression

$$
a^{2}=2 b+b \text { OR } a^{2}=3 b
$$

Note: If $z_{1}+z_{2}=-a$ is not clearly recognized, award maximum (AO)A1A1M1A0.\\
so $a^{2}-3 b=0$\\
AG\\
\\
(e) $a^{2}-3 \times 12=0$\\
$a= \pm 6\left(\Rightarrow z^{2} \pm 6 z+12=0\right)$\\
for $a=-6$ :\\
$z_{1}=3+\sqrt{3} i, z_{2}=3-\sqrt{3} i$ and $\alpha-\theta=-\frac{5 \pi}{3}$ which does not satisfy $0<\alpha-\theta<\pi$\\
for $a=6$ :\\
$z_{1}=-3-\sqrt{3} \mathrm{i}, z_{2}=-3+\sqrt{3} \mathrm{i}$ and $\alpha-\theta=\frac{\pi}{3}$\\
so (for $0<\alpha-\theta<\pi$ ), only one equilateral triangle can be formed from point 0 and the two roots of this equation
",Calculator Not Allowed,,,,,,,,,IBDP,,,,,,,,TRUE,2025,
,TRUE,1,5,2022,Nov,Paper 2,TZ0,"The following table shows the Mathematics test scores $(x)$ and the Science test scores $(y)$ for a group of eight students.

\begin{center}
\begin{tabular}{|l|c|c|c|c|c|c|c|c|}
\hline
\begin{tabular}{l}
Mathematics \\
scores $(x)$ \\
\end{tabular} & 64 & 68 & 72 & 75 & 80 & 82 & 85 & 86 \\
\hline
\begin{tabular}{l}
Science \\
scores $(y)$ \\
\end{tabular} & 67 & 72 & 77 & 76 & 84 & 83 & 89 & 91 \\
\hline
\end{tabular}
\end{center}

The regression line of $y$ on $x$ for this data can be written in the form $y=a x+b$.\\
(a) Find the value of $a$ and the value of $b$.\\
(b) Write down the value of the Pearson's product-moment correlation coefficient, $r$.\\
(c) Use the equation of your regression line to predict the Science test score for a student who has a score of 78 on the Mathematics test. Express your answer to the nearest integer. \\",Bivariate Statistics,4. Statistics and Probability,HL,"\begin{enumerate}
  \item (a) $1.01206 \ldots, 2.45230 \ldots$\\
$a=1.01, b=2.45(1.01 x+2.45)$\\
(b) $0.981464 \ldots$\\
$r=0.981$\\

(c) correct substitution of 78 into their regression equation\\
$81.3930 \ldots, 81.23$ from 3 sf answer\\
81",Calculator Allowed,,,,,,,,,IBDP,,,,,,,,TRUE,2025,
,TRUE,2,6,2022,Nov,Paper 2,TZ0,"The function $f$ is defined as $f(x)=\ln \left(x \mathrm{e}^{x}+1\right)-x^{4}$, for $0 \leq x \leq 2$. The graph of $f$ is shown in the following diagram.

\begin{center}
\includegraphics[width=0.4\textwidth]{2024_09_19_293e963996f8a22efbbfg-04}
\end{center}

The graph of $f$ has a local maximum at point A. The graph intersects the $x$-axis at the origin and at point B.\\
(a) Find the coordinates of A.\\
(b) Find the $x$-coordinate of B .\\
(c) Find the total area enclosed by the graph of $f$, the $x$-axis and the line $x=2$. \\","Applications of Functions
Exponents and Logs
Integral Calculus","2. Functions
1. Numbers and Algebra
5. Calculus",HL,"\item (a) $(0.708519 \ldots, 0.639580 \ldots)$\\
$(0.709,0.640)(x=0.709, y=0.640)$\\
(b) $1.09885 \ldots$\\
$x=1.10(\operatorname{accept}(1.10,0))$\\
(c) METHOD 1\\
$\int_{0}^{2}|f(x)| d x$\\
(A1)\\
4.61117...\\
area $=4.61$
\end{enumerate}

\section*{METHOD 2}
$-\int_{1.09885 . . .}^{2} f(x) d x$ OR $\int_{1.09885 \ldots}^{2}|f(x)| d x$ OR $4.17527 \ldots$\\
$\int_{0}^{1.09885 \ldots} f(x) d x-\int_{1.09885}^{2} f(x) d x$ OR $0.435901 \ldots+4.17527 \ldots$\\
4.61117...\\
area $=4.61$\\",Calculator Allowed,,,,,,,,,IBDP,,,,,,,,TRUE,2025,
,TRUE,3,5,2022,Nov,Paper 2,TZ0,"A geometric sequence has a first term of 50 and a fourth term of 86.4.\\
The sum of the first $n$ terms of the sequence is $S_{n}$.\\
Find the smallest value of $n$ such that $S_{n}>33500$. \\",Sequences and Series,1. Numbers and Algebra,HL,"$86.4=50 r^{3}$\\
$r=1.2\left(=\sqrt[3]{\frac{86.4}{50}}\right)$ seen anywhere\\
$\frac{50\left(1.2^{n}-1\right)}{0.2}>33500$ OR $250\left(1.2^{n}-1\right)=33500$\\
attempt to solve their geometric $S_{n}$ inequality or equation\\
sketch OR $n>26.9045, n=26.9$ OR $S_{26}=28368.8$ OR $S_{27}=34092.6$ OR algebraic manipulation involving logarithms\\
$n=27$ (accept $n \geq 27$ )\\",Calculator Allowed,,,,,,,,,IBDP,,,,,,,,TRUE,2025,
,TRUE,4,7,2022,Nov,Paper 2,TZ0,"The population of a town $t$ years after 1 January 2014 can be modelled by the function

$$
P(t)=15000 \mathrm{e}^{k t} \text {, where } k<0 \text { and } t \geq 0 \text {. }
$$

It is known that between 1 January 2014 and 1 January 2022 the population decreased by $11 \%$.\\
Use this model to estimate the population of this town on 1 January 2041.\\","Exponents and Logs
Applications of Functions","1. Numbers and Algebra
2. Functions",HL,"recognition that initial population is 15000 (seen anywhere)\\
$P(0)=15000$ OR $0.11 \times 15000$ OR $0.89 \times 15000$\\
population after $11 \%$ decrease is $15000 \times 0.89(=13350)$\\
recognizing that $t=8$ on 1 January 2022 (seen anywhere)\\
substitution of their value of $t$ for 1 January 2022 and their value of $P(8)$ into the model\\
$15000 \times 0.89=15000 \mathrm{e}^{8 k}$ OR $13350=15000 \mathrm{e}^{8 k}$\\
$k=\frac{\ln 0.89}{8}(-0.014566)$\\
substitution of $t=2041-2014(=27)$ and their value for $k$ into the model\\
$P(27)=15000 e^{-0.0145 . \times 27}$\\
10122.3...\\
$P(27)=10100(10122)$\\",Calculator Allowed,,,,,,,,,IBDP,,,,,,,,TRUE,2025,
,TRUE,5,6,2022,Nov,Paper 2,TZ0,"Consider the expansion of $\frac{(a x+1)^{9}}{21 x^{2}}$, where $a \neq 0$. The coefficient of the term in $x^{4}$ is $\frac{8}{7} a^{5}$.\\
Find the value of $a$. \\",Binomial Theorem,1. Numbers and Algebra,HL,"valid approach for expansion (must be the product of a binomial coefficient with $n=9$ and a power of $a x$ )

$$
{ }^{9} C_{r}(a x)^{9-r}(1)^{r} \text { OR }{ }^{9} C_{9-r}(a x)^{r}(1)^{9-r} \text { OR }{ }^{9} C_{0}(a x)^{0}(1)^{9}+{ }^{9} C_{1}(a x)^{1}(1)^{8}+\ldots
$$

recognizing that the term in $x^{6}$ is needed\\
$\frac{\text { Term in } x^{6}}{21 x^{2}}=k x^{4}$ OR $r=6$ OR $r=3$ OR $9-r=6$\\
correct term or coefficient in binomial expansion (seen anywhere)\\
${ }^{9} C_{6}(a x)^{6}(1)^{3}$ OR ${ }^{9} C_{3} a^{6} x^{6}$ OR $84\left(a^{6} x^{6}\right)(1)$ OR $84 a^{6}$

\section*{EITHER}
correct term in $x^{4}$ or coefficient (may be seen in equation)\\
$\frac{{ }^{9} C_{6}}{21} a^{6} x^{4}$ OR $4 a^{6} x^{4}$ OR $4 a^{6}$\\
Set their term in $x^{4}$ or coefficient of $x^{4}$ equal to $\frac{8}{7} a^{5} x^{4}$ or $\frac{8}{7} a^{5}$ (do not accept other powers of $x$ )\\
$\frac{{ }^{9} C_{3}}{21} a^{6} x^{4}=\frac{8}{7} a^{5} x^{4}$ OR $4 a^{6}=\frac{8}{7} a^{5}$


\section*{OR}
correct term in $x^{6}$ or coefficient of $x^{6}$ (may be seen in equation)\\
$84 a^{6} x^{6}$ OR $84 a^{6}$

Set their term in $x^{6}$ or coefficient of $x^{6}$ equal to $24 a^{5} x^{6}$ or $24 a^{5}$\\
(do not accept other powers of $x$ )\\
$84 a^{6} x^{6}=24 a^{5} x^{6}$ OR $84 a=24$

\section*{THEN}
$a=\frac{2}{7} \approx 0.286(0.285714 \ldots)$\\
",Calculator Allowed,,,,,,,,,IBDP,,,,,,,,TRUE,2025,
,TRUE,6,8,2022,Nov,Paper 2,TZ0,"The continuous random variable $X$ has a probability density function given by

$$
f(x)=\left\{\begin{array}{cc}
a x \mathrm{e}^{x}, & 0 \leq x \leq b \\
0, & \text { otherwise }
\end{array}\right.
$$

where $a, b \in \mathbb{R}^{+}$.\\
(a) Find an expression for $a$ in terms of $b$.\\
(b) In the case where $a=b=1$, find the median of $X$. \\",Integral Calculus,5. Calculus,HL,"(a) $\int_{0}^{b} a x \mathrm{e}^{x} \mathrm{~d} x=1$ (seen anywhere)\\
attempt to use integration by parts (either way around)


\begin{align*}
& {\left[a x \mathrm{e}^{x}\right]_{0}^{b}-\int_{0}^{b} a \mathrm{e}^{x} \mathrm{~d} x(=1)}  \tag{A1}\\
& {\left[a x \mathrm{e}^{x}\right]_{0}^{b}-\left[a \mathrm{e}^{x}\right]_{0}^{b}(=1)}
\end{align*}



$$
\begin{aligned}
& a b \mathrm{e}^{b}-a \mathrm{e}^{b}+a=1 \\
& a=\frac{1}{b \mathrm{e}^{b}-\mathrm{e}^{b}+1}
\end{aligned}
$$

(b) $\int_{0}^{m} x \mathrm{e}^{x} \mathrm{~d} x=\frac{1}{2}$\\
$\left[x \mathrm{e}^{x}\right]_{0}^{m}-\left[\mathrm{e}^{x}\right]_{0}^{m}=\frac{1}{2}$\\
$m \mathrm{e}^{m}-\mathrm{e}^{m}+1=\frac{1}{2}$\\
$m=0.768039 \ldots$\\
$m=0.768$\\",Calculator Allowed,,,,,,,,,IBDP,,,,,,,,TRUE,2025,
,TRUE,7,6,2022,Nov,Paper 2,TZ0,"Consider the vectors $\boldsymbol{u}=\boldsymbol{i}+\boldsymbol{j}$ and $\boldsymbol{v}=\left(\cos \frac{1}{n}\right) \boldsymbol{i}+\left(\sin \frac{1}{n}\right) \boldsymbol{j}$, where $n \in \mathbb{Z}^{+}$.\\
Let $\theta$ be the angle between $\boldsymbol{u}$ and $\boldsymbol{v}$.\\
(a) Find an expression for $\cos \theta$ in terms of $n$.\\
(b) Find the exact value of the limit approached by $\theta$ as $n \rightarrow \infty$.

\includegraphics[width=0.4\textwidth]{2024_09_19_293e963996f8a22efbbfg-09}\\","Vectors and Planes
Limits","3. Geometry and Trigonometry
5. Calculus",HL,"(a) METHOD 1\\
attempt to use scalar product or formula for angle between two vectors\\
$\boldsymbol{u} \cdot \boldsymbol{v}=\cos \frac{1}{n}+\sin \frac{1}{n}$ (seen anywhere)\\
$\cos \theta=\frac{\cos \frac{1}{n}+\sin \frac{1}{n}}{\sqrt{2} \sqrt{\left(\cos ^{2} \frac{1}{n}+\sin ^{2} \frac{1}{n}\right)}}\left(=\frac{\cos \frac{1}{n}+\sin \frac{1}{n}}{\sqrt{2}}\right)$

\section*{METHOD 2}
attempt to use an Argand diagram showing two complex numbers in the first quadrant with the angle between them marked as $\theta$\\
$\arg (\boldsymbol{u})=\frac{\pi}{4}\left(\operatorname{accept} 45^{\circ}\right.$ or $\left.\arctan (1)\right)$ and $\arg (\boldsymbol{v})=\frac{1}{n}$\\
$\cos \theta=\cos \left|\frac{\pi}{4}-\frac{1}{n}\right|$


(b) use of $\frac{1}{n} \rightarrow 0$ as $n \rightarrow \infty$

EITHER\\
$(\cos \theta \rightarrow) \frac{1}{\sqrt{2}}$

OR\\
$(v \rightarrow) i$

THEN\\
the limit is $\frac{\pi}{4}$\\
",Calculator Allowed,,,,,,,,,IBDP,,,,,,,,TRUE,2025,
,TRUE,8,6,2022,Nov,Paper 2,TZ0,"The following diagram shows liquid in a round-bottomed glass flask, which is made of a sphere and a cylindrical neck.

\begin{center}
\includegraphics[width=0.4\textwidth]{2024_09_19_293e963996f8a22efbbfg-10}
\end{center}

Initially, the flask is empty. Liquid is poured into the flask at a rate of $2 \mathrm{~cm}^{3} \mathrm{~s}^{-1}$. You may assume that the liquid does not reach the cylindrical neck.

The volume $V \mathrm{~cm}^{3}$ and the height $h \mathrm{~cm}$ of the liquid in the flask satisfy the equation $V=5 \pi h^{2}-\frac{1}{3} \pi h^{3}$.\\
Find the rate of change of the height of the liquid in the flask at the instant when the volume of the liquid is $200 \mathrm{~cm}^{3}$. \\",Differential Calculus,5. Calculus,HL,"EITHER\\
$\left(\frac{\mathrm{d} V}{\mathrm{~d} h}=\right) 10 \pi h-\pi h^{2}$\\

attempt to use chain rule to find a relationship between $\frac{\mathrm{d} h}{\mathrm{~d} t}, \frac{\mathrm{~d} V}{\mathrm{~d} t}$ and $\frac{\mathrm{d} V}{\mathrm{~d} h}$\\
$\frac{\mathrm{d} h}{\mathrm{~d} t}=\frac{\mathrm{d} h}{\mathrm{~d} V} \times \frac{\mathrm{d} V}{\mathrm{~d} t}\left(=\frac{1}{\left(\frac{\mathrm{~d} V}{\mathrm{~d} h}\right)} \times \frac{\mathrm{d} V}{\mathrm{~d} t}\right)$

OR\\
attempt to differentiate $V=5 \pi h^{2}-\frac{1}{3} \pi h^{3}$ throughout with respect to $t$\\
$\frac{\mathrm{d} V}{\mathrm{~d} t}=10 \pi h \frac{\mathrm{~d} h}{\mathrm{~d} t}-\pi h^{2} \frac{\mathrm{~d} h}{\mathrm{~d} t}$

\section*{Question 8 continued}
\section*{THEN}
$$
\left(10 \pi h-\pi h^{2}\right) \frac{\mathrm{d} h}{\mathrm{~d} t}=2 \text { OR } \frac{\mathrm{d} h}{\mathrm{~d} t}=\frac{2}{10 \pi h-\pi h^{2}}
$$


attempt to solve $200=5 \pi h^{2}-\frac{1}{3} \pi h^{3}$\\
$h=4.20648 \ldots$\\

$$
\begin{aligned}
& \frac{\mathrm{d} h}{\mathrm{~d} t}=0.0261227 \ldots \\
& \frac{\mathrm{~d} h}{\mathrm{~d} t}=0.0261\left(\mathrm{cms}^{-1}\right)
\end{aligned}
$$",Calculator Allowed,,,,,,,,,IBDP,,,,,,,,TRUE,2025,
,TRUE,9,8,2022,Nov,Paper 2,TZ0,"Consider a quadrilateral ABCD such that $\mathrm{AB}=2, \mathrm{BC}=4, \mathrm{CD}=6$ and $\mathrm{DA}=8$, as shown in the following diagram. Let $\alpha=\mathrm{AB} \mathrm{C}$ and $\beta=\mathrm{AD} \mathrm{C}$.\\
diagram not to scale

\includegraphics[width=0.4\textwidth]{2024_09_19_293e963996f8a22efbbfg-11}\\
(a) (i) Find AC in terms of $\alpha$.\\
(ii) Find AC in terms of $\beta$.\\
(iii) Hence or otherwise, find an expression for $\alpha$ in terms of $\beta$.\\
(b) Find the maximum area of the quadrilateral ABCD . ",Trigonometry,3. Geometry and Trigonometry,HL,"(a) (i) attempt to use the cosine rule

$$
\mathrm{AC}=\sqrt{2^{2}+4^{2}-2(2)(4) \cos \alpha}(=\sqrt{20-16 \cos \alpha}=2 \sqrt{5-4 \cos \alpha})
$$

(ii) $\mathrm{AC}=\sqrt{6^{2}+8^{2}-2(6)(8) \cos \beta}(=\sqrt{100-96 \cos \beta}=2 \sqrt{25-24 \cos \beta})$\\
(iii) $5-4 \cos \alpha=25-24 \cos \beta$

$$
\alpha=\arccos (6 \cos \beta-5)
$$

(b) attempt to find the sum of two triangle areas using $A=\frac{1}{2} a b \sin C$


Area $=\frac{1}{2}(8) \sin \alpha+\frac{1}{2}(48) \sin \beta$\\
attempt to express the area in terms of one variable only\\
$=4 \sqrt{1-(6 \cos \beta-5)^{2}}+24 \sin \beta$ or $4 \sin (\arccos (6 \cos \beta-5))+24 \sin \beta$ OR\\
$4 \sin \alpha+24 \sqrt{1-\left(\frac{5+\cos \alpha}{6}\right)^{2}}$ or $4 \sin \alpha+24 \sin \left(\arccos \left(\frac{5+\cos \alpha}{6}\right)\right)$\\
Max area $=19.5959 \ldots$\\
$=19.6$
",Calculator Allowed,,,,,,,,,IBDP,,,,,,,,TRUE,2025,
,TRUE,10,16,2022,Nov,Paper 2,TZ0,"The time worked, $T$, in hours per week by employees of a large company is normally distributed with a mean of 42 and standard deviation 10.7 .\\
(a) Find the probability that an employee selected at random works more than 40 hours per week.\\
(b) A group of four employees is selected at random. Each employee is asked in turn whether they work more than 40 hours per week. Find the probability that the fourth employee is the only one in the group who works more than 40 hours per week.\\
(c) A large group of employees work more than 40 hours per week.\\
(i) An employee is selected at random from this large group.

Find the probability that this employee works less than 55 hours per week.\\
(ii) Ten employees are selected at random from this large group.

Find the probability that exactly five of them work less than 55 hours per week.\\
It is known that $\mathrm{P}(a \leq T \leq b)=0.904$ and that $\mathrm{P}(T>b)=2 \mathrm{P}(T<a)$, where $a$ and $b$ are numbers of hours worked per week. An employee who works fewer than $a$ hours per week is considered to be a part-time employee.\\
(d) Find the maximum time, in hours per week, that an employee can work and still be considered part-time.","Normal Distribution
Binomial Distribution",4. Statistics and Probability,HL,"(a) recognising to find $\mathrm{P}(T>40)$\\
$\mathrm{P}(T>40)=0.574136 \ldots$\\
$\mathrm{P}(T>40)=0.574$\\
(b) attempt to multiply four independent probabilities using their $\mathrm{P}(T>40)$ and $\mathrm{P}(T<40)$\\
$(1-p)^{3} \cdot p$ OR $(1-0.574136 \ldots)^{3} \cdot 0.574136 \ldots$ OR $(0.425863 \ldots)^{3} \cdot 0.574136 \ldots$\\
$0.0443430 \ldots$\\
$0.0443,0.0444$ from 3 sf values


(c) (i) recognizing conditional probability

$$
\mathrm{P}(T<55 \mid T>40)
$$



$$
\begin{aligned}
& \frac{\mathrm{P}(40<T<55)}{\mathrm{P}(T>40)} \\
& \frac{0.461944 \ldots}{0.574136 \ldots} \\
& \mathrm{P}(T<55 \mid T>40)=0.804590 \ldots \\
& =0.805
\end{aligned}
$$

(ii) recognizing binomial probability


\begin{align*}
& X \sim \mathrm{~B}(n, p) \\
& n=10 \text { and } p=0.804589 \ldots  \tag{A1}\\
& 0.0242111 \ldots, 0.0240188 \ldots \operatorname{using} p=0.805
\end{align*}


$\mathrm{P}(X=5)=0.0242$\\
(d) Let $\mathrm{P}(T<a)=x$\\
recognition that probabilities sum to 1 (seen anywhere)

\section*{EITHER}
expressing the three regions in one variable\\
$x+0.904+2 x$ OR $\mathrm{P}(T<a)+0.904+2 \mathrm{P}(T<a)$ OR $\frac{1}{2} \mathrm{P}(T>b)+0.904+\mathrm{P}(T>b)$\\
OR $x$ and $2 x$ correctly indicated on labelled bell diagram\\
$\mathrm{P}(T<a)+0.904+2 \mathrm{P}(T<a)=1$ OR $\frac{1}{2} \mathrm{P}(T>b)+0.904+\mathrm{P}(T>b)=1$ (or equivalent)

\section*{OR}
expressing either $\mathrm{P}(T<a)$ or $\mathrm{P}(T>b)$ only in terms of $\mathrm{P}(a \leq T \leq b)$


\begin{align*}
& (\mathrm{P}(T<a)=) \frac{1}{3}(1-\mathrm{P}(a \leq T \leq b)) \mathrm{OR}(\mathrm{P}(T>b)=) \frac{2}{3} \cdot(1-\mathrm{P}(a \leq T \leq b)) \\
& x=\frac{1}{3}(1-0.904)(=0.032) \mathrm{OR} \mathrm{P}(T>b)=\frac{2}{3}(1-0.904)(=0.064) \tag{A1}
\end{align*}


\section*{THEN}
$$
\begin{aligned}
& \mathrm{P}(T<a)=0.032 \\
& a=22.18167 \ldots \\
& a=22.2 \text { (accept } 22.1)
\end{aligned}
$$
",Calculator Allowed,,,,,,,,,IBDP,,,,,,,,TRUE,2025,
,TRUE,11,15,2022,Nov,Paper 2,TZ0,"The function $f$ is defined by $f(x)=\mathrm{e}^{2 x}(3 x-4)$, where $x \in \mathbb{R}$.\\
(a) Find $f^{\prime}(x)$.\\
(b) Hence or otherwise, find the coordinates of the point on the graph of $y=f(x)$ where the tangent is parallel to the line $y=x$.

The region enclosed by the curve $y=f(x)$, the $x$-axis and the $y$-axis is rotated through $2 \pi$ radians about the $x$-axis to form a solid of revolution.\\
(c) Find the volume of this solid.

Consider a function $g$ such that $g(0)=1$ and $g^{\prime}(0)=2$.\\
(d) Find the value of\\
(i) $(f \circ g)(0)$;\\
(ii) $(f \circ g)^{\prime}(0)$.\\","Differential Calculus
Integral Calculus
Properties of Functions","5. Calculus
2. Functions",HL,"(a) attempt to use product rule


$$
f^{\prime}(x)=3 \mathrm{e}^{2 x}+2 \mathrm{e}^{2 x}(3 x-4)\left(=\mathrm{e}^{2 x}(6 x-5)\right)
$$


(b) $f^{\prime}(x)=1$\\
$x=0.86299 \ldots$\\
$x=0.863$\\
$y=-7.92719 \ldots$\\
$y=-7.93$\\
$(0.863,-7.93)$\\
(c) $\quad x$-intercept is at $\frac{4}{3}(1.33)$\\
attempt to use formula for volume of revolution\\

$\pi \int_{0}^{\frac{4}{3}}\left(\mathrm{e}^{2 x}(3 x-4)\right)^{2} \mathrm{~d} x$\\

$=164.849 \ldots$\\
$=165$


(d) (i) attempt to compose functions in the correct order

$$
\begin{aligned}
& (f \circ g)(0)=f(g(0))=f(1) \\
& =-7.38905 \ldots \\
& =-7.39\left(=-\mathrm{e}^{2}\right)
\end{aligned}
$$

(ii) attempt to use the chain rule

$$
(f \circ g)^{\prime}(0)=f^{\prime}(g(0)) g^{\prime}(0)
$$




\begin{align*}
& =2 f^{\prime}(1)(=2 \times 7.38905 \ldots)  \tag{A1}\\
& =14.7781 \ldots \\
& =14.8\left(=2 \mathrm{e}^{2}\right) \tag{A1}
\end{align*}

",Calculator Allowed,,,,,,,,,IBDP,,,,,,,,TRUE,2025,
,TRUE,12,22,2022,Nov,Paper 2,TZ0,"Consider the points $\mathrm{A}(1,2,3), \mathrm{B}(k,-2,1)$ and $\mathrm{C}(5,0,2)$, where $k \in \mathbb{R}$.\\
(a) Write down $\overrightarrow{\mathrm{AB}}$ and $\overrightarrow{\mathrm{AC}}$.\\
(b) Given that the points $\mathrm{A}, \mathrm{B}$ and C lie on a straight line, show that $k=9$.\\
(c) For $k=9$, let $L_{1}$ be the line passing through $\mathrm{A}, \mathrm{B}$ and C .\\
(i) Find a vector equation of the line $L_{1}$.\\
(ii) Line $L_{2}$ has the equation $\frac{x-1}{2}=\frac{y}{3}=1-z$. Show that the lines $L_{1}$ and $L_{2}$\\
(d) For $k \neq 9$, let $\Pi$ be the plane containing $\mathrm{A}, \mathrm{B}$ and C .\\
(i) Find the Cartesian equation of the plane $\Pi$.\\
(ii) Find the coordinates of the point on the plane $\Pi$ which is closest to the origin $(0,0,0)$.",Vectors and Planes,5. Calculus,HL,"(a) $\overrightarrow{\mathrm{AB}}=\left(\begin{array}{c}k-1 \\ -4 \\ -2\end{array}\right), \overrightarrow{\mathrm{AC}}=\left(\begin{array}{c}4 \\ -2 \\ -1\end{array}\right)$\\
(b) METHOD 1\\
$k-1=2 \times 4$ M1\\
$k=9$

\section*{METHOD 2}
in order by $y$ or $z$-ordinate, the points are $(k,-2,1),(5,0,2)(1,2,3)$\\
$k-5=5-1$\\
M1\\
$k=9$


(c) (i) attempt to set up a vector equation using a point, a parameter and a direction vector

$$
r=\left(\begin{array}{l}
1 \\
2 \\
3
\end{array}\right)+\lambda\left(\begin{array}{c}
4 \\
-2 \\
-1
\end{array}\right) \text { (or equivalent) }
$$



\section*{Question 12 continued}
\section*{(ii) METHOD 1}
point on line $L_{1}$ has coordinates $(1+4 \lambda, 2-2 \lambda, 3-\lambda)$\\
attempt to use a different parameter for $L_{2}$\\
$\frac{x-1}{2}=\frac{y}{3}=1-z=\mu$ or $r=\left(\begin{array}{l}1 \\ 0 \\ 1\end{array}\right)+\mu\left(\begin{array}{c}2 \\ 3 \\ -1\end{array}\right)$\\
point on line $L_{2}$ has coordinates $(1+2 \mu, 3 \mu, 1-\mu)$\\
1\end{array}\right)+\mu\left(\begin{array}{c}2 \\ 3 \\ -1\end{array}\right)$.\\
$1+4 \lambda=1+2 \mu$\\
$2-2 \lambda=3 \mu$\\
$3-\lambda=1-\mu$\\
any two of the above equations\\
attempt to solve two simultaneous equations with two parameters\\
eg $\lambda=0.25, \mu=0.5$ or $\lambda=1.6, \mu=-0.4$ or $\lambda=-2, \mu=-4$\\
substitute into third equation or solve a different pair of simultaneous equations\\
obtain contradiction eg $3-0.25 \neq 1-0.5$ or $1+4(1.6) \neq 1+2(-0.4)$ or $2-2(-2) \neq 3(-4)$ (so the lines do not intersect)



\section*{METHOD 2}
point on line $L_{1}$ has coordinates $(1+4 \lambda, 2-2 \lambda, 3-\lambda)$\\
attempt to use the equation of $L_{2}$ to generate at least two equations in $\lambda$\\
if the two lines intersect,\\
$\frac{(1+4 \lambda)-1}{2}=\frac{2-2 \lambda}{3}\left(\Rightarrow 2 \lambda=\frac{2-2 \lambda}{3}\right)$\\
$\frac{(1+4 \lambda)-1}{2}=1-(3-\lambda)(\Rightarrow 2 \lambda=\lambda-2)$\\
$\frac{2-2 \lambda}{3}=1-(3-\lambda) \Rightarrow\left(\frac{2-2 \lambda}{3}=\lambda-2\right)$\\
any two of the above equations\\
attempt to solve at least one equation in $\lambda$\\
one of $\lambda=\frac{1}{4}, \lambda=-2, \lambda=\frac{8}{5}$ seen\\
substitute into second equation or solve second equation\\
obtain contradiction eg $\lambda=\frac{1}{4} \neq-2$ or $2\left(\frac{1}{4}\right) \neq \frac{1}{4}-2$ (so the lines do not intersect)


\section*{METHOD 3}
attempt to use a find Cartesian equation for $L_{1}$\\
$\frac{x-1}{4}=\frac{y-2}{-2}=\frac{z-3}{-1}$\\
attempt to isolate one variable in both equations\\
$L_{1}: z=\frac{1-x}{4}+3=\frac{y-2}{2}+3 \quad L_{2}: z=\frac{1-x}{2}+1=\frac{-y}{3}+1 \quad$ OR\\
$L_{1}: y=\frac{1-x}{2}+2=2(z-3)+2 \quad L_{2}: y=\frac{3(x-1)}{2}=3(1-z) \quad \mathrm{OR}$\\
$L_{1}: x=1-2(y-2)=1-4(z-3) \quad L_{2}: x=\frac{2 y}{3}+1=1-2(z-1)$\\
attempt to solve for each of the other two variables\\
e.g. $\frac{1-x}{2}+1=\frac{1-x}{4}+3$ and $\frac{-y}{3}+1=\frac{y-2}{2}+3$\\
$x=-7, y=-1.2$ OR $x=2, z=1.4$ OR $y=1.5, z=5$\\
obtain contradiction eg $z=5 \neq 1.4$ OR $y=1.5 \neq-1.2$ OR $x=2 \neq-7$\\
(so the lines do not intersect)\\

lines are not parallel\\
so lines are skew

\section*{Question 12 continued}
(d) (i) METHOD 1\\
attempt to find cross product of two of $\overrightarrow{A B}, \overrightarrow{A C}$ and $\overrightarrow{B C}$ or their opposites\\
$\operatorname{eg} \overrightarrow{\mathrm{AB}} \times \overrightarrow{\mathrm{AC}}=\left(\begin{array}{c}0 \\ k-9 \\ 18-2 k\end{array}\right)\left(=(k-9)\left(\begin{array}{c}0 \\ 1 \\ -2\end{array}\right)\right)$\\
attempt to substitute their cross product and a point into the equation of a plane\\
$(k-9) y+2(9-k) z=2(k-9)+6(9-k)$\\
$(k-9) y+2(9-k) z=36-4 k(\Rightarrow y-2 z=-4$ since $k \neq 9)$

\section*{METHOD 2}
attempt to find vector equation of $\Pi$ and write $x, y$ and $z$ in parametric form\\
$\boldsymbol{r}=\left(\begin{array}{l}1 \\ 2 \\ 3\end{array}\right)+\lambda\left(\begin{array}{c}k-1 \\ -4 \\ -2\end{array}\right)+\mu\left(\begin{array}{c}4 \\ -2 \\ -1\end{array}\right) \Rightarrow x=1+\lambda(k-1)+4 \mu, y=2-4 \lambda-2 \mu$,\\
$z=3-2 \lambda-\mu$ or equivalent\\
attempt to eliminate both parameters to work towards Cartesian form\\
$(k-9) y+2(9-k) z=36-4 k(\Rightarrow y-2 z=-4$ since $k \neq 9)$

\section*{(ii) METHOD 1}
attempt to find the equation of the line through $(0,0,0)$ perpendicular to the plane

EITHER\\
$(\boldsymbol{r}=) t\left(\begin{array}{c}0 \\ 1 \\ -2\end{array}\right)$\\
attempt to find the point where the line and plane intersect\\
$t+4 t+4=0$\\
$t=-\frac{4}{5}$\\
OR\\
$(\boldsymbol{r}=) t(k-9)\left(\begin{array}{c}0 \\ 1 \\ -2\end{array}\right)$\\
attempt to find the point where the line and plane intersect\\
$t(k-9)^{2}+4 t(k-9)^{2}+4(k-9)=0$\\
$t=-\frac{4}{5(k-9)}$

\section*{THEN}
so the point on the plane closest to the origin is $(0,-0.8,1.6)$

\section*{METHOD 2}
choose a point on the plane $(p, q, r)$\\
$q-2 r+4=0$ OR $q(k-9)-2 r(k-9)+4(k-9)=0 \Rightarrow q=2 r-4$\\
distance to the origin is $\sqrt{p^{2}+(2 r-4)^{2}+r^{2}}$\\
since $p$ is independent of $r$, distance is minimised when $p=0$\\
attempt to find the value of $r$ for which their $\sqrt{(2 r-4)^{2}+r^{2}}$ is minimised\\
$r=1.6$\\
so the point on the plane closest to the origin is $(0,-0.8,1.6)$

\section*{METHOD 3}
attempt to find a vector from the origin to the closest point on the plane\\
EITHER\\
$(\boldsymbol{r}=) t\left(\begin{array}{c}0 \\ 1 \\ -2\end{array}\right)$\\
distance to the origin $=\left(\frac{4}{\sqrt{1^{2}+(-2)^{2}}}=\frac{4}{\sqrt{5}}\right)=\frac{4 \sqrt{5}}{5}$\\
$t= \pm \frac{4}{5}$\\
check in equation of plane $y-2 z=-4$ to get $t=-\frac{4}{5}$\\
OR\\
$(\boldsymbol{r}=) t(k-9)\left(\begin{array}{c}0 \\ 1 \\ -2\end{array}\right)$\\
distance to the origin $=\left(\frac{4}{\sqrt{1^{2}+(-2)^{2}}}=\frac{4}{\sqrt{5}}\right)=\frac{4 \sqrt{5}}{5}$\\
$t= \pm \frac{4}{5(k-9)}$\\
check in equation of plane $y-2 z=-4$ to get $t=-\frac{4}{5(k-9)}$

\section*{THEN}
so the point on the plane closest to the origin is $(0,-0.8,1.6)$",Calculator Allowed,,,,,,,,,IBDP,,,,,,,,TRUE,2025,
,TRUE,1,5,2023,May,Paper 2,TZ1,"The cities Lucknow (L), Jaipur (J) and Delhi (D) are represented in the following diagram. Lucknow lies 500 km directly east of Jaipur, and JLD $=25^{\circ}$.\\
diagram not to scale
\begin{center}
\includegraphics[width=0.4\textwidth]{2024_09_22_90d6f6aea981080b3bdbg-04}
\end{center}

The bearing of D from J is $034^{\circ}$.\\
(a) Find J$\hat{D}$L.\\
(b) Find the distance between Lucknow and Delhi. \\",Trigonometry,3. Geometry and Trigonometry,HL,"Let N be North

NĴD $=34^{\circ}$ OR DĴL $=56^{\circ}$ (must be labelled or indicated in diagram):\\
JD̂L $=99\left({ }^{\circ}\right)$\\
Note: Accept $\frac{11 \pi}{20}, 1.73$ (radians).\\
(b) attempt to apply the sine rule\\
$\frac{\mathrm{DL}}{\sin 56^{\circ}}=\frac{500}{\sin 99^{\circ}}$ OR $\frac{\mathrm{DL}}{\sin 0.977384 \ldots}=\frac{500}{\sin 1.72787 \ldots}$\\
419.685...\\
$\mathrm{DL}=420(\mathrm{~km})$\\
Note: Award M1A1AO for $261(\mathrm{~km})$ from use of degrees with GDC set in radians (with or without working).\\",Calculator Allowed,,,,,,,,,IBDP,,,,,,,,TRUE,2025,
,TRUE,2,5,2023,May,Paper 2,TZ1,"The functions $f$ and $g$ are defined by $f(x)=2 x-x^{3}$ and $g(x)=\tan x$.\\
(a) Find $(f \circ g)(x)$.\\
(b) On the following grid, sketch the graph of $y=(f \circ g)(x)$ for $-1 \leq x \leq 1$. Write down and clearly label the coordinates of any local maximum or minimum points.
\includegraphics[width=0.4\textwidth]{2024_09_22_90d6f6aea981080b3bdbg-05}\\","Properties of Functions
Trigonometry","2. Functions
3. Geometry and Trigonometry",HL,"(a) attempt to substitute $g$ into $f$

$$
(f \circ g)(x)=2 \tan x-\tan ^{3} x
$$

(b)\\
\includegraphics[width=0.4\textwidth]{2024_10_08_eb8f1bf441288c932805g-08}

Note: $\boldsymbol{A 1}$ for approximately correct odd function passing through the origin with a maximum above $y=1$ and a minimum below $y=-1$.

A1 for endpoints at $x= \pm 1$ and $y$ in the intervals $[0.6,0.8]$ and $[-0.8,-0.6]$ A1 for maximum in approximately correct position and labelled $(0.685,1.09)$ AND minimum in approximately correct position and labelled $(-0.685,-1.09)$. For approximate position, allow $-0.8 \leq x \leq-0.6$, $-1.2 \leq y \leq-1$ for minimum and $0.6 \leq x \leq 0.8,1 \leq y \leq 1.2$ for maximum. If the candidate gives the coordinates of extrema below their sketch, only award this mark if extrema are marked in the correct interval (eg by a dot).\\",Calculator Allowed,,,,,,,,,IBDP,,,,,,,,TRUE,2025,
,TRUE,3,7,2023,May,Paper 2,TZ1,"The total number of children, $y$, visiting a park depends on the highest temperature, $T$, in degrees Celsius $\left({ }^{\circ} \mathrm{C}\right)$. A park official predicts the total number of children visiting his park on any given day using the model $y=-0.6 T^{2}+23 T+110$, where $10 \leq T \leq 35$.\\
(a) Use this model to estimate the number of children in the park on a day when the highest temperature is $25^{\circ} \mathrm{C}$.

An ice cream vendor investigates the relationship between the total number of children visiting the park and the number of ice creams sold, $x$. The following table shows the data collected on five different days.

\begin{center}
\begin{tabular}{|l|c|c|c|c|c|}
\hline
\begin{tabular}{l}
Total number \\
of children $(\boldsymbol{y})$ \\
\end{tabular} & 81 & 175 & 202 & 346 & 360 \\
\hline
\begin{tabular}{l}
Ice creams \\
sold $(\boldsymbol{x})$ \\
\end{tabular} & 15 & 27 & 23 & 35 & 46 \\
\hline
\end{tabular}
\end{center}

(b) Find an appropriate regression equation that will allow the vendor to predict the number of ice creams sold on a day when there are $y$ children in the park.\\
(c) Hence, use your regression equation to predict the number of ice creams that the vendor sells on a day when the highest temperature is $25^{\circ} \mathrm{C}$.",Bivariate Statistics,4. Statistics and Probability,HL,"(a) recognising to find $y(25)$\\
$y(25)=-0.6 \times 25^{2}+23 \times 25+110$\\
$=310$ (children)\\
(b) recognizing $x$ on $y$ is required\\
$0.0935114 \ldots$ and $7.43053 \ldots$\\
$x=0.0935 y+7.43$\\
(c) attempt to substitute their answer to part (a) into their regression equation for either $x$ or $y$\\
$x=0.0935114 \ldots \times 310+7.43053 \ldots(=36.4190 \ldots)$\\
36 (accept 37 or 36.4 )\\
Note: Award (M1)A1FT for $x=37$ found from using $y=9.39 x-41.5$.\\
Award (M1)AOFT for a correct $\boldsymbol{F T}$ answer that lies outside [15,46].",Calculator Allowed,,,,,,,,,IBDP,,,,,,,,TRUE,2025,
,TRUE,4,5,2023,May,Paper 2,TZ1,"A company manufactures metal tubes for bicycle frames. The diameters of the tubes, $D \mathrm{~mm}$, are normally distributed with mean 32 and standard deviation $\sigma$. The interquartile range of the diameters is 0.28 .

Find the value of $\sigma$. \\",Normal Distribution,4. Statistics and Probability,HL,"METHOD 1
$Q_{1}=31.86$ OR $Q_{3}=32.14$\\
recognition that the area under the normal curve below $Q_{1}$ or above $Q_{3}$ is 0.25 OR the area between $Q_{1}$ and $Q_{3}$ is 0.5 (seen anywhere including on a diagram)

\section*{EITHER}
equating an appropriate correct normal CDF function to its correct probability ( 0.25 or 0.5 or 0.75 (A2)

\section*{OR}
$$
\begin{aligned}
& z=-0.674489 \ldots \text { OR } z=0.674489 \ldots \text { (seen anywhere) } \\
& -0.674489 \ldots=\frac{31.86-32}{\sigma} \text { OR } 0.674489 \ldots=\frac{32.14-32}{\sigma}
\end{aligned}
$$

\section*{THEN}
0.207564...\\
$\sigma=0.208(\mathrm{~mm})$

\section*{METHOD 2}
recognition that the area under the normal curve below $Q_{1}$ or above $Q_{3}$ is 0.25 OR the area between $Q_{1}$ and $Q_{3}$ is 0.5 (seen anywhere including on a diagram)\\
$\left(Q_{1}=\right) 32-0.674489 \ldots \sigma$ OR $\left(Q_{3}=\right) 32+0.674489 \ldots \sigma$\\
$\left(Q_{3}-Q_{1}=\right) 2 \times 0.674489 \ldots . . \sigma$\\
$2 \times 0.674489 \ldots \sigma=0.28$\\
0.207564...\\
$\sigma=0.208(\mathrm{~mm})$\\",Calculator Allowed,,,,,,,,,IBDP,,,,,,,,TRUE,2025,
,TRUE,5,7,2023,May,Paper 2,TZ1,"The coefficient of $x^{6}$ in the expansion of $\left(a x^{3}+b\right)^{8}$ is 448 .\\
The coefficient of $x^{6}$ in the expansion of $\left(a x^{3}+b\right)^{10}$ is 2880 .\\
Find the value of $a$ and the value of $b$, where $a, b>0$. \\",Binomial Theorem,1. Numbers and Algebra,HL,"Product of a binomial coefficient, a power of $a x^{3}$ and a power of $b$ seen (M1) evidence of correct term chosen\\
for $n=8$ : $r=2$ (or $r=6$ ) OR for $n=10: r=2$ (or $r=8$ )\\
correct equations (may include powers of $x$ )\\
${ }^{8} C_{2} a^{2} b^{6}=448\left(28 a^{2} b^{6}=448 \Rightarrow a^{2} b^{6}=16\right),{ }^{10} C_{2} a^{2} b^{8}=2880\left(45 a^{2} b^{8}=2880 \Rightarrow a^{2} b^{8}=64\right)$\\
attempt to solve their system in $a$ and $b$ algebraically or graphically\\
$b=2 ; a=\frac{1}{2}$

Note: Award a maximum of (M1)(A1)A1A1(M1)A1AO for $b= \pm 2$ and/or $a= \pm \frac{1}{2}$.\\",Calculator Allowed,,,,,,,,,IBDP,,,,,,,,TRUE,2025,
,TRUE,6,7,2023,May,Paper 2,TZ1,"Consider $z=\cos \frac{11 \pi}{18}+\mathrm{i} \sin \frac{11 \pi}{18}$.\\
(a) Find the smallest value of $n$ that satisfies $z^{n}=-\mathrm{i}$, where $n \in \mathbb{Z}^{+}$.\\
(b) Hence or otherwise, describe a single geometric transformation applied to $z$ on the Argand diagram that results in $z^{10}$.\\",Complex Numbers,1. Numbers and Algebra,HL,"(a) attempt to use De Moivre's theorem

$$
\left(\cos \frac{11 \pi}{18}+\mathrm{i} \sin \frac{11 \pi}{18}\right)^{n}=\cos \frac{11 \pi n}{18}+\mathrm{i} \sin \frac{11 \pi n}{18}\left(=\mathrm{e}^{\frac{11 \pi n}{18}}\right) \mathrm{OR} \cos \left(110^{\circ} n\right)+\mathrm{i} \sin \left(110^{\circ} n\right)
$$

\section*{EITHER}
attempt to consider imaginary part\\
$\sin \frac{11 \pi n}{18}=-1$ OR $\sin \left(110^{\circ} n\right)=-1$\\
OR\\
attempt to consider argument of -i

$$
\mathrm{e}^{\frac{11 \pi n}{18} \mathrm{i}}=\mathrm{e}^{\frac{3 \pi}{2} \mathrm{i}}
$$

\section*{THEN}
$\frac{11 \pi n}{18}=\frac{3 \pi}{2}, \frac{7 \pi}{2}\left(, \frac{11 \pi}{2}\right) \cdots\left(=\frac{3 \pi}{2}+2 \pi k, k \in \mathbb{Z}\right) \mathrm{OR}$\\
$110^{\circ} n=270^{\circ}, 630^{\circ}\left(, 990^{\circ}\right) \ldots\left(=270^{\circ}+360^{\circ} k, k \in \mathbb{Z}\right)$\\
$11 n=27,63,99, \ldots$\\
$n=9$

\section*{Question 6 continued}
(b) EITHER\\
$z^{10}=\mathrm{e}^{10\left(\frac{11 \pi^{1}}{18}\right)}\left(=\mathrm{e}^{\frac{55 \pi}{9} \mathrm{i}}=\mathrm{e}^{\frac{\pi}{9} \mathrm{i}}\right)$ OR $\arg \left(z^{10}\right)=\frac{\pi}{9}$ OR $\arg \left(z^{10}\right)=20^{\circ}$\\
Note: Accept equivalent arguments given in any interval, in degrees or radians.\\
recognising that the difference between $\arg \left(z^{10}\right)$ and $\arg (z)$ is needed\\
$\arg \left(z^{10}\right)-\arg (z)=\frac{\pi}{9}-\frac{11 \pi}{18}=-\frac{\pi}{2}$

OR\\
recognising that $z^{10}=z^{9} \times z$\\
$z^{9}=\mathrm{e}^{9\left(\frac{11 \pi_{i}}{18}\right)}\left(=\mathrm{e}^{\frac{11 \pi}{2} \mathrm{i}}=\mathrm{e}^{\frac{3 \pi}{2} \mathrm{i}}\right)$ OR $\arg \left(z^{9}\right)=\frac{3 \pi}{2}$ or $-\frac{\pi}{2} \operatorname{OR} \arg \left(z^{9}\right)=270^{\circ}$ or $-90^{\circ}$\\
Note: Accept equivalent arguments given in any interval, in degrees or radians.\\
THEN\\
a rotation $\frac{3 \pi}{2}$ OR $-\frac{\pi}{2}$ OR equivalent angle about the origin.\\
Note: Accept correct answer given in degrees.\\
Accept $\frac{\pi}{2}$ clockwise or $\frac{11 \pi}{2}$ or $\frac{(4 k-1) \pi}{2}$ for $k \in \mathbb{Z}$.\\
The centre must be stated to gain the final $\boldsymbol{A 1}$.\\",Calculator Allowed,,,,,,,,,IBDP,,,,,,,,TRUE,2025,
,TRUE,7,6,2023,May,Paper 2,TZ1,"A new test has been developed to identify whether a particular gene, $G$, is present in a population of parrots. The test returns a correct positive result $95 \%$ of the time for parrots with the gene, and a false positive result $2 \%$ of the time for parrots without the gene.\\
The proportion of the population with the gene is $p$.\\
(a) Complete the tree diagram below.\\
(b) A random sample of the population was tested. It was found that 150 tests returned a positive result. Out of the 150 parrots with a positive test result, 18 did not actually have the gene. Find an estimate for $p$. \\",Probability,4. Statistics and Probability,HL,"(a)\includegraphics[width=0.4\textwidth]{2024_10_08_eb8f1bf441288c932805g-14}
Note: award $\boldsymbol{A 1}$ for branch correctly labelled $1-p$\\
award $\boldsymbol{A 1}$ for branches correctly labelled 0.95 and 0.05\\
award $\boldsymbol{A O}$ for $G^{\prime}$ branch labelled $p^{\prime}$\\
award $\boldsymbol{A O}$ for $G$ ' branch labelled $q$ unless explicitly defined as $1-p$

\section*{Question 7 continued}
(b) METHOD 1\\
recognizing conditional probability\\
$\mathrm{P}\left(G^{\prime} \mid p o s\right)$ OR $\mathrm{P}(G \mid p o s)$\\
$\frac{0.02(1-p)}{0.95 p+0.02(1-p)}\left(=\frac{18}{150}\right)$ OR $\frac{0.95 p}{0.95 p+0.02(1-p)}\left(=\frac{132}{150}\right)$\\
Note: Award A1 for a correct numerator and $\boldsymbol{A} \mathbf{1}$ for a correct denominator.

$$
\begin{aligned}
& p=0.133738 \\
& p=0.134
\end{aligned}
$$

\section*{METHOD 2}
attempt to set up a system of equations ( $S=$ sample size)\\
$p(0.95 S)=132$ and $(1-p)(0.02 S)=18$\\
attempt to solve for $p$ or $S$\\
$\frac{0.95 p}{0.02(1-p)}=\frac{132}{18}$\\
OR $S=p S+(1-p) S=\frac{132}{0.95}+\frac{18}{0.02}=138.947 \ldots+900=1038.94 \ldots$\\
$p=0.133738 . .$.\\
$p=0.134$

\section*{METHOD 3}
attempt to find the number of parrots with the gene and the number without\\
number of parrots with the gene $\approx \frac{132}{0.95}=138.947 .$. AND\\
number of parrots without the gene $\approx \frac{18}{0.02}=900$\\
number of parrots in the sample $\approx 138.947 . . .+900=1038.94 . .$.\\
attempt to find proportion of sample with the gene\\
$p \approx \frac{138.947 \ldots}{1038.94 \ldots}=0.133738 \ldots$\\
$p=0.134$\\",Calculator Allowed,,,,,,,,,IBDP,,,,,,,,TRUE,2025,
,TRUE,8,7,2023,May,Paper 2,TZ1,"The angle between a line and a plane is $\alpha$, where $\alpha \in \mathbb{R}, 0<\alpha<\frac{\pi}{2}$.\\
The equation of the line is $\frac{x-1}{3}=\frac{y+2}{2}=5-z$, and the equation of the plane is $4 x+(\cos \alpha) y+(\sin \alpha) z=1$.

Find the value of $\alpha$. \\",Vectors and Planes,3. Geometry and Trigonometry,HL,"Direction vector of the line is $\left(\begin{array}{c}3 \\ 2 \\ -1\end{array}\right)$ (seen anywhere)\\
normal vector of the plane is $\left(\begin{array}{c}4 \\ \cos \alpha \\ \sin \alpha\end{array}\right)$ (seen anywhere)

\section*{EITHER}
correct scalar product $12+2 \cos \alpha-\sin \alpha$ (seen anywhere)\\
one correct magnitude (seen anywhere)\\
$\sqrt{16+\cos ^{2} \alpha+\sin ^{2} \alpha}(=\sqrt{17}), \sqrt{9+4+1}(=\sqrt{14})$\\
recognizing angle between normal and direction vector is $\frac{\pi}{2}-\alpha$ (seen anywhere)

Note: angle $\frac{\pi}{2}-\alpha$ may be implied by use of $\sin \alpha$ on the RHS of the step below attempt to substitute into the formula for the angle between two vectors to form an equation in $\alpha$\\
$12+2 \cos \alpha-\sin \alpha=\sqrt{17} \sqrt{14} \cos \left(\frac{\pi}{2}-\alpha\right)$ OR $12+2 \cos \alpha-\sin \alpha=\sqrt{17} \sqrt{14} \sin \alpha$

\section*{Question 8 continued}
\section*{OR}
correct expression for the magnitude of the vector product\\
$\left|\left(\begin{array}{c}2 \sin \alpha+\cos \alpha \\ -4-3 \sin \alpha \\ 3 \cos \alpha-8\end{array}\right)\right|\left(=\sqrt{(2 \sin \alpha+\cos \alpha)^{2}+(-4-3 \sin \alpha)^{2}+(3 \cos \alpha-8)^{2}}\right)$ (seen anywhere)\\
one correct magnitude (seen anywhere)\\
$\sqrt{16+\cos ^{2} \alpha+\sin ^{2} \alpha}(=\sqrt{17}), \sqrt{9+4+1}(=\sqrt{14})$\\
recognizing angle between normal and direction vector is $\frac{\pi}{2}-\alpha$ (seen anywhere)\\
Note: angle $\frac{\pi}{2}-\alpha$ may be implied by use of $\cos \alpha$ on the RHS of the step below\\
attempt to substitute into the formula for the angle between two vectors to form an equation in $\alpha$\\
$\sqrt{(2 \sin \alpha+\cos \alpha)^{2}+(-4-3 \sin \alpha)^{2}+(3 \cos \alpha-8)^{2}}=\sqrt{17} \sqrt{14} \sin \left(\frac{\pi}{2}-\alpha\right)$ OR\\
$\sqrt{(2 \sin \alpha+\cos \alpha)^{2}+(-4-3 \sin \alpha)^{2}+(3 \cos \alpha-8)^{2}}=\sqrt{17} \sqrt{14} \cos \alpha$

\section*{THEN}
$\alpha=0.932389 \ldots$\\
$\alpha=0.932$\\
Note: Award maximum (A1)(A1)(A1)(A1)(M1)(M1)AO for a correct answer given in degrees $\alpha=54.4219 . .$. .\\",Calculator Allowed,,,,,,,,,IBDP,,,,,,,,TRUE,2025,
,TRUE,9,6,2023,May,Paper 2,TZ1,"Prove by contradiction that $p^{2}-8 q-11 \neq 0$, for any $p, q \in \mathbb{Z}$. ",Proofs,1. Numbers and Algebra,HL,"$$
\text { Assume } p^{2}-8 q-11=0,(p, q \in \mathbb{Z})
$$

Note: This $\boldsymbol{M} \mathbf{1}$ is dependent on the assumption of truth (implied by ""assume"" or ""suppose that ... is true"".)\\
Subsequent marks should be awarded independently.

\section*{EITHER}
$$
p^{2}=8 q+11(=2(4 q+5)+1) \text { so } p^{2} \text { odd } \Rightarrow p \text { odd }
$$

OR\\
$p$ even $\Rightarrow p^{2}-8 q=11$ even which is a contradiction so $p$ is odd\\
R1\\
Note: This R1 should be awarded for any valid reason to conclude that $p$ must be odd.

\section*{THEN}
$p=2 k+1(, k \in \mathbb{Z})$\\
$(2 k+1)^{2}=8 q+11$\\
$4 k^{2}+4 k+1=8 q+11$\\
$4 k^{2}+4 k=8 q+10$\\
$2 k^{2}+2 k=4 q+5$ or equivalent with one side odd and one side even\\
a contradiction as LHS is even and RHS is odd\\
R1\\
Note: This R1 is dependent on all previous marks.\\
Accept correct variations such as work based on $p=2 k-1$.\\
therefore, if $p, q \in \mathbb{Z}$ then $p^{2}-8 q-11 \neq 0$",Calculator Allowed,,,,,,,,,IBDP,,,,,,,,TRUE,2025,
,TRUE,10,15,2023,May,Paper 2,TZ1,"An engineer is designing a gutter to catch rainwater from the roof of a house.\\
The gutter will be open at the top and is made by folding a piece of sheet metal 45 cm wide and 600 cm long.

\begin{center}
\includegraphics[width=0.4\textwidth]{2024_09_22_90d6f6aea981080b3bdbg-13(1)}
\end{center}

The cross-section of the gutter is shaded in the following diagram.\\
diagram not to scale

\begin{center}
\includegraphics[width=0.4\textwidth]{2024_09_22_90d6f6aea981080b3bdbg-13}
\end{center}

The height of both vertical sides is 10 cm . The width of the gutter is $w \mathrm{~cm}$.\\
Arc AB lies on the circumference of a circle with centre O and radius 12 cm .\\

Let $\mathrm{AO} B=\theta$ radians, where $0<\theta<\pi$.\\
(a) Show that $\theta=2.08$, correct to three significant figures.\\
(b) Find the area of the cross-section of the gutter.

In a storm, the total volume, in $\mathrm{cm}^{3}$, of rainwater that enters the gutter can be modelled by a function $R(t)$, where $t$ is the time, in seconds, since the start of the storm.

It was determined that the rate at which rainwater entered the gutter could be modelled by

$$
R^{\prime}(t)=50 \cos \left(\frac{2 \pi t}{5}\right)+3000, t \geq 0
$$

During any 60 -second period, if the volume of rainwater entering the gutter is greater than the volume of the gutter, it will overflow.\\
(c) Determine whether the gutter overflowed in this storm. Justify your answer.","Geometry
Trigonometry
Integral Calculus","3. Geometry and Trigonometry
5. Calculus",HL," (a) recognition that $45=10+10+$ arc length\\
arc length $=25(\mathrm{~cm})$\\
$25=12 \theta$\\
$\theta=2.08$ correct to 3 significant figures\\
(b)
\section*{EITHER}
evidence of using the cosine rule OR sine rule\\
$w^{2}=12^{2}+12^{2}-2 \cdot 12 \cdot 12 \cos (2.08)$ OR $\frac{w}{\sin (2.08)}=\frac{12}{\sin (0.530796 \ldots . .)}$\\
$w=20.6977 \ldots$ or $\frac{w}{2}=10.3488 \ldots$

\section*{OR}
using trig ratios in a right triangle with angle $\frac{2.08}{2}$ and side length $\frac{w}{2}$\\
$\sin \left(\frac{2.08}{2}\right)=\frac{\frac{w}{2}}{12}$\\
$w=20.6977 \ldots$ or $\frac{w}{2}=10.3488 \ldots$\\
Note: Accept $w=20.7179 \ldots$ from use of $\frac{\theta}{2}=\frac{25}{24}$.

\section*{Question 10 continued}
\section*{THEN}
Let the points A, B, C, D, E, F, G, H lie on the figure as follows:\\
\includegraphics[width=0.4\textwidth]{2024_10_08_eb8f1bf441288c932805g-21}

\section*{EITHER}
(segment $\mathrm{AHB}=$ ) sector OAB - triangle OAB\\
$=\frac{1}{2} \times 12^{2} \times 2.08-\frac{1}{2} \times 12^{2} \times \sin 2.08(=149.76-62.8655 \ldots=86.8944 \ldots)$\\
valid approach to find total cross-sectional area (seen anywhere)\\
sector OAB - triangle OAB + rectangle CDBA\\
$=86.8944 \ldots+10 w(=86.8944 \ldots+206.977 \ldots)$

Note: Use of $\theta=\frac{25}{12}$ throughout leads to segment $\mathrm{OAB}=87.2517 .$. and cross-sectional area $=87.2517 \ldots+207.179 \ldots$.

\section*{Question 10 continued}
\section*{OR}
trapezium CGOA (= rectangle CGOE + triangle EOA)\\
$=\frac{1}{2} \times(10+(10-12 \cos (1.04))) \times \frac{20.6977 \ldots}{2}(=72.0557)$\\
valid approach to find total cross-sectional area (seen anywhere)\\
$2 \times$ trapezium CGOA + sector OAB\\
$=2(72.0557 \ldots)+\frac{1}{2} \times 12^{2} \times 2.08(=144.111 \ldots+149.76)$

Note: Use of $\theta=\frac{25}{12}$ leads to area of trapezium CGOA $=72.2154 \ldots$ and cross-sectional area $=144.430 \ldots+150$.

OR\\
$2 \times$ area of trapezium CGOA ( $=$ area of rectangle CDFE $+2 \times$ triangle EOA)

$$
20.6977 \ldots \times(10-12 \cos (1.04))+2 \times \frac{1}{2} \times 12 \cos (1.04) \times 12 \sin (1.04)
$$

$(=81.2458 \ldots+62.8655 \ldots)$\\
valid approach to find total cross-sectional area (seen anywhere)\\
$2 \times$ trapezium CGOA + sector OAB\\
$=144.111 \ldots+\frac{1}{2} \times 12^{2} \times 2.08(=144.111 \ldots+149.76)$

Note: Use of $\theta=\frac{25}{12}$ leads to 2 x area of trapezium CGOA $=144.430 \ldots$ and cross-sectional area $=144.430 \ldots+150$.

\section*{THEN}
area of cross-section $=293.871 \ldots$ (294.430... from exact answer)\\
$=294\left(\mathrm{~cm}^{2}\right)$

\section*{Question 10 continued}
\section*{(c) METHOD 1}
$-4.71976 \ldots$... volume of gutter $=176323$ OR 176658 (OR $600 \times$ their area) (seen anywhere)\\
recognising rainfall can be represented by an integral\\
$\int_{0}^{60} R^{\prime}(t) \mathrm{d} t\left(=\frac{250}{2 \mathrm{p}} \sin \left(\frac{2 \mathrm{p} \times 60}{5}\right)+3000 \times 60\right)$\\
Note: Accept any 60 second interval or any interval which is a multiple of 5 seconds (one period) scaled up to 60 seconds e.g. $12 \int_{0}^{5} R^{\prime}(t) \mathrm{d} t$.\\
rainfall over 60 seconds $=180000\left(\mathrm{~cm}^{3}\right)$\\
the gutter will overflow because the rainfall > gutter volume

\section*{METHOD 2}
volume of gutter =176323 OR 176658 (OR $600 \times$ their area) (seen anywhere)\\
recognition that cosine has a minimum value of -1\\
$R^{\prime}(t) \geq-1 \times 50+3000\left(\mathrm{~cm}^{3} \mathrm{~s}^{-1}\right)$\\
rainfall over 60 seconds $\geq 177000$\\
the gutter will overflow because the rainfall > gutter volume

\section*{METHOD 3}
volume of gutter =176323 OR 176658 (OR 600× their area) (seen anywhere)\\
recognising rainfall can be represented by an integral\\
attempt to solve $60>58.8$ OR $\int_{0}^{T} R^{\prime}(t) \mathrm{d} t=176658$\\
time to reach overflow point $=$ 58.7875... OR 58.8990...\\",Calculator Allowed,,,,,,,,,IBDP,,,,,,,,TRUE,2025,
,TRUE,11,19,2023,May,Paper 2,TZ1,"A continuous random variable, $X$, has a probability density function defined by

$$
f(x)=\left\{\begin{array}{cc}
\frac{6}{\pi \sqrt{16-x^{2}}}, & 0 \leq x \leq 2 \\
0, & \text { otherwise }
\end{array}\right.
$$

(a) Find the exact value of $\mathrm{E}(X)$.\\
(b) Find $\mathrm{P}(X<0.5)$.

A laboratory trial may require up to 2 millilitres of reagent. The amount of reagent used has been found to have a probability distribution that can be modelled by $f(x)$, where $X$ is the amount of reagent in millilitres.

Each laboratory trial is independent. A trial is considered a success when $X<0.5$.\\
(c) Determine the least number of trials required to be $99 \%$ sure of at least one success.

Ten trials were conducted.\\
(d) Find the probability that exactly three trials were successful.\\
(e) Write down the number of ways these three successful trials could have occurred consecutively.

Now consider $n$ trials where it is given that exactly three successes have occurred.\\
(f) (i) Write down an expression for the number of ways these three successful trials could have occurred consecutively.\\
(ii) Find the greatest value of $n$ such that the probability of three consecutive successful trials is more than 0.05 .","Binomial Theorem
Probability
Binomial Distribution
Integral Calculus","1. Numbers and Algebra
4. Statistics and Probability
5. Calculus",HL,"(a) $E(X)=\int_{0}^{2} \frac{6 x}{\pi \sqrt{16-x^{2}}} \mathrm{~d} x$

Note: Condone the absence of $\mathrm{d} x$.\\
Accept $\int_{0}^{2} x f(x) \mathrm{d} x$\\
attempt to integrate $\frac{6 x}{\pi \sqrt{16-x^{2}}}$ using inspection/substitution\\
$-\frac{6}{2 \pi} \int-2 x\left(16-x^{2}\right)^{-\frac{1}{2}} \mathrm{~d} x$ or let $u=16-x^{2}$\\
$-\frac{6}{2 \pi}\left[2\left(16-x^{2}\right)^{\frac{1}{2}}\right]_{0}^{2}$ OR $\frac{6}{\pi}\left[-u^{\frac{1}{2}}\right]_{16}^{12}$\\
Note: For this $\boldsymbol{A 1}$ condone absent or incorrect limits. attempt to substitute their limits and evaluate\\
$\frac{24}{\pi}-\frac{6}{\pi} \sqrt{12}\left(=\frac{12}{\pi}(2-\sqrt{3})\right)$\\
Note: The substitution $\sin \theta=\frac{x}{4}$ may also be used, leading to $\frac{24}{\pi} \int_{0}^{\frac{\pi}{6}} \sin \theta \mathrm{~d} \theta=\frac{24}{\pi}[-\cos \theta]_{0}^{\frac{\pi}{6}}=\frac{24}{\pi}\left(1-\cos \frac{\pi}{6}\right)$. Award marks as appropriate and accept $\frac{24}{\pi}\left(1-\cos \frac{\pi}{6}\right)$ for the final $\boldsymbol{A} 1$.\\
(b) $\quad \int_{0}^{0.5} f(x) \mathrm{d} x\left(=\int_{0}^{0.5} \frac{6}{\pi \sqrt{16-x^{2}}} \mathrm{~d} x\right)$\\
$P(X<0.5)=0.239358 \ldots$\\
$=0.239$

\section*{Question 11 continued}
(c) EITHER\\
recognition $P$ (at least one success after $n$ trials) $=1-P$ (no successes after $n$ trials)\\
$1-(1-0.239 \ldots)^{n} \geq 0.99$\\
$n=16.8321 \ldots$\\
Note: Use of 0.239 results in $n=16.8612 \ldots$

\section*{OR}
recognition that $Y \sim \mathrm{~B}(n, 0.239 \ldots)$\\
If $n=16 \mathrm{P}$ (at least one success after $n$ trials) $=0.987443 \ldots$\\
and if $n=17 P$ (at least one success after $n$ trials) $=0.990448 \ldots$\\
Note: Use of 0.239 results in the values $0.987348 \ldots$ and $0.990371 \ldots$

\section*{THEN}
17 trials\\
(d) recognition that $Y \sim \mathrm{~B}(10$, their part b))

B $(10,0.239 \ldots)$\\
$\mathrm{P}(X=3)=0.242430 \ldots$\\
$=0.242$

Question 11 continued\\
(e) 8\\
(f) (i) $n-2 \quad A 1$\\
(ii) ${ }^{n} C_{3}$ (ways of 3 successes in $n$ trials) (A1)\\
$\frac{n-2}{{ }^{n} C_{3}}$\\
Attempt to solve their $\frac{n-2}{{ }^{n} C_{3}}>0.05$ OR $\frac{6}{n(n-1)}>0.05$ (or equivalent)\\
Note: Accept an equation.\\
$n=11.4658 \ldots$ OR\\
table values $n=11, \frac{n-2}{{ }^{n} C_{3}}=0.0545454 \ldots$ and $n=12, \frac{n-2}{{ }^{n} C_{3}}=0.0454545 \ldots$\\
$n=11$\\",Calculator Allowed,,,,,,,,,IBDP,,,,,,,,TRUE,2025,
,TRUE,12,21,2023,May,Paper 2,TZ1,"Consider the differential equation $\frac{\mathrm{d} y}{\mathrm{~d} x}=\frac{x^{2} y-y}{x^{2}+1}$, where $y>0$ and $y=3$ when $x=0$.\\
(a) Use Euler's method, with a step length of 0.03 , to find an approximate value for $y$ when $x=0.15$. Give your answer correct to six significant figures.\\
(b) (i) Write down the value of $\frac{\mathrm{d} y}{\mathrm{~d} x}$ when $x=0$.\\
(ii) Show that $\frac{\mathrm{d}^{2} y}{\mathrm{~d} x^{2}}=3$ when $x=0$.\\
(c) (i) Given that $\frac{\mathrm{d}^{3} y}{\mathrm{~d} x^{3}}=9$ when $x=0$, find the first four terms of the Maclaurin series for $y$.\\
(ii) Use the Maclaurin series to find an approximate value for $y$ when $x=0.15$. Give your answer correct to six significant figures.\\
(d) (i) It is given that $\frac{x^{2}-1}{x^{2}+1} \equiv 1-\frac{2}{x^{2}+1}$.

Solve the differential equation $\frac{\mathrm{d} y}{\mathrm{~d} x}=\frac{x^{2} y-y}{x^{2}+1}$, where $y>0$ and $y=3$ when $x=0$.\\
Give your answer in the form $y=f(x)$.\\
(ii) Hence, find the value of $y$ when $x=0.15$. Give your answer correct to six significant figures.\\
(e) For $0 \leq x<1$, explain why the approximate value for $y$ obtained using Euler's method will always be less than the actual value for $y$.","Differential Equations
Maclaurin Series",5. Calculus,HL,"(a) attempt to use Euler's method\\
$y_{n+1}=y_{n}+0.03\left(\frac{x_{n}^{2} y_{n}-y_{n}}{x_{n}^{2}+1}\right), y_{1}=3+0.03\left(\frac{0-3}{0+1}\right)$\\
$y_{1}=2.91$\\
at least one correct further intermediate value given to at least 3 significant figures

\begin{center}
\begin{tabular}{|l|l|}
\hline
$y_{0}$ & 3 \\
\hline
$y_{1}$ & 2.91 \\
\hline
$y_{2}$ & $2.82285 \ldots$ \\
\hline
$y_{3}$ & $2.73877 \ldots$ \\
\hline
$y_{4}$ & $2.65793 \ldots$ \\
\hline
$y_{5}$ & $2.58046 \ldots$ \\
\hline
\end{tabular}
\end{center}

$y(0.15) \approx y_{5}=2.58046160 \ldots$\\
$=2.58046$\\
Note: Award final A1 for the correct answer seen as the last line in a table.\\
If the table goes beyond this value and the correct answer is not explicitly identified award maximum (M1)(A1)(A1)AO

Question 12 continued\\
(b) (i) $\frac{\mathrm{d} y}{\mathrm{~d} x}=-3$\\
(ii) METHOD 1\\
attempt to use quotient (or product) rule on\\
$\frac{\mathrm{d} y}{\mathrm{~d} x}=\frac{x^{2} y-y}{x^{2}+1}\left(=\left(x^{2}+1\right)^{-1}\left(x^{2} y-y\right)\right)$\\
attempt to use product rule and implicit differentiation on $x^{2} y$\\
$\frac{\mathrm{d}}{\mathrm{d} x}\left(x^{2} y-y\right)=x^{2} \frac{\mathrm{~d} y}{\mathrm{~d} x}+(2 x) y-\frac{\mathrm{d} y}{\mathrm{~d} x}$ (seen anywhere)\\
$=3\left(\right.$ when $\left.x=0, y=3, \frac{\mathrm{~d} y}{\mathrm{~d} x}=-3\right)$\\
$\frac{\mathrm{d}^{2} y}{\mathrm{~d} x^{2}}=\frac{\left(x^{2}+1\right)\left(x^{2} \frac{\mathrm{~d} y}{\mathrm{~d} x}+(2 x) y-\frac{\mathrm{d} y}{\mathrm{~d} x}\right)-\left(x^{2} y-y\right)(2 x)}{\left(x^{2}+1\right)^{2}}$\\
OR $\frac{\mathrm{d}^{2} y}{\mathrm{~d} x^{2}}=\left(x^{2}+1\right)^{-1}\left(x^{2} \frac{\mathrm{~d} y}{\mathrm{~d} x}+(2 x) y-\frac{\mathrm{d} y}{\mathrm{~d} x}\right)-2 x\left(x^{2}+1\right)^{-2}\left(x^{2} y-y\right)$\\
$\frac{\mathrm{d}^{2} y}{\mathrm{~d} x^{2}}=3 \quad\left(\right.$ when $\left.x=0, y=3, \frac{\mathrm{~d} y}{\mathrm{~d} x}=-3\right)$

\section*{METHOD 2}
$\left(x^{2}+1\right) \frac{\mathrm{d} y}{\mathrm{~d} x}=x^{2} y-y$\\
attempt to use product rule and implicit differentiation\\
$2 x \frac{\mathrm{~d} y}{\mathrm{~d} x}+\left(x^{2}+1\right) \frac{\mathrm{d}^{2} y}{\mathrm{~d} x^{2}}=x^{2} \frac{\mathrm{~d} y}{\mathrm{~d} x}+(2 x) y-\frac{\mathrm{d} y}{\mathrm{~d} x}$\\
Note: Award A1 for LHS and $\boldsymbol{A} \mathbf{1}$ for RHS

$$
\frac{\mathrm{d}^{2} y}{\mathrm{~d} x^{2}}=3 \quad\left(\text { when } x=0, y=3, \frac{\mathrm{~d} y}{\mathrm{~d} x}=-3\right)
$$

Question 12 continued\\
(c) (i) $3-3 x+\frac{x^{2}}{2!}(3)+\frac{x^{3}}{3!}(9)+\ldots\left(=3-3 x+\frac{3}{2} x^{2}+\frac{3}{2} x^{3}+\ldots\right)$

Note: Award $\boldsymbol{A} \mathbf{1}$ for first three terms, $\boldsymbol{A} \mathbf{1}$ for fourth term\\
(ii) $y(0.15)=2.58881125 \ldots$\\
$=2.58881$

\section*{Question 12 continued}
(d) (i) EITHER\\
attempt to separate variables\\
$\int \frac{1}{y} \mathrm{~d} y=\int \frac{x^{2}-1}{x^{2}+1} \mathrm{~d} x \quad$ OR $\int \frac{1}{y} \mathrm{~d} y=\int\left(1-\frac{2}{x^{2}+1}\right) \mathrm{d} x$\\
$\ln y=x-2 \arctan x+c$\\
Note: Award $\boldsymbol{A} \mathbf{1}$ for $\ln y$ or $\ln |y|, \boldsymbol{A 1}$ for $x-2 \arctan x$.\\
Condone missing $+c$ at this stage.

\section*{OR}
attempt to use integrating factor\\
$\frac{\mathrm{d} y}{\mathrm{~d} x}-y\left(1-\frac{2}{x^{2}+1}\right)=0$\\
IF $=\mathrm{e}^{\int-\left(1-\frac{2}{x^{2}+1}\right) d x}=\mathrm{e}^{-x+2 \arctan x}$\\
$\mathrm{e}^{-x+2 \arctan x} \frac{\mathrm{~d} y}{\mathrm{~d} x}-y \mathrm{e}^{-x+2 \arctan x}\left(1-\frac{2}{x^{2}+1}\right)=0$\\
$\mathrm{e}^{-x+2 \arctan x} y=A$

\section*{THEN}
$\ln y=x-2 \arctan x+c$ OR $y=A \mathrm{e}^{x-2 \arctan x}$\\
attempt to find $c$ or $A$ using $x=0, y=3$\\
$\ln 3=0-2 \arctan 0+c$ OR $3=A \mathrm{e}^{0-2 \arctan 0}$\\
$c=\ln 3$ OR $A=3$

Note: This $\boldsymbol{A 1}$ should not be awarded if a correct value of $c$ or $A$ is preceded by incorrect working.

$$
y=\mathrm{e}^{x-2 \arctan x+\ln 3}\left(=3 \mathrm{e}^{x-2 \arctan x}\right)
$$

\section*{Question 12 continued}
(ii) $y(0.15)=2.58786288 \ldots$\\
$=2.58786$\\
(e) the graph of $y=f(x)$ is concave up $\mathrm{OR} \frac{\mathrm{d}^{2} y}{\mathrm{dx}^{2}}>0$ (for $0 \leq x<1$ )

Note: Allow positive curvature, opening upwards, increasing first derivative.\\
hence tangents used (in Euler's method) give an underestimate,\\
so the approximate value for $y$ when $x=1.5$ is less than the actual value.

",Calculator Allowed,,,,,,,,,IBDP,,,,,,,,TRUE,2025,
,TRUE,1,4,2023,May,Paper 2,TZ2,"A botanist is conducting an experiment which studies the growth of plants.\\
The heights of the plants are measured on seven different days.\\
The following table shows the number of days, $d$, that the experiment has been running and the average height, $h \mathrm{~cm}$, of the plants on each of those days.

\begin{center}
\begin{tabular}{|l|c|c|c|c|c|c|c|}
\hline
Number of days $(d)$ & 2 & 5 & 13 & 24 & 33 & 37 & 42 \\
\hline
Average height $(h)$ & 10 & 16 & 30 & 59 & 76 & 79 & 82 \\
\hline
\end{tabular}
\end{center}

The value of Pearson's product-moment correlation coefficient, $r$, for this data is 0.991 , correct to three significant figures.\\
(a) The regression line of $h$ on $d$ for this data can be written in the form $h=a d+b$.

Find the value of $a$ and the value of $b$.\\
(b) Use your regression line to estimate the average height of the plants when the experiment has been running for 20 days. \\",Bivariate Statistics,4. Statistics and Probability,HL,"(a) $a=1.93258 \ldots, b=7.21662 \ldots$\\
$a=1.93, b=7.22$\\


\section*{}
(b) attempt to substitute $d=20$ into their equation height $=45.8683 \ldots$\\
height $=45.9(\mathrm{~cm})$ A1\\",Calculator Allowed,,,,,,,,,IBDP,,,,,,,,TRUE,2025,
,TRUE,2,6,2023,May,Paper 2,TZ2,"The following diagram shows two buildings situated on level ground.\\
From point P on the ground directly between the two buildings, the angle of elevation to the top of each building is $\theta$.\\
diagram not to scale

\begin{center}
\includegraphics[width=0.4\textwidth]{2024_09_19_fb39c450f09ec56db356g-04}
\end{center}

The distance from point P to point A at the top of the taller building is 150 metres.\\
The distance from point P to point B at the top of the shorter building is 90 metres.\\
The distance between A and B is 154 metres.\\
Find the height, $h$, of the taller building. \\",Trigonometry,3. Geometry and Trigonometry,HL,"attempt to substitute into cosine rule\\
$154^{2}=150^{2}+90^{2}-2(150)(90) \cos \mathrm{APB} \quad \mathrm{OR} \cos \mathrm{APB}=\frac{150^{2}+90^{2}-154^{2}}{2(150)(90)}$\\
$A \hat{P B}=75.2286 \ldots \circ$ OR 1.31298 $\ldots$ radians\\
$\mathrm{A} \hat{P} B=75.2^{\circ}$ OR 1.31 radians\\
valid approach to find $\theta$\\
$\theta=\frac{180^{\circ}-\mathrm{APB}}{2}$ OR $\theta=\frac{180^{\circ}-75.2286 \ldots{ }^{\circ}}{2}(=52.3856 \ldots) \mathrm{OR}$\\
$\theta=\frac{\pi-1.31298 \ldots}{2}(=0.914302 \ldots)$\\
valid approach to express $h$ in terms of $\theta$\\
$\sin \theta=\frac{h}{150} \quad$ OR $h=150 \sin 52.3856 \ldots \circ$\\
$h=118.820 \ldots$\\
$h=119(\mathrm{~m})$

\section*{METHOD 2}
attempts to find either the distance between the buildings or the difference in height between the buildings in terms of $\theta$\\
distance between the buildings is $(150+90) \cos \theta$ and the difference in height between the buildings is $(150-90) \sin \theta$\\
uses Pythagoras and attempts to solve for $\theta$\\
$(60 \sin \theta)^{2}+(240 \cos \theta)^{2}=154^{2}$\\
$\theta=0.914302 \ldots\left(=52.3856 \ldots{ }^{\circ}\right)$\\
$\frac{h}{150}=\sin (0.914302 \ldots)$\\
$h=118.820 \ldots$\\
$h=119(\mathrm{~m})$\\",Calculator Allowed,,,,,,,,,IBDP,,,,,,,,TRUE,2025,
,TRUE,3,8,2023,May,Paper 2,TZ2,"The weights, $W$ grams, of bags of rice packaged in a factory can be modelled by a normal distribution with mean 204 grams and standard deviation 5 grams.\\
(a) A bag of rice is selected at random.

Find the probability that it weighs more than 210 grams.\\
According to this model, $80 \%$ of the bags of rice weigh between $w$ grams and 210 grams.\\
(b) Find the probability that a randomly selected bag of rice weighs less than $w$ grams.\\
(c) Find the value of $w$.\\
(d) Ten bags of rice are selected at random.

Find the probability that exactly one of the bags weighs less than $w$ grams.\\","Normal Distribution
Binomial Distribution",4. Statistics and Probability,HL,"(a) evidence of attempting to find correct area under normal curve\\
$\mathrm{P}(W>210)$ OR sketch\\
$\mathrm{P}(W>210)=0.115069 \ldots$\\
$\mathrm{P}(W>210)=0.115$\\
(b) recognizing $\mathrm{P}(W<w)=1-\mathrm{P}(w<W<210)-\mathrm{P}(W>210)$\\
$\mathrm{P}(W<w)=1-0.8-0.115069 \ldots$\\
$\mathrm{P}(W<w)=0.084930 \ldots$\\
$\mathrm{P}(W<w)=0.0849$\\
(c) evidence of attempting to use inverse normal function $w=197.136 \ldots$\\
$w=197$ (grams)\\
(d) recognition of binomial distribution

$$
\begin{aligned}
& X \sim \mathrm{~B}(10,0.0849302 \ldots) \\
& \mathrm{P}(X=1)=0.382076 \ldots \\
& \mathrm{P}(X=1)=0.382
\end{aligned}
$$A1",Calculator Allowed,,,,,,,,,IBDP,,,,,,,,TRUE,2025,
,TRUE,4,7,2023,May,Paper 2,TZ2,"The expansion of $(x+h)^{8}$, where $h \in \mathbb{Q}^{+}$, can be written\\
as $x^{8}+a x^{7}+b x^{6}+c x^{5}+d x^{4}+\ldots+h^{8}$, where $a, b, c, d, \ldots \in \mathbb{R}$.\\
Given that the coefficients, $a, b$ and $d$, are the first three terms of a geometric sequence, find the value of $h$.\\","Binomial Theorem
Sequences and Series",1. Numbers and Algebra,HL,"$\quad$ attempt to use the binomial expansion of $(x+h)^{8}$


$$
\begin{aligned}
& { }^{8} C_{0} x^{8} h^{0}+{ }^{8} C_{1} x^{7} h^{1}+{ }^{8} C_{2} x^{6} h^{2}+\ldots \\
& a=8 h\left(\text { accept }{ }^{8} C_{1} h\right)
\end{aligned}
$$A1

$b=28 h^{2}\left(\right.$ accept $\left.{ }^{8} C_{2} h^{2}\right)$ ..... A1\\
$d=70 h^{4}\left(\right.$ accept $\left.{ }^{8} C_{4} h^{4}\right)$ ..... A1\\
recognition that there is a common ratio between their terms ..... (M1)\\
$8 h \times r=28 h^{2}$ OR $28 h^{2} \times r=70 h^{4}$ OR $8 h \times r^{2}=70 h^{4}$\\
correct equation in terms of $h$(A1)\\
$\frac{28 h^{2}}{8 h}=\frac{70 h^{4}}{28 h^{2}}$ (or equivalent)\\
$h=1.4$ ..... A1\\",Calculator Allowed,,,,,,,,,IBDP,,,,,,,,TRUE,2025,
,TRUE,5,6,2023,May,Paper 2,TZ2,"A particle moves in a straight line such that its velocity, $v \mathrm{~m} \mathrm{~s}^{-1}$, at time $t$ seconds is given by $v(t)=4 \mathrm{e}^{-\frac{t}{3}} \cos \left(\frac{t}{2}-\frac{\pi}{4}\right)$, for $0 \leq t \leq 4 \pi$. The graph of $v$ is shown in the following diagram.

\begin{center}
\includegraphics[width=0.4\textwidth]{2024_09_19_fb39c450f09ec56db356g-07}
\end{center}

Let $t_{1}$ be the first time when the particle's acceleration is zero.\\
(a) Find the value of $t_{1}$.

Let $t_{2}$ be the second time when the particle is instantaneously at rest.\\
(b) Find the value of $t_{2}$.\\
(c) Find the distance travelled by the particle between $t=t_{1}$ and $t=t_{2}$. \\","Kinematics
Trigonometry","5. Calculus
3. Geometry and Trigonometry",HL,"(a) recognize that acceleration is zero when $v^{\prime}(t)=0$ OR at a local maximum on the graph of $v$

$$
\begin{aligned}
& t_{1}=0.394791 \ldots \\
& t_{1}=0.395\left(=\arctan \left(\frac{5}{12}\right)\right) \text { (seconds) }
\end{aligned}
$$


(b) recognition that $v=0$\\
sketch OR $t=4.71238 \ldots$ OR $t=10.9955 \ldots$\\
$t_{2}=10.9955 \ldots$\\
$t_{2}=11.0\left(=\frac{7 \pi}{2}\right)$\\
\\
(c) $\int_{t_{1}}^{t_{2}}|v| \mathrm{d} t \mathrm{OR} \int_{0.347791 \ldots}^{10.9955 \ldots}|v| \mathrm{d} t$ OR $\int_{0.394791 \ldots}^{4.71238 . \ldots} v \mathrm{~d} t+\int_{4.71238 . . .}^{10.9955 \ldots}|v| \mathrm{d} t(=6.53806 \ldots+1.29313 \ldots)$

OR $\int_{0.394791 \ldots}^{4.71238 . \ldots} v \mathrm{~d} t-\int_{4.71238 . \ldots}^{10.9955} v \mathrm{~d} t(=6.53806 \ldots-(-1.29313 \ldots))$\\
distance $=7.83118 \ldots$\\
$=7.83(\mathrm{~m})$\\",Calculator Allowed,,,,,,,,,IBDP,,,,,,,,TRUE,2025,
,TRUE,6,8,2023,May,Paper 2,TZ2,"Consider the two planes

$$
\begin{aligned}
& \Pi_{1}: 2 x-y+2 z=6 \\
& \Pi_{2}: 4 x+3 y-z=2
\end{aligned}
$$

Let $L$ be the line of intersection of $\Pi_{1}$ and $\Pi_{2}$.\\
(a) Verify that a vector equation of $L$ is $r=\left(\begin{array}{l}0 \\ 2 \\ 4\end{array}\right)+\lambda\left(\begin{array}{c}1 \\ -2 \\ -2\end{array}\right)$, where $\lambda \in \mathbb{R}$.\\
(b) Find the coordinates of the point P on $L$ that is nearest to the origin. \\",Vectors and Planes,3. Geometry and Trigonometry,HL,"(a) METHOD 1\\
the general point on $L$ has coordinates $(\lambda, 2-2 \lambda, 4-2 \lambda)$\\
substitutes this general point into both $\Pi_{1}$ and $\Pi_{2}$\\
$2 \lambda-(2-2 \lambda)+2(4-2 \lambda)(=2 \lambda-2+2 \lambda+8-4 \lambda)$ A1\\
$=6$ AG\\
$4 \lambda+3(2-2 \lambda)-(4-2 \lambda)(=4 \lambda+6-6 \lambda-4+2 \lambda)$ A1\\
$=2$ AG\\
so the vector equation of $L$ can be written as $r=\left(\begin{array}{l}0 \\ 2 \\ 4\end{array}\right)+\lambda\left(\begin{array}{c}1 \\ -2 \\ -2\end{array}\right)$ AG

Note: Award (M1)A0A0 for correct verification using a specific value of $\lambda$.

\section*{Question 6 continued}
\section*{METHOD 2}
substitutes $(0,2,4)$ into both $\Pi_{1}$ and $\Pi_{2}$ and shows that\\
$0-2+8=6$ and $0+6-4=2$\\
hence $(0,2,4)$ lies in both $\Pi_{1}$ and $\Pi_{2}$

\section*{EITHER}
attempts to find $\left(\begin{array}{c}2 \\ -1 \\ 2\end{array}\right) \times\left(\begin{array}{c}4 \\ 3 \\ -1\end{array}\right)$\\
$=\left(\begin{array}{c}-5 \\ 10 \\ 10\end{array}\right)$

OR\\
attempts to find $\left(\begin{array}{c}1 \\ -2 \\ -2\end{array}\right) \cdot\left(\begin{array}{c}2 \\ -1 \\ 2\end{array}\right)$ and $\left(\begin{array}{c}1 \\ -2 \\ -2\end{array}\right) \cdot\left(\begin{array}{c}4 \\ 3 \\ -1\end{array}\right)$\\
$(2+2-4)=0$ and $(4-6+2)=0$

\section*{THEN}
(so $\left(\begin{array}{c}1 \\ -2 \\ -2\end{array}\right)$ is perpendicular to both normal vectors)\\
so the vector equation of $L$ can be written as $r=\left(\begin{array}{l}0 \\ 2 \\ 4\end{array}\right)+\lambda\left(\begin{array}{c}1 \\ -2 \\ -2\end{array}\right)$\\
Note: Award $\boldsymbol{M} \mathbf{1}$ for substituting $x=0$ (or $y=2$ or $z=4$ ) into $\Pi_{1}$ and $\Pi_{2}$ and solving simultaneously, for example, solving $-y+2 z=6$ and $3 y-z=2$. Award $\boldsymbol{A 1}$ for $y=2$ and $z=4$, for example.

\section*{Question 6 continued}
\section*{METHOD 3}
attempts row reduction to obtain eg,


\begin{equation*}
x+\frac{z}{2}=2 \text { and } y-z=-2 \tag{M1}
\end{equation*}


substitutes $x=\lambda$ into $x+\frac{z}{2}=2$, solves for $z$ and obtains $z=4-2 \lambda$\\
substitutes $z=4-2 \lambda$ into $y-z=-2$, solves for $y$ and obtains $y=2-2 \lambda$\\
so the vector equation of $L$ can be written as $r=\left(\begin{array}{l}0 \\ 2 \\ 4\end{array}\right)+\lambda\left(\begin{array}{c}1 \\ -2 \\ -2\end{array}\right)$

\section*{METHOD 4}
attempts to solve $2 x-y+2 z=6$ and $4 x+3 y-z=2$\\
for example, $x=\lambda, y=2-2 \lambda, z=4-2 \lambda$\\
so the vector equation of $L$ can be written as $r=\left(\begin{array}{l}0 \\ 2 \\ 4\end{array}\right)+\lambda\left(\begin{array}{c}1 \\ -2 \\ -2\end{array}\right)$\\
Note: Only award marks for convincing use of a GDC.

Question 6 continued\\
(b) EITHER\\
the position vector for point P nearest to the origin is perpendicular to the direction of $L$\\
$\left(\begin{array}{c}\lambda \\ 2-2 \lambda \\ 4-2 \lambda\end{array}\right) \cdot\left(\begin{array}{c}1 \\ -2 \\ -2\end{array}\right)=0$\\
$\lambda-2(2-2 \lambda)-2(4-2 \lambda)=0$\\
$9 \lambda-12=0$

\section*{OR}
let $s$ be the distance from the origin to a point P on $L$, then


\begin{equation*}
s^{2}=\lambda^{2}+(2-2 \lambda)^{2}+(4-2 \lambda)^{2} \tag{A1}
\end{equation*}


attempts to find $\lambda$ such that $\frac{\mathrm{d}\left(s^{2}\right)}{\mathrm{d} \lambda}=0$\\
either $\frac{\mathrm{d}\left(s^{2}\right)}{\mathrm{d} \lambda}=18 \lambda-24(=0)$ or a graph of $s^{2}$ versus $\lambda$\\
Note: Award as above for use of $s=\sqrt{\lambda^{2}+(2-2 \lambda)^{2}+(4-2 \lambda)^{2}}$.

\section*{THEN}
$$
\begin{aligned}
& \lambda=\frac{4}{3} \\
& \mathrm{P}\left(\frac{4}{3},-\frac{2}{3}, \frac{4}{3}\right)(\mathrm{P}(1.33,-0.667,1.33)
\end{aligned}
$$",Calculator Allowed,,,,,,,,,IBDP,,,,,,,,TRUE,2025,
,TRUE,7,5,2023,May,Paper 2,TZ2,"A function $f$ is defined as $f(x)=\arctan (x-2)$, where $2 \leq x \leq 2+\sqrt{3}$.\\
The region bounded by the curve, the $y$-axis, the $x$-axis and the line $y=\frac{\pi}{3}$ is rotated $360^{\circ}$\\
about the $y$-axis to form a solid of revolution.\\
Find the volume of the solid. \\","Trigonometry
Integral Calculus","3. Geometry and Trigonometry
5. Calculus",HL,"attempts to express $x$ in terms of $\tan y$\\
$x=\tan y+2$\\
let $V$ be the volume of the solid\\
correctly uses $V=\pi \int_{a}^{b} x^{2} \mathrm{~d} y$\\
Note: Award $\boldsymbol{M} \mathbf{0}$ for $V=\pi \int_{a}^{b}(\arctan (x-2))^{2} d y$\\
$V=\pi \int_{0}^{\frac{\pi}{3}}(\tan y+2)^{2} \mathrm{~d} y\left(=\pi \int_{0}^{1.0472 \ldots}(\tan y+2)^{2} \mathrm{~d} y\right)$\\
$=24.0213 \ldots$\\
$=24.0(=\pi(4 \ln 2+\pi+\sqrt{3}))$\\
Note: GDC in degrees gives 13.3",Calculator Allowed,,,,,,,,,IBDP,,,,,,,,TRUE,2025,
,TRUE,8,7,2023,May,Paper 2,TZ2,"A function $g$ is defined by $g(x)=\frac{2 x-5}{x^{2}-3}$, where $x \in \mathbb{R}, x \neq \pm \sqrt{3}$.\\
(a) Determine the range of $g$.

A function $h$ is defined by $h(x)=g(|x|) \cos t$, where $x \in \mathbb{R}, x \neq \pm \sqrt{3}$ and $t$ is a constant where $\frac{\pi}{2}<t \leq \pi$.\\
(b) Find the set of values of $x$ such that $h(x) \leq 0$. ","Properties of Functions
Modulus & Inequalities",2. Functions,HL,"(a) EITHER\\
attempts to find the $y$-coordinate of either the local minimum point or the local maximum point


\section*{OR}
attempts to find the discriminant of $2 x-5=y\left(x^{2}-3\right)\left(y x^{2}-2 x+(5-3 y)=0\right)$\\
$\Delta=4-4 y(5-3 y)\left(=4-20 y+12 y^{2}\right)$

\section*{THEN}
$y=1.43425 \ldots$ (local min.) and $y=0.232408 \ldots$ (local max.)\\
$g(x) \leq 0.232$ OR $g(x) \geq 1.43\left(g(x) \leq \frac{-\sqrt{13}+5}{6}\right.$ OR $\left.g(x) \geq \frac{\sqrt{13}+5}{6}\right)$\\
Note: Accept other valid notations such as interval notation.\\
(b) $\frac{2|x|-5}{x^{2}-3} \geq 0$ (since $\cos t<0$ for $\left.\frac{\pi}{2}<t \leq \pi\right)$\\
attempts to solve graphically or algebraically\\
$x \leq-\frac{5}{2}$ OR $-\sqrt{3}<x<\sqrt{3}(-1.73<x<1.73)$ OR $x \geq \frac{5}{2}$",Calculator Allowed,,,,,,,,,IBDP,,,,,,,,TRUE,2025,
,TRUE,9,5,2023,May,Paper 2,TZ2,"Let $S$ be the set of 30 positive integers $\{1,2,3, \ldots, 28,29,30\}$.\\
Raghu randomly selects three positive integers from $S$ without replacement. He then adds them together and determines whether the sum is divisible by 3 .

Determine the total number of selections Raghu can make to obtain a sum that is divisible by 3 .

You may assume that order is not important, for example, $\{1,2,3\},\{1,3,2\},\{2,3,1\},\{2,1,3\},\{3,1,2\},\{3,2,1\}$ are all considered to be the same selection. ","Binomial Theorem
Counting Principles",1. Numbers and Algebra,HL,"\section*{9. METHOD 1}
10 numbers of the form $3 n, 10$ numbers of the form $(3 n-1)$ and 10 numbers of the form $(3 n-2)$ ( may be seen anywhere)\\
considers one of the following two cases of forming a sum divisible by 3\\
case 1 :\\
chooses 3 numbers of the form $3 n$ or chooses 3 numbers of the form $(3 n-1)$ or chooses 3 numbers of the form $(3 n-2)$\\
${ }^{10} C_{3}+{ }^{10} C_{3}+{ }^{10} C_{3}\left(=3 \times{ }^{10} C_{3}=3 \times 120=360\right)$ ways\\
case 2 :\\
chooses 1 number of the form $3 n$ and chooses 1 number of the form $(3 n-1)$ and chooses 1 number of the form $(3 n-2)$\\
${ }^{10} C_{1} \times{ }^{10} C_{1} \times{ }^{10} C_{1}\left(=\left({ }^{10} C_{1}\right)^{3}=10^{3}=1000\right)$ ways OR $\frac{{ }^{30} C_{1} \times{ }^{20} C_{1} \times{ }^{10} C_{1}}{3!}(=1000)$ ways\\
total number of ways is $3 \times{ }^{10} C_{3}+{ }^{10} C_{1} \times{ }^{10} C_{1} \times{ }^{10} C_{1}(=360+1000)$\\
$=1360$

\section*{METHOD 2}
total number of ways of choosing 3 numbers (without restriction) is ${ }^{30} C_{3}=4060$\\
attempts to find the total number of ways of choosing 3 numbers whose sum is not divisible by 3\\
chooses 2 numbers from one group and chooses 1 number from another group eg chooses 2 numbers of the form $3 n$ and chooses 1 number of the form $3 n-1$\\
$3!\times{ }^{10} C_{2} \times{ }^{10} C_{1}=2700$\\
Note: Award (M1) for any integer multiple of ${ }^{10} C_{2} \times{ }^{10} C_{1}$.\\
total number of ways is $4060-2700$\\
$=1360$",Calculator Allowed,,,,,,,,,IBDP,,,,,,,,TRUE,2025,
,TRUE,10,13,2023,May,Paper 2,TZ2,"A weight suspended on a spring is pulled down and released, so that it moves up and down vertically.

The height, $H$ metres, of the base of the weight above the ground can be modelled by the function $H(t)=a \cos (7.8 t)+b$, for $a, b \in \mathbb{R}$ and $0 \leq t \leq 10$, where $t$ is the time in seconds after the weight is released.

\includegraphics[width=0.4\textwidth]{2024_09_19_fb39c450f09ec56db356g-13}\\
(a) Find the period of the function.\\ The weight is released when its base is at a minimum height of 1 metre above the ground, and it reaches a maximum height of 1.8 metres above the ground. The graph of $H$ is shown in the following diagram.

\includegraphics[width=0.4\textwidth]{2024_09_19_fb39c450f09ec56db356g-14}\\
(b) Find the value of\\
(i) $a$;\\
(ii) $b$.\\
(c) Find the number of times that the weight reaches its maximum height in the first five seconds of its motion.\\
(d) Find the first time that the base of the weight reaches a height of 1.5 metres.

A camera is set to take a picture of the weight at a random time during the first five seconds of its motion.\\
(e) Find the probability that the height of the base of the weight is greater than 1.5 metres at the time the picture is taken.","Trigonometric Functions
Probability","3. Geometry and Trigonometry
5. Calculus",HL,"(a) $7.8=\frac{2 \pi}{\text { period }}$\\
$\frac{2 \pi}{7.8}=0.805536 \ldots$\\
period $=0.806\left(=\frac{20 \pi}{78}\right)$\\
(b) METHOD 1\\
(i) amplitude $=\frac{\max -\min }{2}$\\
$\frac{1.8-1}{2}$\\
$a=-0.4$\\
(ii) $b=1.4$


\section*{METHOD 2}
attempt to form two simultaneous equations in $a$ and $b$

$$
\begin{aligned}
& H(0)=1 \Rightarrow a+b=1, H\left(\frac{\pi}{7.8}\right)=1.8 \Rightarrow-a+b=1.8 \\
& a=-0.4, b=1.4
\end{aligned}
$$A1A1

Question 10 continued\\
(c) EITHER


\begin{equation*}
\frac{5}{\text { period }}=6.207 \ldots<6 \frac{1}{2} \tag{A1}
\end{equation*}


\section*{OR}
consideration of number of maximums on graph in first 5 seconds

\section*{OR}
maximums when $t=0.403,1.21,2.01,2.82,3.62,4.43$

\section*{THEN}
6 times A1\\
(d) recognizing that $H(t)=1.5$\\
$-0.4 \cos (7.8 t)+1.4=1.5$\\
0.233779...\\
$t=0.234$ (seconds)

Question 10 continued\\
(e) finding second time height is 1.5 metres $t=0.571757 \ldots$\\
in each period, height is greater than 1.5 metres for $0.337978 \ldots$ seconds\\
Note: Award (M1)(A1) for total time 2.02787...seen.\\
multiplying their value by 6 and divide by 5\\
$\frac{0.337978 \ldots \times 6}{5}$ OR $\frac{2.02787 \ldots}{5}$\\
$=0.405574 \ldots$\\
$\mathrm{P}($ height is greater than 1.5 m ) $=0.406$\\",Calculator Allowed,,,,,,,,,IBDP,,,,,,,,TRUE,2025,
,TRUE,11,20,2023,May,Paper 2,TZ2,"A game of chance involves drawing two balls at random out of a box without replacement.\\
The box initially contains $r$ red balls and $y$ yellow balls.\\
Let $\mathrm{P}(Y Y)$ represent the probability of drawing two yellow balls from the box without replacement.\\
Consider a version of this game where it is known that $\mathrm{P}(Y Y)=\frac{1}{3}$.\\
(a) Show that $2 y^{2}-2(r+1) y+r-r^{2}=0$.\\
(b) By solving the equation in part (a), show that $y=\frac{(r+1)+\sqrt{3 r^{2}+1}}{2}$.\\
(c) Find two pairs of values for $r$ and $y$ that satisfy the condition $\mathrm{P}(Y Y)=\frac{1}{3}$.

Now consider a similar game of chance that involves drawing three balls out of a box without replacement. The box initially contains 10 red balls and $y$ yellow balls.

Let $\mathrm{P}(Y Y Y)$ represent the probability of drawing three yellow balls from the box without replacement.\\
(d) Find an expression for $\mathrm{P}(Y Y Y)$ in terms of $y$.

A yellow ball is added so that the box now contains 10 red balls and $(y+1)$ yellow balls. The probability of drawing three yellow balls from the box without replacement is now twice the probability expressed in part (d).\\
(e) Find the initial number of yellow balls in the box.",Probability,5. Calculus,HL,"(a) attempts to form a numerator involving a product of two terms involving $y$ and a denominator involving a product of two terms involving $r+y$\\
$\frac{y(y-1)}{(r+y)(r+y-1)}=\frac{1}{3}$\\
attempts to remove the fractions and expand the brackets\\
$3 y^{2}-3 y=y^{2}+2 r y-y+r^{2}-r$\\
$2 y^{2}-2 r y-2 y+r-r^{2}=0$\\
$2 y^{2}-2(r+1) y+r-r^{2}=0$\\
(b) attempts to solve for $y$

$$
\begin{aligned}
& y=\frac{2(r+1) \pm \sqrt{4(r+1)^{2}-8\left(r-r^{2}\right)}}{4} \\
& y=\frac{2(r+1) \pm \sqrt{12 r^{2}+4}}{4} \\
& y=\frac{(r+1) \pm \sqrt{3 r^{2}+1}}{2} \\
& \text { (since } r, y \in \mathbb{Z}^{+} \text {) and } \frac{(r+1)-\sqrt{3 r^{2}+1}}{2}<0 \text { for } r>1
\end{aligned}
$$

Note: Award the R1 for stating that number of balls cannot be negative, or similar.\\
Note: Accept $y>0$\\
so $y=\frac{(r+1)+\sqrt{3 r^{2}+1}}{2}$

\section*{Question 11 continued}
(c) attempts to find a pair of positive integer values eg by using a table

Note: Award $M 0$ if numbers are not positive integers.\\
1 red ball and 2 yellow balls ( $r=1$ and $y=2$ )\\
4 red balls and 6 yellow balls ( $r=4$ and $y=6$ )\\
Note: Award $\boldsymbol{A 1}$ for one solution and $\boldsymbol{A 2}$ for another.\\
15 red balls and 21 yellow balls ( $r=15$ and $y=21$ ) is the next solution.\\
\\
(d) attempts to form a numerator involving a product of three terms involving $y$ and a denominator involving a product of three terms that includes a $(y+10)$ term\\
$\mathrm{P}(Y Y Y)=\frac{y(y-1)(y-2)}{(y+10)(y-1+10)(y-2+10)}\left(=\frac{y(y-1)(y-2)}{(y+10)(y+9)(y+8)}\right)$\\
Note: Award $\boldsymbol{A 1}$ for a correct numerator and $\boldsymbol{A 1}$ for a correct denominator.\\
(e) $\quad \mathrm{P}($ new $Y Y Y)=\frac{(y+1)(y)(y-1)}{(y+1+10)(y+10)(y-1+10)}\left(=\frac{(y+1)(y)(y-1)}{(y+11)(y+10)(y+9)}\right)$\\
equates their answer for $\mathrm{P}($ new $Y Y Y$ ) to $2 \times$ their answer for part (d)\\
$\frac{2 y(y-1)(y-2)}{(y+10)(y+9)(y+8)}=\frac{(y+1)(y)(y-1)}{(y+11)(y+10)(y+9)}$\\
attempts to solve for $y$\\
Note: Award (M1) for attempting to write the above expression as $\frac{2(y-2)}{y+8}=\frac{y+1}{y+11}$\\
$y=4$\\",Calculator Allowed,,,,,,,,,IBDP,,,,,,,,TRUE,2025,
,TRUE,12,21,2023,May,Paper 2,TZ2,"Consider the differential equation $\frac{\mathrm{d} y}{\mathrm{~d} x}=\frac{x^{2}+3 y^{2}}{x y}$, where $x>0, y>0$.\\
It is given that $y=2$ when $x=1$.\\
(a) Use Euler's method with step length 0.1 to find an approximate value of $y$ when $x=1.1$. [2]\\
(b) By solving the differential equation, show that $y=x \sqrt{\frac{9 x^{4}-1}{2}}$.\\
(c) Find the value of $y$ when $x=1.1$.\\
(d) With reference to the concavity of the graph of $y=x \sqrt{\frac{9 x^{4}-1}{2}}$ for $1 \leq x \leq 1.1$, explain why the value of $y$ found in part (c) is greater than the approximate value of $y$ found in part (a).

The graph of $y=x \sqrt{\frac{9 x^{4}-1}{2}}$ for $\frac{\sqrt{3}}{3}<x<1$ has a point of inflexion at the point P .\\
(e) By sketching the graph of an appropriate derivative of $y$, determine the $x$-coordinate of P .\\
It can be shown that $\frac{\mathrm{d}^{2} y}{\mathrm{~d} x^{2}}=\frac{-x^{4}+x^{2} y^{2}+6 y^{4}}{x^{2} y^{3}}$, where $x>0, y>0$.\\
(f) Use this expression for $\frac{\mathrm{d}^{2} y}{\mathrm{~d} x^{2}}$ to show that point P lies on the straight line $y=m x$ where the exact value of $m$ is to be determined.",Differential Equations,5. Calculus,HL,"(a) attempts to use $y_{1}=y_{0}+h \times f\left(x_{0}, y_{0}\right)$

$$
\begin{aligned}
& y_{1}=2+0.1 \times \frac{1^{2}+3(2)^{2}}{2} \\
& =2.65
\end{aligned}
$$

\section*{Note: Award (M1)AO for 2.35.}
(b) let $y=v x$


\begin{align*}
& \frac{\mathrm{d} y}{\mathrm{~d} x}=v+x \frac{\mathrm{~d} v}{\mathrm{~d} x}  \tag{A1}\\
& v+x \frac{\mathrm{~d} v}{\mathrm{~d} x}=\frac{x^{2}+3 v^{2} x^{2}}{v x^{2}}  \tag{M1}\\
& x \frac{\mathrm{~d} v}{\mathrm{~d} x}=\frac{1+2 v^{2}}{v}
\end{align*}


attempt to separate variables $x$ and $v$

$$
\begin{aligned}
& \int \frac{v}{2 v^{2}+1} \mathrm{~d} v=\int \frac{1}{x} \mathrm{~d} x \\
& \frac{1}{4} \ln \left(2 v^{2}+1\right)=\ln x+C
\end{aligned}
$$

Note: Condone the absence of $C$ to this stage.

Question 12 continued

\section*{EITHER}
$\frac{1}{4} \ln \left(\frac{2 y^{2}}{x^{2}}+1\right)=\ln x+C$\\
when $x=1, y=2 \Rightarrow C=\frac{1}{4} \ln 9$\\
Note: Award $\boldsymbol{M} \mathbf{1}$ for attempting to find their value of $C$.

$$
\begin{aligned}
& \frac{1}{4} \ln \left(\frac{2 y^{2}}{x^{2}}+1\right)=\ln x+\frac{1}{4} \ln 9 \\
& \left(\frac{2 y^{2}}{x^{2}}+1\right)^{\frac{1}{4}}=\sqrt{3} x
\end{aligned}
$$

OR\\
$\ln \left(\frac{2 y^{2}}{x^{2}+1}\right)=\ln \left(x^{4}\right)+\ln C$\\
$\frac{2 y^{2}}{x^{2}}+1=C x^{4}$\\
when $x=1, y=2 \Rightarrow C=9$

\section*{THEN}
$$
\begin{aligned}
& \frac{2 y^{2}}{x^{2}}+1=9 x^{4} \\
& y=x \sqrt{\frac{9 x^{4}-1}{2}}
\end{aligned}
$$

Question 12 continued\\
(c) $y=2.71422 \ldots$\\
$y=2.71$\\
(d) EITHER\\
the graph of $y=x \sqrt{\frac{9 x^{4}-1}{2}}$ is concave up (for $1 \leq x \leq 1.1$ )\\
OR\\
$\frac{\mathrm{d}^{2} y}{\mathrm{~d} x^{2}}>0($ for $1 \leq x \leq 1.1)$\\
Note: Allow positive curvature, opening upwards, increasing first derivative.

\section*{THEN}
hence the tangent drawn using Euler's method gives an underestimate of the true value, so the value of $y$ when $x=1.1$ is greater than the approximate value found in part (a)

R1\\
Note: Only award R1 if there is reference to tangent (in words or in a diagram).

Question 12 continued

\section*{(e) EITHER}
Note: Award the first $\boldsymbol{A}$ mark for a correct graph seen in part (d).\\
\includegraphics[width=0.4\textwidth]{2024_10_08_d45e5f4a97c15e4c5788g-27(1)}

OR\\
correct graph of $\frac{\mathrm{d}^{2} y}{\mathrm{~d} x^{2}}$\\
\includegraphics[width=0.4\textwidth]{2024_10_08_d45e5f4a97c15e4c5788g-27}

\section*{THEN}
$x=0.655996 \ldots$\\
$x=0.656$

A1\\
\\
continued...

Question 12 continued\\
(f) $\frac{\mathrm{d}^{2} y}{\mathrm{~d} x^{2}}=0$ (seen anywhere)

Note: Award (A1) for equivalent answers (seen anywhere) such as $\frac{-x^{4}+x^{2} y^{2}+6 y^{4}}{x^{2} y^{3}}=0$ or $-x^{4}+x^{2} y^{2}+6 y^{4}=0$.

\section*{EITHER}
divides $-x^{4}+x^{2} y^{2}+6 y^{4}(=0)$ through by $y^{4}$\\
$-\frac{x^{4}}{y^{4}}+\frac{x^{2}}{y^{2}}+6(=0)$\\
$m=\frac{y}{x} \Rightarrow-\frac{1}{m^{4}}+\frac{1}{m^{2}}+6(=0)$\\
$6 m^{4}+m^{2}-1(=0)$\\
$\left(3 m^{2}-1\right)\left(2 m^{2}+1\right)=0$\\
$m= \pm \frac{1}{\sqrt{3}}\left(m^{2}=-\frac{1}{2}\right)$

\section*{OR}
divides $-x^{4}+x^{2} y^{2}+6 y^{4}(=0)$ through by $x^{2} y^{2}$


\begin{equation*}
-\frac{x^{2}}{y^{2}}+1+6 \frac{y^{2}}{x^{2}}(=0) \tag{M1}
\end{equation*}


$m=\frac{y}{x} \Rightarrow-\frac{1}{m^{2}}+1+6 m^{2}(=0)$\\
$6 m^{4}+m^{2}-1(=0)$\\
$\left(3 m^{2}-1\right)\left(2 m^{2}+1\right)=0$\\
$m= \pm \frac{1}{\sqrt{3}}\left(m^{2}=-\frac{1}{2}\right)$

Question 12 continued

\section*{OR}
attempts to factorize $-x^{4}+x^{2} y^{2}+6 y^{4}(=0)$\\
$-\left(x^{2}-3 y^{2}\right)\left(x^{2}+2 y^{2}\right)(=0)$\\
attempts to solve their factorized equation

$$
\Rightarrow y= \pm \frac{1}{\sqrt{3}} x\left(y^{2}=-\frac{1}{2} x^{2}\right)
$$

\section*{THEN}
$$
y=\frac{1}{\sqrt{3}} x\left(\text { and so } m=\frac{1}{\sqrt{3}}\right)
$$

as $x>0, y>0$ (or equivalent reasoning/justification)\\
R1\\
Note: Award $R \mathbf{1}$ for $y=\frac{1}{\sqrt{3}} x$ (and so $m=\frac{1}{\sqrt{3}}$ ) as $y \neq-\frac{1}{\sqrt{3}} x$ and $x^{2}+2 y^{2}=0$ for $x=0$ and $y=0$ only.
",Calculator Allowed,,,,,,,,,IBDP,,,,,,,,TRUE,2025,
,TRUE,1,6,2023,Nov,Paper 2,TZ2,"The following diagram shows a pyramid with vertex V and rectangular base OABC.\\
Point B has coordinates $(6,8,0)$, point C has coordinates $(6,0,0)$ and point V has coordinates $(3,4,9)$.\\
diagram not to scale

\includegraphics[width=0.4\textwidth]{2024_09_19_7972fe15c53a23b8c5f8g-04}\\
(a) Find BV.\\
(b) Find the size of BV̂C.\\","Geometry
Trigonometry",3. Geometry and Trigonometry,HL,"(a) $\mathrm{BV}=\sqrt{(6-3)^{2}+(8-4)^{2}+(0-9)^{2}}$\\
$=10.2956 \ldots$\\
$=10.3(=\sqrt{106})$\\
Note: Award $\operatorname{SC}\left(\mathbf{A} \boldsymbol{0} \mathbf{)} \mathbf{A 1}\right.$ for $\mathrm{BV}=\left(\begin{array}{c}-3 \\ -4 \\ 9\end{array}\right)$ where a candidate has misinterpreted notation.\\

(b) METHOD 1\\
$\mathrm{BV}=\mathrm{VC}$ AND $\mathrm{BC}=8$ (seen anywhere)\\
attempt to use the cosine rule on triangle BVC for any angle\\
Note: Recognition must be shown in context either in terms of labelled sides or in side lengths.\\
$\cos B \hat{V} C=\frac{10.2 \ldots{ }^{2}+10.2 \ldots{ }^{2}-8^{2}}{2 \times 10.2 \ldots \times 10.2 \ldots}$ OR\\
$8^{2}=10.2 \ldots .^{2}+10.2 \ldots{ }^{2}-2 \times 10.2 \ldots \times 10.2 \ldots \cos B \hat{V} C$\\
$\mathrm{BV} \mathrm{\hat{C}}=0.798037 \ldots$\\
$B \hat{V} C=0.798$ (accept $45.7^{\circ}$ )
\end{enumerate}

Note: If no working shown, award (AO)(M1)(AO)AO for $B \hat{V C}=0.80$ (or $\left.46^{\circ}\right)(2 \mathrm{sf})$.

\section*{METHOD 2}
let $M$ be the midpoint of $B C$\\
$\mathrm{BM}=4$ (seen anywhere)\\
attempt to use sine or cosine in triangle BMV or CMV\\
$\arcsin \frac{4}{\sqrt{106}}$ OR $\frac{\pi}{2}-\arccos \frac{4}{\sqrt{106}}$ OR 0.399018\\
$\mathrm{BV} \mathrm{\hat{C}}=0.798037 \ldots$\\
BV̂C $=0.798$ (accept $45.7^{\circ}$ )

Note: If no working shown, award (AO)(M1)(AO)AO for BV̂C $=0.80$ (or $\left.46^{\circ}\right)(2 \mathrm{sf})$.

\section*{METHOD 3}
$\overrightarrow{\mathrm{VC}}=\left(\begin{array}{c}3 \\ -4 \\ -9\end{array}\right)$ and $\overrightarrow{\mathrm{VB}}=\left(\begin{array}{c}3 \\ 4 \\ -9\end{array}\right)$\\
attempt to use the cosine formula for an angle using two vectors representing the edges of triangle BVC\\
$\cos \mathrm{BV} \mathrm{C}=\frac{3(3)-4(4)-9(-9)}{\sqrt{3^{2}+(-4)^{2}+(-9)^{2}} \sqrt{3^{2}+4^{2}+(-9)^{2}}}\left(=\frac{74}{106}\right)$\\
$\mathrm{BV} \mathrm{\hat{V}}=0.798037 \ldots$\\
$B \hat{V C}=0.798$ (accept $45.7^{\circ}$ )

Note: If no working shown, award $(\boldsymbol{A O})(\mathbf{M 1})(\boldsymbol{A O}) \mathbf{A O}$ for $\mathrm{BV̂C}=0.80$ (or $\left.46^{\circ}\right)(2 \mathrm{sf})$.

\section*{METHOD 4}
$\overrightarrow{\mathrm{VC}}=\left(\begin{array}{c}3 \\ -4 \\ -9\end{array}\right)$ and $\overrightarrow{\mathrm{VB}}=\left(\begin{array}{c}3 \\ 4 \\ -9\end{array}\right)$\\
attempt to use the cross product formula for an angle using two vectors representing the edges of triangle BVC\\
$\sin B \hat{V} C=\frac{\left|\left(\begin{array}{c}72 \\ 0 \\ 24\end{array}\right)\right|}{\sqrt{3^{2}+(-4)^{2}+(-9)^{2}} \sqrt{3^{2}+4^{2}+(-9)^{2}}}\left(=\frac{\sqrt{5760}}{106}\right)$\\
$\mathrm{BV} \mathrm{\hat{C}}=0.798037 \ldots$\\
$\mathrm{BVVC}=0.798$ (accept $45.7^{\circ}$ )

Note: If no working shown, award $(\mathbf{A O})(\mathbf{M 1})(\mathbf{A O}) \mathbf{A O}$ for $\mathrm{BV} \mathrm{\hat{C}}=0.80$ (or $\left.46^{\circ}\right)(2 \mathrm{sf})$.\\
Award $\operatorname{SC}(\boldsymbol{A 1})(\mathbf{M 1})(\boldsymbol{A} \boldsymbol{0}) \mathbf{A O}$ for area $\left.=\frac{1}{2}\left(\begin{array}{c}72 \\ 0 \\ 24\end{array}\right) \right\rvert\,=\frac{\sqrt{5760}}{2}(=37.9)$ where a candidate has misinterpreted notation.\\",Calculator Allowed,,,,,,,,,IBDP,,,,,,,,TRUE,2025,
,TRUE,2,5,2023,Nov,Paper 2,TZ2,"Consider the function $f(x)=\mathrm{e}^{x}-3 x-4$.\\
(a) On the following axes, sketch the graph of $f$ for $-4 \leq x \leq 3$.

\begin{center}
\includegraphics[width=0.4\textwidth]{2024_09_19_7972fe15c53a23b8c5f8g-05}
\end{center}

The function $g$ is defined by $g(x)=\mathrm{e}^{2 x}-6 x-7$.\\
(b) The graph of $g$ is obtained from the graph of $f$ by a horizontal stretch with scale factor $k$, followed by a vertical translation of $c$ units.

Find the value of $k$ and the value of $c$.\\","Exponents and Logs
Transformations of Functions","1. Numbers and Algebra
2. Functions",HL,"(a) \includegraphics[width=0.4\textwidth]{2024_10_08_104950eb198edc2e0cdag-10}

A1A1A1\\
Note: Award marks as follows:\\
A1 for approximately correct roots, in the intervals $-2<x<-1$ and $2<x<3$.\\
A1 for $y$-intercept AND local minimum in approximately correct positions. Allow for $y$ intercept $-3.5<y<-2.5$, and for local minimum $0.5<x<1.5,-5<y<-4$.\\
A1 for approximately correct endpoints, with the left end in the intervals $-4.5<x<-3.5,7.5<y<8.5$ and the right end in the intervals $2.5<x<3.5,6.5<y<7.5$\\
\\
(b) $k=\frac{1}{2}$\\
$c=-3$ (accept translate/shift 3 (units) down) A1\\",Calculator Allowed,,,,,,,,,IBDP,,,,,,,,TRUE,2025,
,TRUE,3,7,2023,Nov,Paper 2,TZ2,"A company is designing a new logo in the shape of a letter "" $C$ "".

\begin{center}
\includegraphics[width=0.4\textwidth]{2024_09_19_7972fe15c53a23b8c5f8g-07(1)}
\end{center}

The letter "" C "" is formed between two circles with centre O .\\
The point A lies on the circumference of the inner circle with radius $r \mathrm{~cm}$, where $r<10$.\\
The point B lies on the circumference of the outer circle with radius 10 cm .\\
The reflex angle AÔB is 5.2 radians. The letter "" $C$ "" is shown by the shaded area in the following diagram.\\
diagram not to scale

\includegraphics[width=0.4\textwidth]{2024_09_19_7972fe15c53a23b8c5f8g-07}\\


\section*{(Question 3 continued)}
(a) Show that the area of the "" $C$ "" is given by $260-2.6 r^{2}$.

The area of the "" $C$ "" is $64 \mathrm{~cm}^{2}$.\\
(b) (i) Find the value of $r$.\\
(ii) Find the perimeter of the ""C"".",Geometry,3. Geometry and Trigonometry,HL,"(a) use of sector area formula to find area of at least one sector

$$
\begin{aligned}
& \frac{1}{2} \times 5.2 \times 100-\frac{1}{2} \times 5.2 \times r^{2} \quad \text { OR } 10^{2} \pi-\frac{1}{2} 10^{2} \times(2 \pi-5.2)-\left(\pi r^{2}-\frac{1}{2} \times(2 \pi-5.2) \times r^{2}\right) \\
& \text { (area) }=260-2.6 r^{2}
\end{aligned}
$$

Note:There are many different ways to find the area of the "" $C$ "". In all methods, the $\boldsymbol{A}$ mark is awarded for working which leads directly to the AG.\\
Many candidates are working with rounded intermediate values. Award the $\boldsymbol{A}$ mark to correct work with values that round to the 3 sf value of 260 and the 2 sf value of 2.6 eg $259.99-2.6015 r^{2}$.\\
\\
(b) (i) $260-2.6 r^{2}=64$\\
$r=8.68243 \ldots$\\
$=8.68(\mathrm{~cm})\left(\frac{14 \sqrt{65}}{13}\right.$ exact $)$\\
(ii) $10 \times 5.2$ OR $8.68 \ldots \times 5.2$\\
substituting their value of $r$ into $10 \times 5.2+r \times 5.2+2(10-r)$ (or equivalent)\\
Perimeter $=10 \times 5.2+8.68 \ldots \times 5.2+2(10-8.68 \ldots)(=52+45.1486 \ldots+2.63513 \ldots)$\\
$=99.7837 \ldots$\\
$=99.8(\mathrm{~cm})$\\",Calculator Allowed,,,,,,,,,IBDP,,,,,,,,TRUE,2025,
,TRUE,4,5,2023,Nov,Paper 2,TZ2,"A particle moves along a straight line. Its displacement, $s$ metres, from a fixed point O after time $t$ seconds is given by $s(t)=4.3 \sin (\sqrt{3 t+5})$, where $0 \leq t \leq 10$.

The particle first comes to rest after $q$ seconds.\\
(a) Find the value of $q$.\\
(b) Find the total distance that the particle travels in the first $q$ seconds. \\",Differential Calculus,5. Calculus,HL,"(a) recognizing at rest when $\frac{\mathrm{ds}}{\mathrm{d} t}=0 \mathrm{OR}_{\mathrm{s}}$ is a minimum

$$
q=5.73553 \ldots
$$

$=5.74$

Note: If no working shown, award (M1)AO for $q=5.7$ (2sf).\\
\\
(b) METHOD 1\\
recognizing that integral of $v(t)$ is required


\begin{equation*}
\int_{0}^{5.73 \ldots}|v(t)| \mathrm{d} t \quad \text { OR } \int_{0}^{5.73 \ldots . .}\left|\frac{\mathrm{d}}{\mathrm{~d} t} s(t)\right| \mathrm{d} t \text { OR }\left|\int_{0}^{5.73 \ldots} v(t) \mathrm{d} t\right| \text { OR }-\int_{0}^{5.73 \ldots} v(t) \mathrm{d} t \tag{A1}
\end{equation*}


Note:Condone absence of dt.\\
Only accept $\left|\int_{0}^{q} v(t) \mathrm{d} t\right|$ if their value of $q$ does not result in the particle changing direction in the first $q$ seconds.

$$
\begin{aligned}
& =7.68302 \ldots \\
& =7.68(\mathrm{~m})
\end{aligned}
$$

Note: Special Cases:\\
Award a maximum of (M1)(A1FT)AOFT if the candidate obtains $q=1.62320 \ldots$ in part (a), and uses that value to find the total distance to be 3.38302... (3.37644... from 3sf).

Award (M1)(A0)A1 if the candidate writes $\int_{0}^{5.73 . . .} v(t) \mathrm{d} t$ followed by the correct answer.

\section*{METHOD 2}
recognition that total distance travelled is the difference between the initial displacement and the displacement at minimum\\
initial displacement is 3.38302 ...AND at minimum is -4.3\\
total distance travelled $=3.38302 \ldots-(-4.3)$\\
$=7.68302 \ldots$\\
$=7.68(\mathrm{~m})$\\
Note: If no working shown, award (M1)(AO)AO for 7.7 (2sf).\\",Calculator Allowed,,,,,,,,,IBDP,,,,,,,,TRUE,2025,
,TRUE,5,5,2023,Nov,Paper 2,TZ2,"The following table shows the probability distribution of a discrete random variable $X$, where $a, k \in \mathbb{R}^{+}$.

\begin{center}
\begin{tabular}{|c|c|c|c|c|}
\hline
$x$ & 1 & 2 & 3 & 4 \\
\hline
$\mathrm{P}(X=x)$ & $k$ & $k^{2}$ & $a$ & $k^{3}$ \\
\hline
\end{tabular}
\end{center}

Given that $\mathrm{E}(X)=2.3$, find the value of $a$. \\",Probability,5. Calculus,HL,"$\mathrm{E}(X)=k+2 k^{2}+3 a+4 k^{3}=2.3$\\
$k+k^{2}+a+k^{3}=1$

Note: The first two $\boldsymbol{A}$ marks are independent of each other.

\section*{EITHER (finding intersections of functions)}
attempt to make $a$ the subject in both of their equations\\
$a=1-k-k^{2}-k^{3}$ and $a=\frac{1}{3}\left(2.3-k-2 k^{2}-4 k^{3}\right)$\\
use of graph or table to attempt to find intersection\\
OR (solving algebraically)\\
attempt to solve their equations algebraically to find a cubic in $k$\\
$k^{3}-k^{2}-2 k+0.7=0$ OR $3\left(1-k-k^{2}-k^{3}\right)=2.3-k-2 k^{2}-4 k^{3}$ (or equivalent)\\
attempt to solve their cubic in $k$

\section*{THEN}
$a=0.552839 \ldots$ OR $k=0.315870 \ldots$ (other solutions to cubic are $k=-1.18538 \ldots, 1.86951 \ldots$ )\\
$a=0.553$\\
Note: If no working shown, award (A1)(A1)(M1)(M1)AO for $a=2.44587 \ldots$ OR $a=-10.8987 \ldots$ and award (AO)(AO)(M1)(M1)AO for $a=0.55(2 \mathrm{sf})$.\\",Calculator Allowed,,,,,,,,,IBDP,,,,,,,,TRUE,2025,
,TRUE,6,5,2023,Nov,Paper 2,TZ2,"The random variable $X$ is such that $X \sim B(25, p)$ and $\operatorname{Var}(X)=5.75$.\\
(a) Find the possible values of $p$.

The random variable $Y$ is such that $Y=1-2 X$.\\
(b) Find $\operatorname{Var}(Y)$. \\",Binomial Theorem,5. Calculus,HL,"(a) $5.75=25 p(1-p)$\\
$p=0.641421 \ldots, 0.358578 . .$.\\
$p=0.641,0.359\left(=\frac{5 \pm \sqrt{2}}{10}\right)$\\
A1A1\\
\\
(b) $\operatorname{Var}(Y)=(-2)^{2} \operatorname{Var}(X)(=4 \operatorname{Var}(X))$\\
$=23$\\
A1

\section*{}
Total \\",Calculator Allowed,,,,,,,,,IBDP,,,,,,,,TRUE,2025,
,TRUE,7,6,2023,Nov,Paper 2,TZ2,"A junior baseball team consists of six boys and three girls.\\
The team members are to be placed in a line to have their photograph taken.\\
(a) In how many ways can the team members be placed if\\
(i) there are no restrictions;\\
(ii) the girls must be placed next to each other.\\
(b) Five members of the team are selected to attend a baseball summer camp. Find the number of possible selections that contain at least two girls. \\",Counting Principles,1. Numbers and Algebra,HL,"(a) (i) $(9!=) 362880 \quad \boldsymbol{A 1}$

Note: Accept 9! or 363000 .\\
(ii) attempt to consider girls as a single object\\
$(3!\times 7!=) 30240$\\
Note: Accept 30200 .\\
\\
(b) METHOD 1\\
recognition of the two different cases for 2 girls and 3 girls\\
exactly 2 girls is ${ }^{6} C_{3} \times{ }^{3} C_{2}=60$ and exactly 3 girls $\left({ }^{3} C_{3} \times\right)^{6} C_{2}=15$\\
total $(=60+15)=75$

\section*{METHOD 2}
recognition of the three different cases: total choices, 1 girl and no girls\\
total choices ${ }^{9} C_{5}=126$, one girl case ${ }^{3} C_{1} \times{ }^{6} C_{4}=45$, no girl case ${ }^{6} C_{5}=6$\\",Calculator Allowed,,,,,,,,,IBDP,,,,,,,,TRUE,2025,
,TRUE,8,9,2023,Nov,Paper 2,TZ2,"Three points are given by $\mathrm{A}(0, p, 2), \mathrm{B}(1,1,1)$ and $\mathrm{C}(p, 0,4)$, where $p$ is a positive constant.\\
(a) Show that $\overrightarrow{\mathrm{AB}} \times \overrightarrow{\mathrm{AC}}=\left(\begin{array}{c}2-3 p \\ -2-p \\ p^{2}-2 p\end{array}\right)$.\\
(b) Hence, find the smallest possible value of $|\overrightarrow{A B} \times \overrightarrow{A C}|^{2}$.\\
(c) Hence, find the smallest possible area of triangle ABC . \\",Vectors and Planes,3. Geometry and Trigonometry,HL,"(a) $\overrightarrow{\mathrm{AB}}=\left(\begin{array}{c}1 \\ 1-p \\ -1\end{array}\right)$\\
$\overrightarrow{\mathrm{AC}}=\left(\begin{array}{c}p \\ -p \\ 2\end{array}\right)$\\
attempt to evaluate their $\overrightarrow{\mathrm{AB}} \times \overrightarrow{\mathrm{AC}}$ by use of formula or determinant

$$
\begin{aligned}
& \overrightarrow{\mathrm{AB}} \times \overrightarrow{\mathrm{AC}}=\left(\begin{array}{c}
2(1-p)-p \\
-(2+p) \\
-p-p(1-p)
\end{array}\right) \text { OR }(2(1-p)-p) \boldsymbol{i}-(2+p) \boldsymbol{j}+(-p-p(1-p)) \boldsymbol{k} \\
& \overrightarrow{\mathrm{AB}} \times \overrightarrow{\mathrm{AC}}=\left(\begin{array}{c}
2-3 p \\
-2-p \\
p^{2}-2 p
\end{array}\right)
\end{aligned}
$$

(b) $|\overrightarrow{\mathrm{AB}} \times \overrightarrow{\mathrm{AC}}|^{2}$\\
$=(2-3 p)^{2}+(-2-p)^{2}+\left(p^{2}-2 p\right)^{2}\left(=p^{4}-4 p^{3}+14 p^{2}-8 p+8\right)$\\
attempt to find minimum of their $|\overrightarrow{\mathrm{AB}} \times \overrightarrow{\mathrm{AC}}|^{2}$\\
6.75257... OR $p=0.3264 \ldots$\\
min value is 6.75

Question 8 continued\\
(c) METHOD 1\\
valid attempt to find area $=\frac{1}{2}|\overrightarrow{\mathrm{AB}} \times \overrightarrow{\mathrm{AC}}|$ using their answer to part b)\\
area $=\frac{1}{2} \sqrt{6.75257 \ldots}$\\
$=1.299285 \ldots$\\
$=1.30$ (units $^{2}$ ) A1\\
\\
Total \\",Calculator Allowed,,,,,,,,,IBDP,,,,,,,,TRUE,2025,
,TRUE,9,9,2023,Nov,Paper 2,TZ2,"Consider the differential equation $\frac{\mathrm{d} y}{\mathrm{~d} x}=\frac{4-y}{10}$, where $y=2$ when $x=0$.\\
(a) Use Euler's method with a step size of 0.1 to find an approximation for $y$ when $x=0.5$. Give your answer correct to four significant figures.\\
(b) By solving the differential equation, show that $y=4-2 \mathrm{e}^{-\frac{x}{10}}$.\\
(c) Find the absolute value of the error in your approximation in part (a).            ",Differential Equations,5. Calculus,HL,"(a) attempt to use recursive formula $y_{n}=y_{n-1}+0.1\left(\frac{4-y_{n-1}}{10}\right)$

\begin{center}
\begin{tabular}{|c|c|c|}
\hline
$n$ & $x_{n}$ & $y_{n}$ \\
\hline
0 & 0 & 2 \\
\hline
1 & 0.1 & 2.02 \\
\hline
2 & 0.2 & 2.0398 \\
\hline
3 & 0.3 & $2.05940 \ldots$ \\
\hline
4 & 0.4 & $2.07880 \ldots$ \\
\hline
5 & 0.5 & $2.09801 \ldots$ \\
\hline
\end{tabular}
\end{center}

$$
\begin{aligned}
& y_{1}=2.02 \\
& y_{5}=2.098
\end{aligned}
$$

Note: Accept any answer which rounds to the correct 4sf value.\\
Award no marks for a final answer of 2.1 or 2.10 with no working.

Question 9 continued

\section*{(b) METHOD 1}
Note: Condone absence of absolute value signs throughout

$$
\begin{aligned}
& \int \frac{d y}{4-y}=\int \frac{d x}{10} \\
& -\ln |4-y|=\frac{x}{10}(+c)
\end{aligned}
$$

\section*{EITHER}
substituting initial conditions $x=0, y=2$ to find the value of $c \quad$ M1\\
$(-\ln 2=0+c \Rightarrow) c=-\ln 2$\\
$-\ln |4-y|=\frac{x}{10}-\ln 2 \Rightarrow \ln \frac{|4-y|}{2}=-\frac{x}{10}$\\
$|4-y|=2 \mathrm{e}^{-\frac{x}{10}}$\\
OR

$$
\begin{aligned}
& |4-y|=\mathrm{e}^{-\frac{x}{10}-\mathrm{c}} \text { (so } 4-y= \pm \mathrm{e}^{-c} \mathrm{e}^{-\frac{x}{10}} \text { ) } \\
& 4-y=A \mathrm{e}^{-\frac{x}{10}}
\end{aligned}
$$

substituting initial conditions $x=0, y=2$ to find the value of $A \quad M 1$\\
$2=A \mathrm{e}^{0} \Rightarrow A=2$

\section*{THEN}
$$
y=4-2 \mathrm{e}^{-\frac{x}{10}} \quad A G
$$

Note: Candidates may use $-\int \frac{\mathrm{d} y}{y-4}=\int \frac{\mathrm{d} x}{10}$ and correctly obtain $|y-4|=2 \mathrm{e}^{-\frac{x}{10}}$ leading to $4-y=2 \mathrm{e}^{-\frac{x}{10}}$ after consideration of the boundary conditions. In this case, the absence of absolute value signs should not be condoned until the sign has been resolved.

Question 9 continued

\section*{METHOD 2}
attempt to rearrange and find an integrating factor

$$
\begin{aligned}
& \frac{\mathrm{d} y}{\mathrm{~d} x}+\frac{1}{10} y=\frac{4}{10} \text { so IF } \mathrm{e}^{\int \frac{1}{10} \mathrm{dx}}=\mathrm{e}^{\frac{1}{10} x} \\
& \mathrm{e}^{\frac{1}{10} x} \frac{\mathrm{~d} y}{\mathrm{~d} x}+\frac{1}{10} \mathrm{e}^{\frac{1}{10} x} y=\frac{4}{10} \mathrm{e}^{\frac{1}{10} x} \\
& \mathrm{e}^{\frac{1}{10} x} y=4 \mathrm{e}^{\frac{1}{10} x}(+c)
\end{aligned}
$$

Note: Award A1 for LHS and A1 for RHS.\\
substituting initial conditions $x=0, y=2$ to find the value of $c$

$$
\begin{aligned}
& \left(2 \mathrm{e}^{0}=4 \mathrm{e}^{0}+c \Rightarrow\right) c=-2 \\
& \mathrm{e}^{\frac{1}{10} x} y=4 \mathrm{e}^{\frac{1}{10} x}-2 \\
& y=4-2 \mathrm{e}^{-\frac{x}{10}}
\end{aligned}
$$AG

(c) absolute error $=2.0980199 \ldots-\left(4-2 e^{-0.05}\right)=0.000478749 \ldots$

$$
=0.000479\left(=4.79 \times 10^{-4}\right)
$$

Note: Accept $0.000459\left(=4.59 \times 10^{-4}\right)$ from use of 4 sf value.",Calculator Allowed,,,,,,,,,IBDP,,,,,,,,TRUE,2025,
,TRUE,10,16,2023,Nov,Paper 2,TZ2,"A farmer is growing a field of wheat plants. The height, $H \mathrm{~cm}$, of each plant can be modelled by a normal distribution with mean $\mu$ and standard deviation $\sigma$.

It is known that $\mathrm{P}(H<94.6)=0.288$ and $\mathrm{P}(H>98.1)=0.434$.\\
(a) Find the probability that the height of a randomly selected plant is between 94.6 cm and 98.1 cm .\\
(b) Find the value of $\mu$ and the value of $\sigma$.

The farmer measures 100 randomly selected plants. Any plant with a height greater than 98.1 cm is considered ready to harvest. Heights of plants are independent of each other.\\
(c) (i) Find the probability that exactly 34 plants are ready to harvest.\\
(ii) Given that fewer than 49 plants are ready to harvest, find the probability that exactly 34 plants are ready to harvest.

In another field, the farmer is growing the same variety of wheat, but is using a different fertilizer. The heights of these plants, $F \mathrm{~cm}$, are normally distributed with mean 98.6 and standard deviation $d$. The farmer finds the interquartile range to be 4.82 cm .\\
(d) Find the value of $d$.","Normal Distribution
Binomial Distribution",4. Statistics and Probability,HL,"(a) recognizing probabilities sum to 1
\end{enumerate}

$$
\begin{aligned}
& 0.288+\mathrm{P}(94.6<X<98.1)+0.434=1 \\
& \mathrm{P}(94.6<X<98.1)=0.278
\end{aligned}
$$

Note: If no working shown, award (M1)AO for $\mathrm{P}(94.6<X<98.1)=0.28$ (2sf).\\
(b) METHOD 1\\
recognizing the need to use inverse normal with 0.288 , $(1-0.434)$ or 0.434\\
Note: Accept use of calculator notation eg invNorm(0.288)(=-0.559236...).\\
$\mu+\operatorname{invNorm}(0.288) \sigma=94.6, \mu+\operatorname{invNorm}(1-0.434) \sigma=98.1$ (or equivalent)\\
$\mu=97.2981 \ldots, \sigma=4.82468 \ldots$\\
$\mu=97.3, \sigma=4.82$\\
A1

Note: Condone use of different variables throughout, but do not award the final $\boldsymbol{A} \mathbf{1}$ if they do not clearly identify which variable is their mean and standard deviation.

\section*{METHOD 2}
use of inverse normal to find at least one $z$-score for $\mathrm{P}(Z<z)=0.288$ or $\mathrm{P}(Z<z)=1-0.434$\\
$z_{1}=-0.559236 \ldots$ OR $z_{2}=0.166199 \ldots$\\
$\frac{94.6-\mu}{\sigma}=-0.559236 \ldots, \frac{98.1-\mu}{\sigma}=0.166199 \ldots$ (or equivalent)\\
attempt to solve their equations (that involve $z$-values rather than probabilities) $\mu=97.2981 \ldots, \sigma=4.82468 \ldots$\\
$\mu=97.3, \sigma=4.82$

Note: Award marks as appropriate for work seen in part (a).

Note: If no working shown, award (M1)(AO)(AO)(M1)AO for $\mu=97, \sigma=4.8$ (2sf).

\section*{Question 10 continued}
(c) (i) recognition of Binomial distribution

$$
\begin{aligned}
& X \sim \mathrm{~B}(100,0.434) \\
& \mathrm{P}(X=34)=0.0133198 \ldots \\
& =0.0133
\end{aligned}
$$

Note: If no working shown, award (M1)AO for $\mathrm{P}(X=34)=0.013(2 \mathrm{sf})$.\\
(ii) $\mathrm{P}(X<49)=0.848218 \ldots$...seen anywhere)

Note: recognition must be shown in context, either in symbols eg $\mathrm{P}(X=34 \mid X<49)$, or in words eg P ( 34 plants |less than 49 plants), not only as $\mathrm{P}(A \mid B)$.


\begin{align*}
& (\mathrm{P}(X=34 \mid X<49)=) \frac{\mathrm{P}(X=34)}{\mathrm{P}(X<49)} \text { OR } \frac{\mathrm{P}(X=34)}{\mathrm{P}(X \leq 48)}\left(=\frac{0.0133198 \ldots}{0.848218 \ldots}\right)  \tag{A1}\\
& =0.0157033 \ldots
\end{align*}


$$
\mathrm{P}(X=34 \mid X<49)=0.0157
$$

Note: Exception to $\boldsymbol{F T}$ : If the candidate finds $\mathrm{P}(X \leq 49)(=0.890474 \ldots)$ and uses that to calculate $\mathrm{P}(X=34 \mid X \leq 49)=0.0149581 \ldots$ award (AO)(M1)(A1)AO.

Note: If no working shown, award (AO)(M1)(AO)AO for $\mathrm{P}(X=34 \mid X<49)=0.016$ (2sf).

Question 10 continued\\
(d) $\mathrm{Q}_{1}=96.19$ OR $\mathrm{Q}_{3}=101.01$ (may be seen on a labelled diagram with areas indicated)\\
$\mathrm{P}(96.19<F<101.01)=0.5 \mathrm{OR} \mathrm{P}(F<96.19)=0.25 \mathrm{OR} \mathrm{P}(F<101.01)=0.75$ (or equivalent)

\section*{EITHER}
attempt to find $d$ using graph or table

OR\\
$1-2 \mathrm{P}\left(Z<-\frac{2.41}{d}\right)=0.5$ OR $\mathrm{P}\left(Z<-\frac{2.41}{d}\right)=0.25$ OR $\mathrm{P}\left(Z<\frac{2.41}{d}\right)=0.75$\\
OR $\mathrm{P}\left(-\frac{2.41}{d}<Z<\frac{2.41}{d}\right)=0.5$ (or equivalent)\\
$-\frac{2.41}{d}=-0.674489 \ldots$ OR $\frac{2.41}{d}=0.674489 \ldots$

\section*{THEN}
3.57307...\\
$d=3.57$\\
Note: Accept 3.56 using 96.2 or 101.

Note: If no working shown, award (AO)(M1)AO for $d=3.6$ (2sf).\\
\\
Total \\",Calculator Allowed,,,,,,,,,IBDP,,,,,,,,TRUE,2025,
,TRUE,11,19,2023,Nov,Paper 2,TZ2,"Consider the function defined by $f(x)=\frac{x^{2}-14 x+24}{2 x+6}$, where $x \in \mathbb{R}, x \neq-3$.\\
(a) State the equation of the vertical asymptote on the graph of $f$.\\
(b) Find the coordinates of the points where the graph of $f$ crosses the $x$-axis.

The graph of $f$ also has an oblique asymptote of the form $y=a x+b$, where $a, b \in \mathbb{Q}$.\\
(c) Find the value of $a$ and the value of $b$.\\
(d) Sketch the graph of $f$ for $-50 \leq x \leq 50$, showing clearly the asymptotes and any intersections with the axes.\\
(e) Find the range of $f$.\\
(f) Solve the inequality $f(x)>x$.","Rational Functions
Modulus & Inequalities",2. Functions,HL,"(a) (vertical asymptote equation) $x=-3$

Note: Accept $2 x+6=0$ or equivalent.\\
\\
(b) $(2,0)$ and $(12,0)$

A1A1

Note: Award $\boldsymbol{A} \mathbf{1}$ for $(2,0)$ and $\boldsymbol{A} \mathbf{1}$ for $(12,0)$.\\
Award A1A0 if only $x$ values are given.\\
\\
(c) METHOD 1

$$
\begin{aligned}
& a=\frac{1}{2} \\
& \text { attempt at 'long division' on } \frac{x^{2}-14 x+24}{2 x+6}
\end{aligned}
$$

$\frac{x^{2}-14 x+24}{2 x+6}$\\
$=\frac{1}{2} x-\frac{17}{2}\left(+\frac{\ldots}{2 x+6}\right)$\\
$b=-\frac{17}{2}$\\
Note: Accept $y=\frac{1}{2} x-\frac{17}{2}$.

\section*{Question 11 continued}
\section*{METHOD 2}
$a=\frac{1}{2}$\\
$\frac{x^{2}-14 x+24}{2 x+6} \equiv \frac{1}{2} x+b+\frac{c}{2 x+6}$\\
$x^{2}-14 x+24 \equiv \frac{1}{2} x(2 x+6)+b(2 x+6)+c$\\
attempt to equate coefficients of ${ }_{x}$ :\\
$-14=3+2 b$\\
$b=-\frac{17}{2}$\\
Note: Accept $y=\frac{1}{2} x-\frac{17}{2}$.

\section*{METHOD 3}
$$
\begin{aligned}
& a=\frac{1}{2} \\
& \frac{x^{2}-14 x+24}{2 x+6}-\frac{1}{2} x \equiv \frac{-17 x+24}{2 x+6}
\end{aligned}
$$

attempt to find the limit of $f(x)-a x$ as $\boldsymbol{x} \longrightarrow \infty$\\
$b=\lim _{x \rightarrow \infty} \frac{-17 x+24}{2 x+6}$\\
$=-\frac{17}{2}$\\
Note: Accept $y=\frac{1}{2} x-\frac{17}{2}$.\\
(d)\\
\includegraphics[width=0.4\textwidth]{2024_10_08_104950eb198edc2e0cdag-26}\\
two branches with approximately correct shape (for $-50 \leq x \leq 50$ )

Note: For this A1 the graph must be a function.\\
their vertical and oblique asymptotes in approximately correct positions with both branches showing correct asymptotic behaviour to these asymptotes

Note: Award A1 for vertical asymptote and behaviour and A1 for oblique asymptote and behaviour.\\
If only top half of the graph seen only award $\boldsymbol{A 1 A O}$ if both asymptotes and behaviour are seen.\\
their axes intercepts in approximately the correct positions\\
Note: Points of intersection with the axes and the equations of asymptotes do not need to be labelled. Ignore incorrect labels.\\
(e) $\quad(-10-5 \sqrt{3}=)-18.6602 \ldots$. OR $(-10+5 \sqrt{3}=)-1.33974 \ldots$. seen anywhere\\
attempt to write the range using at least one value in an interval or an inequality in $y$ or $f(x)$\\
$y \leq-18.7, y \geq-1.34$\\
A1A1

Note: Award $\boldsymbol{A 1}$ for each inequality. Award A1A0 for strict inequalities in both.\\
Do not award FT from (d).\\
Accept equivalent set notation.\\
\\
(f) $(-10-2 \sqrt{31}=)-21.1355 \ldots$. OR $(-10+2 \sqrt{31}=) 1.13552 \ldots$. seen anywhere\\
$x<-21.1,-3<x<1.14$\\
A1A1A1

Note: Award $\boldsymbol{A 1}$ for $x<-21.1, \boldsymbol{A 1}$ for correct endpoints of a single interval -3 and 1.14 and $\boldsymbol{A 1}$ for $-3<x<1.14$.\\
Do not award FT from (d).\\
Accept equivalent set notation.\\
\\
Total \\",Calculator Allowed,,,,,,,,,IBDP,,,,,,,,TRUE,2025,
,TRUE,12,18,2023,Nov,Paper 2,TZ2,"Line $L$ is given by the vector equation $r_{1}=\left(\begin{array}{c}1 \\ 2 \\ -3\end{array}\right)+s\left(\begin{array}{l}2 \\ 3 \\ 6\end{array}\right)$ where $s \in \mathbb{R}$\\
Line $M$ is given by the vector equation $\boldsymbol{r}_{2}=\left(\begin{array}{c}9 \\ 9 \\ 11\end{array}\right)+t\left(\begin{array}{l}4 \\ 1 \\ 2\end{array}\right)$ where $t \in \mathbb{R}$.\\
(a) Show that lines $L$ and $M$ intersect at a point A and find the position vector of A .\\
(b) Verify that the lines $L$ and $M$ both lie in the plane $\Pi$ given by $r \cdot\left(\begin{array}{c}0 \\ 2 \\ -1\end{array}\right)=7$.

Point B has position vector $\left(\begin{array}{c}-3 \\ 12 \\ 2\end{array}\right)$. A line through B perpendicular to $\Pi$ intersects $\Pi$ at point C .\\
(c) (i) Find the position vector of C .\\
(ii) Hence, find $|\overrightarrow{\mathrm{BC}}|$.\\
(d) Find the reflection of the point B in the plane $\Pi$.",Vectors and Planes,3. Geometry and Trigonometry,HL,"(a) attempt to set at least two components of $L$ and $M$ equal

$$
\begin{aligned}
& 1+2 s=9+4 t \\
& 2+3 s=9+t \\
& -3+6 s=11+2 t
\end{aligned}
$$

attempt to solve two of their equations simultaneously\\
$s=2$ OR $t=-1$

\section*{EITHER}
substitute $s=2$ and $t=-1$ into remaining component e.g. $-3+6(2)=11+2(-1)$\\
OR\\
recognition that $2^{\text {nd }}$ and $3^{\text {rd }}$ equations are equivalent\\
THEN\\
position vector of $A$ is $\left(\begin{array}{l}5 \\ 8 \\ 9\end{array}\right)$\\
Note: Accept a row vector and/or coordinates.\\
The final $\boldsymbol{A} \mathbf{1}$ is independent of $\boldsymbol{R} \mathbf{1}$.\\
\\
(b) METHOD 1\\
attempt to substitute at least one line into the equation of the plane\\
(M1)\\
$\left(\begin{array}{c}1+2 s \\ 2+3 s \\ -3+6 s\end{array}\right) \cdot\left(\begin{array}{c}0 \\ 2 \\ -1\end{array}\right)=2(2+3 s)-1(-3+6 s)=7$\\
A1\\
$\left(\begin{array}{c}9+4 t \\ 9+t \\ 11+2 t\end{array}\right) \cdot\left(\begin{array}{c}0 \\ 2 \\ -1\end{array}\right)=2(9+t)-1(11+2 t)=7$\\
A1\\
continued...

Question 12 continued

\section*{METHOD 2}
consideration the direction of one line and a point on that line\\
direction $\left(\begin{array}{l}2 \\ 3 \\ 6\end{array}\right) \cdot\left(\begin{array}{c}0 \\ 2 \\ -1\end{array}\right)=0$ AND point $\left(\begin{array}{c}1 \\ 2 \\ -3\end{array}\right) \cdot\left(\begin{array}{c}0 \\ 2 \\ -1\end{array}\right)=7\left(\right.$ or $\left.\left(\begin{array}{l}5 \\ 8 \\ 9\end{array}\right) \cdot\left(\begin{array}{c}0 \\ 2 \\ -1\end{array}\right)=7\right)$\\
direction $\left(\begin{array}{l}4 \\ 1 \\ 2\end{array}\right) \cdot\left(\begin{array}{c}0 \\ 2 \\ -1\end{array}\right)=0$ AND point $\left(\begin{array}{c}9 \\ 9 \\ 11\end{array}\right) \cdot\left(\begin{array}{c}0 \\ 2 \\ -1\end{array}\right)=7\left(\right.$ or $\left.\left(\begin{array}{l}5 \\ 8 \\ 9\end{array}\right) \cdot\left(\begin{array}{c}0 \\ 2 \\ -1\end{array}\right)=7\right)$

\section*{METHOD 3}
consideration of direction of both lines\\
EITHER\\
$\left(\begin{array}{l}2 \\ 3 \\ 6\end{array}\right) \cdot\left(\begin{array}{c}0 \\ 2 \\ -1\end{array}\right)=0$ and $\left(\begin{array}{l}4 \\ 1 \\ 2\end{array}\right) \cdot\left(\begin{array}{c}0 \\ 2 \\ -1\end{array}\right)=0$ (hence $L$ and $M$ are parallel to the plane)\\
OR

$$
\left(\begin{array}{l}
2 \\
3 \\
6
\end{array}\right) \times\left(\begin{array}{l}
4 \\
1 \\
2
\end{array}\right)=\left(\begin{array}{c}
0 \\
20 \\
-10
\end{array}\right)=k\left(\begin{array}{c}
0 \\
2 \\
-1
\end{array}\right) \text { (hence } L \text { and } M \text { are parallel to the plane) }
$$

\section*{THEN}
$$
\left(\begin{array}{l}
5 \\
8 \\
9
\end{array}\right) \cdot\left(\begin{array}{c}
0 \\
2 \\
-1
\end{array}\right)=7 \text { OR }\left(\begin{array}{c}
1 \\
2 \\
-3
\end{array}\right) \cdot\left(\begin{array}{c}
0 \\
2 \\
-1
\end{array}\right)=7 \text { OR }\left(\begin{array}{c}
9 \\
9 \\
11
\end{array}\right) \cdot\left(\begin{array}{c}
0 \\
2 \\
-1
\end{array}\right)=7
$$

Question 12 continued\\
(c) (i) position vector of point on the line is $\left(\boldsymbol{r}=\left(\begin{array}{c}-3 \\ 12 \\ 2\end{array}\right)+\lambda\left(\begin{array}{c}0 \\ 2 \\ -1\end{array}\right)\left(=\left(\begin{array}{c}-3 \\ 12+2 \lambda \\ 2-\lambda\end{array}\right)\right)\right.$\\
attempt to substitute position vector into equation of plane $\Pi$\\
(M1)\\
meets $\Pi$ when $\left(\begin{array}{c}-3 \\ 12+2 \lambda \\ 2-\lambda\end{array}\right) \cdot\left(\begin{array}{c}0 \\ 2 \\ -1\end{array}\right)=7$\\
$2(12+2 \lambda)-(2-\lambda)=7$\\
$22+5 \lambda=7$\\
$\lambda=-3$\\
position vector of $\left(\boldsymbol{r}=\left(\begin{array}{c}-3 \\ 12 \\ 2\end{array}\right)-3\left(\begin{array}{c}0 \\ 2 \\ -1\end{array}\right)=\left(\begin{array}{c}-3 \\ 6 \\ 5\end{array}\right)=\left(\begin{array}{c}-3 \\ 6 \\ 5\end{array}\right)\right.$\\
Note: Accept a row vector and/or coordinates.\\
(ii) METHOD 1\\
attempt to find $\overrightarrow{\mathrm{BC}}$ using $\overrightarrow{\mathrm{OC}}-\overrightarrow{\mathrm{OB}}$\\
$\overrightarrow{\mathrm{BC}}=\overrightarrow{\mathrm{OC}}-\overrightarrow{\mathrm{OB}}=\left(\begin{array}{c}-3 \\ 6 \\ 5\end{array}\right)-\left(\begin{array}{c}-3 \\ 12 \\ 2\end{array}\right)=\left(\begin{array}{c}0 \\ -6 \\ 3\end{array}\right)$\\
attempt to use distance formula to find $|\overrightarrow{\mathrm{BC}}|$

$$
\begin{aligned}
& |\overrightarrow{\mathrm{BC}}|=\sqrt{(-6)^{2}+3^{2}} \\
& =6.71(=\sqrt{45}=3 \sqrt{5})
\end{aligned}
$$

\section*{METHOD 2}
recognition that $|\overrightarrow{\mathrm{BC}}|=3 \times\left(\begin{array}{c}0 \\ 2 \\ -1\end{array}\right)$\\
attempt to use distance formula to find $\left(\begin{array}{c}0 \\ 2 \\ -1\end{array}\right)$


\begin{align*}
& |\overrightarrow{\mathrm{BC}}|=3 \sqrt{2^{2}+(-1)^{2}} \\
& =6.71(=\sqrt{45}=3 \sqrt{5}) \tag{A1}
\end{align*}


\section*{}
continued...

Question 12 continued\\
(d) let $\mathrm{B}^{\prime}$ be the image of B

METHOD 1\\
$\overline{\mathrm{OB}^{\prime}}=\left(\begin{array}{c}-3 \\ 12 \\ 2\end{array}\right)+\mu\left(\begin{array}{c}0 \\ 2 \\ -1\end{array}\right)$\\
recognition that $\mu=2 \lambda(=-6)$ OR $|\mathrm{BC}|=\left|\mathrm{CB}^{\prime}\right|$ (may be seen in a diagram)\\
$\overline{\mathrm{OB}^{\prime}}=\left(\begin{array}{c}-3 \\ 0 \\ 8\end{array}\right)$\\
so coordinates are $\mathrm{B}^{\prime}(-3,0,8)$\\
METHOD 2\\
$\overrightarrow{\mathrm{BC}}=\overrightarrow{\mathrm{CB}^{\prime}}=\left(\begin{array}{c}0 \\ -6 \\ 3\end{array}\right)$\\
Note: This may come from $\overrightarrow{\mathrm{BC}}=-3 \sqrt{5} \boldsymbol{n}$ using the unit normal vector $\boldsymbol{n}=\frac{1}{\sqrt{5}}\left(\begin{array}{c}0 \\ 2 \\ -1\end{array}\right)$\\
$\overrightarrow{\mathrm{OB}^{\prime}}=\overrightarrow{\mathrm{OC}}+\overrightarrow{\mathrm{CB}^{\prime}} \quad$ OR $\quad \overrightarrow{\mathrm{OB}^{\prime}}=\overrightarrow{\mathrm{OB}}+2 \overrightarrow{\mathrm{BC}} \quad$ OR $\quad \overrightarrow{\mathrm{OB}^{\prime}}=2 \overrightarrow{\mathrm{OC}}-\overrightarrow{\mathrm{OB}}$\\
$=\left(\begin{array}{c}-3 \\ 6 \\ 5\end{array}\right)+\left(\begin{array}{c}0 \\ -6 \\ 3\end{array}\right)$ OR $\left(\begin{array}{c}-3 \\ 12 \\ 2\end{array}\right)+2\left(\begin{array}{c}0 \\ -6 \\ 3\end{array}\right)$ OR $\left(\begin{array}{c}-6 \\ 12 \\ 10\end{array}\right)-\left(\begin{array}{c}-3 \\ 12 \\ 2\end{array}\right)$\\
$\overrightarrow{\mathrm{OB}^{\prime}}=\left(\begin{array}{c}-3 \\ 0 \\ 8\end{array}\right)\left(\right.$ so coordinates are $\left.\mathrm{B}^{\prime}(-3,0,8)\right)$
",Calculator Allowed,,,,,,,,,IBDP,,,,,,,,TRUE,2025,
,TRUE,1,7,2021,May,Paper 2,TZ1,"The following table shows the data collected from an experiment.
\begin{center}
\begin{tabular}{|l|l|l|c|c|c|c|c|c|}
\hline$x$ & 3.3 & 6.9 & 11.9 & 13.4 & 17.8 & 19.6 & 21.8 & 25.3 \\
\hline$y$ & 6.3 & 8.1 & 8.4 & 11.6 & 10.3 & 12.9 & 13.1 & 17.3 \\
\hline
\end{tabular}
\end{center}
The data is also represented on the following scatter diagram.
\begin{center}
\includegraphics[scale=0.1,height=8cm]{SV_IBDP_FST_AA HL_May 2021 _Paper 2_TZ1_1.png}
\end{center}
The relationship between $x$ and $y$ can be modelled by the regression line of $y$ on $x$ with equation $y=a x+b$, where $a, b \in \mathbb{R}$.
\begin{parts}
\part[2] Write down the value of $a$ and the value of $b$.
\part[2] Use this model to predict the value of $y$ when $x=18$.
\part[1] Write down the value of $\bar{x}$ and the value of $\bar{y}$.
\part[2] Draw the line of best fit on the scatter diagram.
\end{parts}","Statistics
Bivariate Statistics",4. Statistics and Probability,HL," (a) $a=0.433156 \ldots, b=4.50265 \ldots$


$$
a=0.433, b=4.50
$$

\section*{A1A1}
\\
(b) attempt to substitute $x=18$ into their equation\\
$y=0.433 \times 18+4.50$\\
$=12.2994 \ldots$\\
$=12.3$\\
(c) $\bar{x}=15, \bar{y}=11$\\
(d)\\
\includegraphics[width=0.4\textwidth]{2024_10_08_489fc6f2352a74ad6e22g-08}

Note: Award marks as follows\\
A1 for a straight line going through $(15,11)$\\
A1 for intercepting the y -axis between their $b \pm 1.5$ (when their line is extended), which includes all the data for $3.3 \leq x \leq 25.3$.

If the candidate does not use a ruler, award A0A1 where appropriate.\\",Calculator Allowed,,,,,,,,,IBDP,,,,,,,,TRUE,2025,
,TRUE,2,6,2021,May,Paper 2,TZ1,"A company produces bags of sugar whose masses, in grams, can be modelled by a normal distribution with mean 1000 and standard deviation 3.5. A bag of sugar is rejected for sale if its mass is less than 995 grams.
\begin{parts}
\part[2] Find the probability that a bag selected at random is rejected.
\part[1] Estimate the number of bags which will be rejected from a random sample of 100 bags.
\part[3] Given that a bag is not rejected, find the probability that it has a mass greater than 1005 grams.
\end{parts}",Normal Distribution,4. Statistics and Probability,HL,"Let $X=$ mass of a bag of sugar\\
(a) evidence of identifying the correct area\\
(M1)\\
$\mathrm{P}(X<995)=0.0765637 \ldots$\\
$=0.0766$\\
(b) $0.0766 \times 100$\\
$\approx 8$

Note: Accept 7.66.\\
(c) recognition that $\mathrm{P}(X>1005 \mid X \geq 995)$ is required\\
(M1)\\
$\frac{\mathrm{P}(X \geq 995 \cap X>1005)}{\mathrm{P}(X \geq 995)}$\\
$\frac{\mathrm{P}(X>1005)}{\mathrm{P}(X \geq 995)}$\\
(A1)\\
$\frac{0.07656 \ldots}{1-0.07656 \ldots}\left(=\frac{0.07656 \ldots}{0.9234 \ldots}\right)$\\
$=0.0829$\\",Calculator Allowed,,,,,,,,,IBDP,,,,,,,,TRUE,2025,
,TRUE,3,5,2021,May,Paper 2,TZ1,"A Ferris wheel with diameter 110 metres rotates at a constant speed. The lowest point on the wheel is 10 metres above the ground, as shown on the following diagram. $\mathrm{P}$ is a point on the wheel. The wheel starts moving with $\mathrm{P}$ at the lowest point and completes one revolution in 20 minutes.
\begin{center}
\includegraphics[scale=0.1,height=8cm]{SV_IBDP_FST_AA HL_May 2021 _Paper 2_TZ1_2.png}
\end{center}
The height, $h$ metres, of $\mathrm{P}$ above the ground after $t$ minutes is given by $h(t)=a \cos (b t)+c$, where $a, b, c \in \mathbb{R}$.
Find the values of $a, b$ and $c$.",Trigonometric Functions,3. Geometry and Trigonometry,HL,"Amplitude is $\frac{110}{2}=55$\\
$a=-55 \quad$ A1\\
$c=65 \quad$ A1\\
$\frac{2 \pi}{b}=20$ OR $-55 \cos (20 b)+65=10$\\
$b=\frac{\pi}{10}(=0.314) \quad$ A1\\
Total \\",Calculator Allowed,,,,,,,,,IBDP,,,,,,,,TRUE,2025,
,TRUE,4,6,2021,May,Paper 2,TZ1,"A particle moves in a straight line. The velocity, $v \mathrm{~ms}^{-1}$, of the particle at time $t$ seconds is given by $v(t)=t \sin t-3$, for $0 \leq t \leq 10$.
The following diagram shows the graph of $v$.
\begin{center}
\includegraphics[scale=0.1,height=8cm]{SV_IBDP_FST_AA HL_May 2021 _Paper 2_TZ1_3.png}
\end{center}
\begin{parts}
\part[2] Find the smallest value of $t$ for which the particle is at rest.
\part[2] Find the total distance travelled by the particle.
\part[2] Find the acceleration of the particle when $t=7$.
\end{parts}","Trigonometry
Differential Calculus
Integral Calculus
Kinematics","3. Geometry and Trigonometry
5. Calculus",HL,"(a) recognising $v=0$\\
(M1)

$$
\begin{aligned}
& t=6.74416 \ldots \\
& =6.74(\mathrm{sec})
\end{aligned}
$$

Note: Do not award $\boldsymbol{A 1}$ if additional values are given.\\
(b) $\quad \int_{0}^{10} \mid v(t) \mathrm{d} t$ OR $-\int_{0}^{6.74416 \ldots} v(t) \mathrm{d} t+\int_{6.74416 . . .}^{9.08837 . \ldots} v(t) \mathrm{d} t-\int_{9.08837 . \ldots}^{10} v(t) \mathrm{d} t$\\
(A1)\\
$=37.0968 \ldots$\\
$=37.1(\mathrm{~m})$\\
A1\\
\\
(c) recognising acceleration at $t=7$ is given by $v^{\prime}(7)$\\
(M1)\\
acceleration $=5.93430 \ldots$\\
$=5.93\left(\mathrm{~ms}^{-2}\right)$\\
A1\\
\\
Total ",Calculator Allowed,,,,,,,,,IBDP,,,,,,,,TRUE,2025,
,TRUE,5,5,2021,May,Paper 2,TZ1,"Consider the expansion of $\left(3+x^2\right)^{n+1}$, where $n \in \mathbb{Z}^{+}$.
Given that the coefficient of $x^4$ is 20412 , find the value of $n$.",Binomial Theorem,1. Numbers and Algebra,HL,"\section*{5. METHOD 1}
product of a binomial coefficient, a power of 3 (and a power of $x^{2}$ ) seen evidence of correct term chosen\\
${ }^{n+1} C_{2} \times 3^{n+1-2} \times\left(x^{2}\right)^{2}\left(=\frac{n(n+1)}{2} \times 3^{n-1} \times x^{4}\right)$ OR $n-r=1$\\
equating their coefficient to 20412 or their term to $20412 x^{4}$\\
EITHER\\
${ }^{n+1} C_{2} \times 3^{n-1}=20412$

\section*{OR}
${ }^{r+2} C_{r} \times 3^{r}=20412 \Rightarrow r=6$

\section*{THEN}
$$
n=7
$$

\section*{METHOD 2}
$3^{n+1}\left(1+\frac{x^{2}}{3}\right)^{n+1}$\\
product of a binomial coefficient and a power of $\frac{x^{2}}{3}$ OR $\frac{1}{3}$ seen\\
$3^{n+1} \times{ }^{n+1} C_{2} \times\left(\frac{x^{2}}{3}\right)^{2}\left(=3^{n-1} \frac{n(n+1)}{2} x^{4}\right)$\\
equating their coefficient to 20412 or their term to $20412 x^{4}$\\
$3^{n-1} \times \frac{n(n+1)}{2}=20412$\\
$n=7$",Calculator Allowed,,,,,,,,,IBDP,,,,,,,,TRUE,2025,
,TRUE,6,5,2021,May,Paper 2,TZ1,"Consider the planes $\Pi_1$ and $\Pi_2$ with the following equations.
$$
\begin{aligned}
& \Pi_1: 3 x+2 y+z=6 \\
& \Pi_2: x-2 y+z=4
\end{aligned}
$$
\begin{parts}
\part[3] Find a Cartesian equation of the plane $\Pi_3$ which is perpendicular to $\Pi_1$ and $\Pi_2$ and passes through the origin $(0,0,0)$.
\part[2] Find the coordinates of the point where $\Pi_1, \Pi_2$ and $\Pi_3$ intersect.
\end{parts}",Vectors and Planes,3. Geometry and Trigonometry,HL,"(a) attempt to find a vector perpendicular to $\Pi_{1}$ and $\Pi_{2}$ using a cross product


\begin{align*}
& \left(\begin{array}{l}
3 \\
2 \\
1
\end{array}\right) \times\left(\begin{array}{c}
1 \\
-2 \\
1
\end{array}\right)=(2-(-2)) \boldsymbol{i}+(1-3) \boldsymbol{j}+(-6-2) \boldsymbol{k} \\
& =\left(\begin{array}{c}
4 \\
-2 \\
-8
\end{array}\right)\left(=2\left(\begin{array}{c}
2 \\
-1 \\
-4
\end{array}\right)\right) \tag{A1}
\end{align*}


equation is $4 x-2 y-8 z=0(\Rightarrow 2 x-y-4 z=0)$\\
(b) attempt to solve 3 simultaneous equations in 3 variables $\left(\frac{41}{21},-\frac{10}{21}, \frac{23}{21}\right)(=(1.95,-0.476,1.10))$\\",Calculator Allowed,,,,,,,,,IBDP,,,,,,,,TRUE,2025,
,TRUE,7,7,2021,May,Paper 2,TZ1,"A continuous random variable $X$ has the probability density function $f$ given by
$$
f(x)=\left\{\begin{array}{cl}
\cfrac{x}{\sqrt{\left(x^2+k\right)^3}} & 0 \leq x \leq 4 \\
0 & \text { otherwise }
\end{array}\right.
$$
where $k \in \mathbb{R}^{+}$.
\begin{parts}
\part[5] Show that $\sqrt{16+k}-\sqrt{k}=\sqrt{k} \sqrt{16+k}$.
\part[2] Find the value of $k$.
\end{parts}","Probability
Integral Calculus","4. Statistics and Probability
5. Calculus",HL,"(a) recognition of the need to integrate $\frac{x}{\sqrt{\left(x^{2}+k\right)^{3}}}$\\
$\int \frac{x}{\sqrt{\left(x^{2}+k\right)^{3}}} \mathrm{~d} x(=1)$

\section*{EITHER}
$u=x^{2}+k \Rightarrow \frac{\mathrm{~d} u}{\mathrm{~d} x}=2 x$ (or equivalent)\\
$\int \frac{x}{\sqrt{\left(x^{2}+k\right)^{3}}} \mathrm{~d} x=\frac{1}{2} \int u^{-\frac{3}{2}} \mathrm{~d} u$\\
$=-u^{-\frac{1}{2}}(+c)\left(=-\left(x^{2}+k\right)^{-\frac{1}{2}}(+c)\right)$

\section*{Question 7 continued}
OR


\begin{align*}
& \int \frac{x}{\sqrt{\left(x^{2}+k\right)^{3}}} \mathrm{~d} x=\frac{1}{2} \int \frac{2 x}{\sqrt{\left(x^{2}+k\right)^{3}}} \mathrm{~d} x  \tag{A1}\\
& =-\left(x^{2}+k\right)^{-\frac{1}{2}}(+c) \tag{A1}
\end{align*}


\section*{THEN}
attempt to use correct limits for their integrand and set equal to 1

$$
\begin{aligned}
& {\left[-u^{-\frac{1}{2}}\right]_{k}^{16+k}=1 \text { OR }\left[-\left(x^{2}+k\right)^{-\frac{1}{2}}\right]_{0}^{4}=1} \\
& -(16+k)^{-\frac{1}{2}}+k^{-\frac{1}{2}}=1\left(\Rightarrow \frac{1}{\sqrt{k}}-\frac{1}{\sqrt{16+k}}=1\right) \\
& \sqrt{16+k}-\sqrt{k}=\sqrt{k} \sqrt{16+k}
\end{aligned}
$$

\\
(b) attempt to solve $\sqrt{16+k}-\sqrt{k}=\sqrt{k} \sqrt{16+k}$\\
(M1)\\
$k=0.645038 \ldots$\\
$=0.645$\\
A1\\
\\
Total \\",Calculator Allowed,,,,,,,,,IBDP,,,,,,,,TRUE,2025,
,TRUE,8,7,2021,May,Paper 2,TZ1,"Consider the complex numbers $z=2\left(\cos \cfrac{\pi}{5}+\mathrm{i} \sin \cfrac{\pi}{5}\right)$ and $w=8\left(\cos \cfrac{2 k \pi}{5}-\mathrm{i} \sin \cfrac{2 k \pi}{5}\right)$, where $k \in \mathbb{Z}^{+}$.
\begin{parts}
\part[1] Find the modulus of $z w$.
\part[2] Find the argument of $z w$ in terms of $k$.
Suppose that $z w \in \mathbb{Z}$.
\part[4] \begin{enumerate}[label=(\roman*)]
\item Find the minimum value of $k$.
\item For the value of $k$ found in part (i), find the value of $z w$.
\end{enumerate}
\end{parts}",Complex Numbers,1. Numbers and Algebra,HL,"(a) $(|z w|=) 16$

A1\\
\\
(b) attempt to find $\arg (z)+\arg (w)$\\
$\arg (z w)=\arg (z)+\arg (w)$

$$
=\frac{\pi}{5}-\frac{2 k \pi}{5}\left(=\frac{(1-2 k) \pi}{5}\right)
$$

Question 8 continued\\
(c) (i) $z w \in \mathrm{Z} \Rightarrow \arg (z w)$ is a multiple of $\pi$\\
$\Rightarrow 1-2 k$ is a multiple of 5\\
$k=3$\\
(ii) $\quad z w=16(\cos (-\pi)+\mathrm{i} \sin (-\pi))$\\
$-16$\\",Calculator Allowed,,,,,,,,,IBDP,,,,,,,,TRUE,2025,
,TRUE,9,7,2021,May,Paper 2,TZ1,"Two boats A and B travel due north.
Initially, boat B is positioned 50 metres due east of boat A.
The distances travelled by boat $\mathrm{A}$ and boat $\mathrm{B}$, after $t$ seconds, are $x$ metres and $y$ metres respectively. The angle $\theta$ is the radian measure of the bearing of boat $\mathrm{B}$ from boat $\mathrm{A}$. This information is shown on the following diagram.
\begin{center}
\includegraphics[scale=0.1,height=8cm]{SV_IBDP_FST_AA HL_May 2021 _Paper 2_TZ1_4.png}
\end{center}
\begin{parts}
\part[1] Show that $y=x+50 \cot \theta$.
At time $T$, the following conditions are true.
Boat $\mathrm{B}$ has travelled 10 metres further than boat $\mathrm{A}$.
Boat B is travelling at double the speed of boat $\mathrm{A}$.
The rate of change of the angle $\theta$ is -0.1 radians per second.
\part[6] Find the speed of boat A at time $T$.
\end{parts}","Trigonometry
Differential Calculus
Kinematics","3. Geometry and Trigonometry
5. Calculus",HL,"(a) $\tan \theta=\frac{50}{y-x} \mathrm{OR} \cot \theta=\frac{y-x}{50}$\\
$y=x+50 \cot \theta$\\
Note: $y-x$ may be identified as a length on a diagram, and not written explicitly.\\
(b) attempt to differentiate with respect to $t$\\
$\frac{\mathrm{d} y}{\mathrm{~d} t}=\frac{\mathrm{d} x}{\mathrm{~d} t}-50(\operatorname{cosec} \theta)^{2} \frac{\mathrm{~d} \theta}{\mathrm{~d} t}$\\
attempt to set speed of $B$ equal to double the speed of $A$\\
$2 \frac{\mathrm{~d} x}{\mathrm{~d} t}=\frac{\mathrm{d} x}{\mathrm{~d} t}-50(\operatorname{cosec} \theta)^{2} \frac{\mathrm{~d} \theta}{\mathrm{~d} t}$\\
$\frac{\mathrm{d} x}{\mathrm{~d} t}=-50(\operatorname{cosec} \theta)^{2} \frac{\mathrm{~d} \theta}{\mathrm{~d} t}$\\
$\theta=\arctan 5(=1.373 \ldots=78.69 \ldots \circ)$ OR $\operatorname{cosec}^{2} \theta=1+\cot ^{2} \theta=1+\left(\frac{1}{5}\right)^{2}=\frac{26}{25}$\\
Note: This $\boldsymbol{A 1}$ can be awarded independently of previous marks.\\
$\frac{\mathrm{d} x}{\mathrm{~d} t}=-50\left(\frac{26}{25}\right) \times-0.1$\\
So the speed of boat $A$ is $5.2\left(\mathrm{~ms}^{-1}\right)$\\
A1\\
Note: Accept 5.20 from the use of inexact values.",Calculator Allowed,,,,,,,,,IBDP,,,,,,,,TRUE,2025,
,TRUE,10,15,2021,May,Paper 2,TZ1,"Consider the function $f$ defined by $f(x)=90 \mathrm{e}^{-0.5 x}$ for $x \in \mathbb{R}^{+}$.
The graph of $f$ and the line $y=x$ intersect at point $\mathrm{P}$.
\begin{parts}
\part[2] Find the $x$-coordinate of $\mathrm{P}$.
The line $L$ has a gradient of -1 and is a tangent to the graph of $f$ at the point $\mathrm{Q}$.
\part[4] Find the exact coordinates of $\mathrm{Q}$.
\part[2] Show that the equation of $L$ is $y=-x+2 \ln 45+2$.
The shaded region $A$ is enclosed by the graph of $f$ and the lines $y=x$ and $L$.
\begin{center}
\includegraphics[scale=0.1,height=6cm]{SV_IBDP_FST_AA HL_May 2021 _Paper 2_TZ1_5.png}
\end{center}
\part[5] \begin{enumerate}[label=(\roman*)]
\item Find the $x$-coordinate of the point where $L$ intersects the line $y=x$.
\item Hence, find the area of $A$.
\end{enumerate}
The line $L$ is tangent to the graphs of both $f$ and the inverse function $f^{-1}$.
\begin{center}
\includegraphics[scale=0.1,height=6cm]{SV_IBDP_FST_AA HL_May 2021 _Paper 2_TZ1_6.png}
\end{center}
\part[2] Find the shaded area enclosed by the graphs of $f$ and $f^{-1}$ and the line $L$.
\end{parts}","Exponents and Logs
Linear Functions
Differential Calculus
Integral Calculus","1. Numbers and Algebra
2. Functions
5. Calculus",HL,"\section*{Section B.}
\begin{enumerate}
  \setcounter{enumi}{9}
  \item (a) attempt to find the point of intersection of the graph of $f$ and the line $y=x$\\
$x=5.56619 \ldots$\\
$=5.57$\\
A1\\
(b) $f^{\prime}(x)=-45 \mathrm{e}^{-0.5 x}$\\
attempt to set the gradient of $f$ equal to -1\\
$-45 \mathrm{e}^{-0.5 x}=-1$\\
Q has coordinates $(2 \ln 45,2)$ (accept $\left(-2 \ln \frac{1}{45}, 2\right)$\\
Note: Award $\boldsymbol{A 1}$ for each value, even if the answer is not given as a coordinate pair.\\
Do not accept $\frac{\ln \frac{1}{45}}{-0.5}$ or $\frac{\ln 45}{0.5}$ as a final value for $x$. Do not accept 2.0 or 2.00 as a final value for $y$.\\
\\
(c) attempt to substitute coordinates of Q (in any order) into an appropriate equation
\end{enumerate}

Question 10 continued\\
(d) (i) $x=\ln 45+1(=4.81)$\\
(ii) appropriate method to find the sum of two areas using integrals of the difference of two functions

Note: Allow absent or incorrect limits.

$$
\int_{4.806 \ldots}^{5.566 . \ldots}(x-(-x+2 \ln 45+2)) \mathrm{d} x+\int_{5.566 \ldots}^{7.613 \ldots}\left(90 \mathrm{e}^{-0.5 x}-(-x+2 \ln 45+2)\right) \mathrm{d} x \quad(\text { A1) }(\text { A1 })
$$

Note: Award A1 for one correct integral expression including correct limits and integrand.\\
Award $\boldsymbol{A 1}$ for a second correct integral expression including correct limits and integrand.

$$
\begin{aligned}
& =1.51965 \ldots \\
& =1.52
\end{aligned}
$$

A1\\
\\
(e) by symmetry $2 \times 1.52$\\
(M1)\\
$=3.03930 \ldots$\\
$=3.04$\\
A1\\
Note: Accept any answer that rounds to 3.0 (but do not accept 3).\\",Calculator Allowed,,,,,,,,,IBDP,,,,,,,,TRUE,2025,
,TRUE,11,20,2021,May,Paper 2,TZ1,"The function $f$ is defined by $f(x)=\cfrac{3 x+2}{4 x^2-1}$, for $x \in \mathbb{R}, x \neq p, x \neq q$.
\begin{parts}
\part[2] Find the value of $p$ and the value of $q$.
\part[3] Find an expression for $f^{\prime}(x)$.
The graph of $y=f(x)$ has exactly one point of inflexion.
\part[2] Find the $x$-coordinate of the point of inflexion.
\part[5] Sketch the graph of $y=f(x)$ for $-3 \leq x \leq 3$, showing the values of any axes intercepts, the coordinates of any local maxima and local minima, and giving the equations of any asymptotes.
The function $g$ is defined by $g(x)=\cfrac{4 x^2-1}{3 x+2}$, for $x \in \mathbb{R}, x \neq-\cfrac{2}{3}$.
\part[4] Find the equations of all the asymptotes on the graph of $y=g(x)$.
\part[4] By considering the graph of $y=g(x)-f(x)$, or otherwise, solve $f(x)<g(x)$ for $x \in \mathbb{R}$.
\end{parts}","Rational Functions
Modulus & Inequalities
Differential Calculus","2. Functions
5. Calculus",HL,"(a) attempt to solve $4 x^{2}-1=0$ e.g. by factorising $4 x^{2}-1$\\
(b) attempt to use quotient rule or product rule

\section*{EITHER}
$$
f^{\prime}(x)=\frac{3\left(4 x^{2}-1\right)-8 x(3 x+2)}{\left(4 x^{2}-1\right)^{2}}\left(=\frac{-12 x^{2}-16 x-3}{\left(4 x^{2}-1\right)^{2}}\right)
$$

Note: Award $\boldsymbol{A 1}$ for each term in the numerator with correct signs, provided correct denominator is seen.

OR


\begin{equation*}
f^{\prime}(x)=-8 x(3 x+2)\left(4 x^{2}-1\right)^{-2}+3\left(4 x^{2}-1\right)^{-1} \tag{A1A1}
\end{equation*}


\section*{Note: Award A1 for each term.}
(c) attempt to find the local min point on $y=f^{\prime}(x)$ OR solve $f^{\prime \prime}(x)=0$

$$
x=-1.60
$$

Question 11 continued\\
(d)\\
\includegraphics[width=0.4\textwidth]{2024_10_08_489fc6f2352a74ad6e22g-18}

A1A1A1A1A1\\
Note: Award $\boldsymbol{A 1}$ for both vertical asymptotes with their equations, award $\boldsymbol{A 1}$ for horizontal asymptote with equation, award $\boldsymbol{A} 1$ for each correct branch including asymptotic behaviour, coordinates of minimum and maximum points (may be seen next to the graph) and values of axes intercepts.\\
If vertical asymptotes are absent (or not vertical) and the branches overlap as a consequence, award maximum A0A1A0A1A1.

Question 11 continued\\
e) $x=-\frac{2}{3}(=-0.667)$\\
(oblique asymptote has) gradient $\frac{4}{3}(=1.33)$\\
appropriate method to find complete equation of oblique asymptote

$$
\begin{gathered}
\frac{4}{3} x-\frac{8}{9} \\
3 x + 2 \longdiv { 4 x ^ { 2 } + 0 x - 1 } \\
\frac{4 x^{2}+\frac{8}{3} x}{-\frac{8}{3} x-1} \\
-\frac{8}{3} x-\frac{16}{\frac{9}{7}} \\
y=\frac{4}{3} x-\frac{8}{9}(=1.33 x-0.889)
\end{gathered}
$$

Note: Do not award the final $\boldsymbol{A 1}$ if the answer is not given as an equation.\\
f) attempting to find at least one critical value $(x=-0.568729 \ldots, x=1.31872 \ldots)$ (M1)

$$
-\frac{2}{3}<x<-0.569 \quad \text { OR } \quad-0.5<x<0.5 \quad \text { OR } \quad x>1.32 \quad \text { A1A1A1 }
$$

Note: Only penalize once for use of $\leq$ rather than $<$.\\",Calculator Allowed,,,,,,,,,IBDP,,,,,,,,TRUE,2025,
,TRUE,12,20,2021,May,Paper 2,TZ1,"The function $f$ has a derivative given by $f^{\prime}(x)=\cfrac{1}{x(k-x)}, x \in \mathbb{R}, x \neq 0, x \neq k$ where $k$ is a positive constant.
\begin{parts}
\part[3] The expression for $f^{\prime}(x)$ can be written in the form $\cfrac{a}{x}+\cfrac{b}{k-x}$, where $a, b \in \mathbb{R}$. Find $a$ and $b$ in terms of $k$.
\part[3] Hence, find an expression for $f(x)$.
Consider $P$, the population of a colony of ants, which has an initial value of 1200 .
The rate of change of the population can be modelled by the differential equation $\cfrac{\mathrm{d} P}{\mathrm{~d} t}=\cfrac{P(k-P)}{5 k}$ , where $t$ is the time measured in days, $t \geq 0$, and $k$ is the upper bound for the population.
\part[8] By solving the differential equation, show that $P=\cfrac{1200 k}{(k-1200) \mathrm{e}^{-\frac{t}{5}}+1200}$.\\ At $t=10$ the population of the colony has doubled in size from its initial value.
\part[3] Find the value of $k$, giving your answer correct to four significant figures.
\part[3] Find the value of $t$ when the rate of change of the population is at its maximum.
\end{parts}",Integral Calculus,5. Calculus,HL,"(a) $\frac{1}{x(k-x)} \equiv \frac{a}{x}+\frac{b}{k-x}$\\
$a(k-x)+b x=1$\\
attempt to compare coefficients OR substitute $x=k$ and $x=0$ and solve\\
$a=\frac{1}{k}$ and $b=\frac{1}{k}$\\
A1\\
$f^{\prime}(x)=\frac{1}{k x}+\frac{1}{k(k-x)}$\\
(b) attempt to integrate their $\frac{a}{x}+\frac{b}{k-x}$

$$
\begin{aligned}
& f(x)=\frac{1}{k} \int\left(\frac{1}{x}+\frac{1}{k-x}\right) \mathrm{d} x \\
& =\frac{1}{k}(\ln |x|-\ln |k-x|)(+c)\left(=\frac{1}{k} \ln \left|\frac{x}{k-x}\right|(+c)\right)
\end{aligned}
$$

Note: Award A1 for each correct term. Award A1A0 for a correct answer without modulus signs. Condone the absence of $+c$.\\
continued...

Question 12 continued\\
(c) attempt to separate variables and integrate both sides

M1\\
$5 k \int \frac{1}{P(k-P)} \mathrm{d} P=\int 1 \mathrm{~d} t$\\
$5(\ln P-\ln (k-P))=t+c$\\
A1

Note: There are variations on this which should be accepted, such as\\
$\frac{1}{k}(\ln P-\ln (k-P))=\frac{1}{5 k} t+c$. Subsequent marks for these variations should be awarded as appropriate.

\section*{EITHER}
attempt to substitute $t=0, P=1200$ into an equation involving $c$\\
$c=5(\ln 1200-\ln (k-1200))\left(=5 \ln \left(\frac{1200}{k-1200}\right)\right)$\\
$5(\ln P-\ln (k-P))=t+5(\ln 1200-\ln (k-1200))$\\
$\ln \left(\frac{P(k-1200)}{1200(k-P)}\right)=\frac{t}{5}$\\
$\frac{P(k-1200)}{1200(k-P)}=\mathrm{e}^{\frac{t}{5}}$\\
OR\\
$\ln \left(\frac{P}{k-P}\right)=\frac{t+c}{5}$\\
$\frac{P}{k-P}=A \mathrm{e}^{\frac{t}{5}}$\\
A1\\
attempt to substitute $t=0, P=1200$\\
M1\\
$\frac{1200}{k-1200}=A$\\
A1\\
$\frac{P}{k-P}=\frac{1200 \mathrm{e}^{\frac{t}{5}}}{k-1200}$\\
A1\\
continued...

Question 12 continued\\
THEN\\
attempt to rearrange and isolate $P$\\
M1\\
$P k-1200 P=1200 k \mathrm{e}^{\frac{t}{5}}-1200 P \mathrm{e}^{\frac{t}{5}}$ OR $P k \mathrm{e}^{-\frac{t}{5}}-1200 P \mathrm{e}^{-\frac{t}{5}}=1200 k-1200 P$\\
OR $\frac{k}{P}-1=\frac{k-1200}{1200 \mathrm{e}^{\frac{t}{5}}}$\\
$P\left(k-1200+1200 \mathrm{e}^{\frac{t}{5}}\right)=1200 k \mathrm{e}^{\frac{t}{5}}$ OR $P_{P}\left(k \mathrm{e}^{-\frac{t}{5}}-1200 \mathrm{e}^{-\frac{t}{5}}+1200\right)=1200 k \quad$ A1\\
$P=\frac{1200 k}{(k-1200) \mathrm{e}^{-\frac{t}{5}}+1200}$\\
$A G$\\
\\
(d) attempt to substitute $t=10, P=2400$\\
(M1)\\
$2400=\frac{1200 k}{(k-1200) \mathrm{e}^{-2}+1200}$\\
$k=2845.34 \ldots$\\
$k=2845 \quad$ A1\\
Note: Award (M1)(A1)AO for any other value of $k$ which rounds to 2850\\
\\
(e) attempt to find the maximum of the first derivative graph OR zero\\
of the second derivative graph OR that $P=\frac{k}{2}(=1422.67 \ldots)$\\
(M1)\\
$t=1.57814 \ldots$\\
$=1.58$ (days)\\
A2\\
Note: Accept any value which rounds to 1.6 .",Calculator Allowed,,,,,,,,,IBDP,,,,,,,,TRUE,2025,
,TRUE,1,6,2021,May,Paper 2,TZ2,"At a café, the waiting time between ordering and receiving a cup of coffee is dependent upon the number of customers who have already ordered their coffee and are waiting to receive it.
Sarah, a regular customer, visited the café on five consecutive days. The following table shows the number of customers, $x$, ahead of Sarah who have already ordered and are waiting to receive their coffee and Sarah's waiting time, $y$ minutes.
\begin{center}
\begin{tabular}{|l|c|c|c|c|c|}
\hline Number of customers $(\boldsymbol{x})$ & 3 & 9 & 11 & 10 & 5 \\
\hline Sarah's waiting time (y) & 6 & 10 & 12 & 11 & 6 \\
\hline
\end{tabular}
\end{center}
The relationship between $x$ and $y$ can be modelled by the regression line of $y$ on $x$ with equation $y=a x+b$.
\begin{parts}
\part[3] \begin{enumerate}[label=(\roman*)]
\item Find the value of $a$ and the value of $b$.
\item Write down the value of Pearson's product-moment correlation coefficient, $r$.
\end{enumerate}
\part[1] Interpret, in context, the value of $a$ found in part (a)(i).
On another day, Sarah visits the café to order a coffee. Seven customers have already ordered their coffee and are waiting to receive it.
\part[2] Use the result from part (a)(i) to estimate Sarah's waiting time to receive her coffee.
\end{parts}
}",Bivariate Statistics,4. Statistics and Probability,HL,"(a) (i) $a=0.805084 \ldots$ and $b=2.88135 \ldots$ $a=0.805$ and $b=2.88 \quad$ A1A1\\
(ii) $r=0.97777 \ldots$\\
$r=0.978$\\
A1\\
\\
(b) $a$ represents the (average) increase in waiting time ( 0.805 mins) per additional customer (waiting to receive their coffee)
\end{enumerate}

R1\\
\\
(c) attempt to substitute $x=7$ into their equation\\
(M1)\\
8.51693...\\
8.52 (mins) A1\\",Calculator Allowed,,,,,,,,,IBDP,,,,,,,,TRUE,2025,
,TRUE,2,5,2021,May,Paper 2,TZ2,"An arithmetic sequence has first term 60 and common difference -2.5 .
\begin{parts}
\part[2] Given that the $k$ th term of the sequence is zero, find the value of $k$.
Let $S_n$ denote the sum of the first $n$ terms of the sequence.
\part[3] Find the maximum value of $S_n$.
\end{parts}
}",Sequences and Series,1. Numbers and Algebra,HL,"(a) attempt to use $u_{1}+(n-1) d=0$\\
$60-2.5(k-1)=0$\\
$k=25$\\
A1\\
\\
(b) METHOD 1\\
attempting to express $S_{n}$ in terms of $n$\\
(M1)\\
use of a graph or a table to attempt to find the maximum sum\\
(M1)\\
$=750$\\
A1

\section*{METHOD 2}
\section*{EITHER}
recognizing maximum occurs at $n=25$\\
$S_{25}=\frac{25}{2}(60+0), S_{25}=\frac{25}{2}(2 \times 60+24 \times-2.5)$

\section*{OR}
attempting to calculate $S_{24}$\\
$S_{24}=\frac{24}{2}(2 \times 60+23 \times-2.5)$\\
THEN\\
$=750$\\",Calculator Allowed,,,,,,,,,IBDP,,,,,,,,TRUE,2025,
,TRUE,3,8,2021,May,Paper 2,TZ2,"At a school, $70 \%$ of the students play a sport and $20 \%$ of the students are involved in theatre. $18 \%$ of the students do neither activity.
A student is selected at random.
\begin{parts}
\part[2] Find the probability that the student plays a sport and is involved in theatre.
\part[2] Find the probability that the student is involved in theatre, but does not play a sport.
At the school $48 \%$ of the students are girls, and $25 \%$ of the girls are involved in theatre.
A student is selected at random. Let $G$ be the event ""the student is a girl"" and let $T$ be the event ""the student is involved in theatre"".
\part[2] Find $\mathrm{P}(G \cap T)$.
\part[2] Determine if the events $G$ and $T$ are independent. Justify your answer.
\end{parts}
}",Probability,4. Statistics and Probability,HL,"(a) EITHER


\begin{align*}
& \mathrm{P}(S)+\mathrm{P}(T)+\mathrm{P}\left(S^{\prime} \cap T^{\prime}\right)-\mathrm{P}(S \cap T)=1 \text { OR } \mathrm{P}(S \cup T)=\mathrm{P}\left(\left(S^{\prime} \cap T^{\prime}\right)^{\prime}\right)  \tag{M1}\\
& 0.7+0.2+0.18-\mathrm{P}(S \cap T)=1 \text { OR } \mathrm{P}(S \cup T)=1-0.18
\end{align*}


OR\\
a clearly labelled Venn diagram\\
(M1)\\
THEN\\
$\mathrm{P}(S \cap T)=0.08$ (accept $8 \%$ )\\
A1

Note: To obtain the $\boldsymbol{M 1}$ for the Venn diagram all labels must be correct and in the correct sections. For example, do not accept 0.7 in the area corresponding to $S \cap T^{\prime}$.\\
\\
(b) EITHER\\
$\mathrm{P}\left(T \cap S^{\prime}\right)=\mathrm{P}(T)-\mathrm{P}(T \cap S)(=0.2-0.08)$ OR\\
$\mathrm{P}\left(T \cap S^{\prime}\right)=\mathrm{P}(T \cup S)-\mathrm{P}(S)(=0.82-0.7)$\\
(M1)

OR\\
a clearly labelled Venn diagram including $\mathrm{P}(S), \mathrm{P}(T)$ and $\mathrm{P}(S \cap T)$\\
(M1)\\
THEN\\
$=0.12$ (accept 12\%)\\
A1\\
\\
(c) $\mathrm{P}(G \cap T)=\mathrm{P}(T \mid G) \mathrm{P}(G)(0.25 \times 0.48)$\\
(M1)\\
$=0.12$\\
A1\\
continued...

Question 3 continued\\
(d) METHOD 1

$$
\mathrm{P}(G) \times \mathrm{P}(T)(=0.48 \times 0.2)=0.096
$$A1

$\mathrm{P}(G) \times \mathrm{P}(T) \neq \mathrm{P}(G \cap T) \Rightarrow G$ and $T$ are not independent ..... R1\\
METHOD 2\\
$\mathrm{P}(T \mid G)=0.25$ ..... A1\\
$\mathrm{P}(T \mid G) \neq \mathrm{P}(T) \Rightarrow G$ and $T$ are not independent ..... R1\\
Note: Do not award A0R1.\\",Calculator Allowed,,,,,,,,,IBDP,,,,,,,,TRUE,2025,
,TRUE,4,6,2021,May,Paper 2,TZ2,"The functions $f$ and $g$ are defined for $x \in \mathbb{R}$ by $f(x)=6 x^2-12 x+1$ and $g(x)=-x+c$, where $c \in \mathbb{R}$.
\begin{parts}
\part[2] Find the range of $f$.
\part[4] Given that $(g \circ f)(x) \leq 0$ for all $x \in \mathbb{R}$, determine the set of possible values for $c$.
\end{parts}
}","Properties of Functions
Modulus & Inequalities",2. Functions,HL,"(a) attempting to find the vertex\\
$x=1$ OR $y=-5$ OR $f(x)=6(x-1)^{2}-5$\\
range is $y \geq-5$\\
A1\\
\\
(b) METHOD 1\\
$(g \circ f)(x)=-\left(6 x^{2}-12 x+1\right)+c\left(=-\left(6(x-1)^{2}-5\right)+c\right)$\\
(A1)

EITHER\\
relating to the range of $f$ OR attempting to find $g(-5)$\\
(M1)\\
$5+c \leq 0$\\
OR\\
attempting to find the discriminant of $(g \circ f)(x)$\\
(M1)\\
$144+24(c-1) \leq 0(120+24 c \leq 0)$\\
THEN\\
$c \leq-5$\\
A1\\


\section*{METHOD 2}
vertical reflection followed by vertical shift\\
(M1)\\
new vertex is $(1,5+c)$\\
(A1)\\
$5+c \leq 0$\\
(A1)\\
$c \leq-5$\\",Calculator Allowed,,,,,,,,,IBDP,,,,,,,,TRUE,2025,
,TRUE,5,7,2021,May,Paper 2,TZ2,"All living plants contain an isotope of carbon called carbon-14. When a plant dies, the isotope decays so that the amount of carbon-14 present in the remains of the plant decreases. The time since the death of a plant can be determined by measuring the amount of carbon-14 still present in the remains.
The amount, $A$, of carbon-14 present in a plant $t$ years after its death can be modelled by $A=A_0 \mathrm{e}^{-k t}$ where $t \geq 0$ and $A_0, k$ are positive constants.
At the time of death, a plant is defined to have 100 units of carbon-14.
\begin{parts}
\part[1] Show that $A_0=100$.
The time taken for half the original amount of carbon-14 to decay is known to be 5730 years.
\part[3] Show that $k=\cfrac{\ln 2}{5730}$.
\part[3] Find, correct to the nearest 10 years, the time taken after the plant's death for $25 \%$ of the carbon-14 to decay.
\end{parts}
}",Exponents and Logs,1. Numbers and Algebra,HL,"(a) $100=A_{0} e^{0}$

$$
A_{0}=100
$$

(b) correct substitution of values into exponential equation

$$
50=100 \mathrm{e}^{-5730 k} \text { OR } \mathrm{e}^{-5730 k}=\frac{1}{2}
$$

EITHER

$$
-5730 k=\ln \frac{1}{2}
$$

$\ln \frac{1}{2}=-\ln 2$ OR $-\ln \frac{1}{2}=\ln 2$\\
OR\\
$\mathrm{e}^{5730 k}=2 \quad \boldsymbol{A 1}$\\
$5730 k=\ln 2 \quad$ A1

\section*{THEN}
$k=\frac{\ln 2}{5730}$\\
Note: There are many different ways of showing that $k=\frac{\ln 2}{5730}$ which involve showing different steps. Award full marks for at least two correct algebraic steps seen.\\
\\
(c) if $25 \%$ of the carbon-14 has decayed, $75 \%$ remains ie, 75 units remain


\begin{equation*}
75=100 \mathrm{e}^{-\frac{\ln 2}{5330} t} \tag{A1}
\end{equation*}


\section*{EITHER}
using an appropriate graph to attempt to solve for $t$\\
OR\\
manipulating logs to attempt to solve for $t$\\
$\ln 0.75=-\frac{\ln 2}{5730} t$\\
$t=2378.164 \ldots$\\
THEN\\
$t=2380$ (years) (correct to the nearest 10 years)\\",Calculator Allowed,,,,,,,,,IBDP,,,,,,,,TRUE,2025,
,TRUE,6,6,2021,May,Paper 2,TZ2,"A continuous random variable $X$ has the probability density function $f_n$ given by
$$
f_n(x)=\left\{\begin{array}{cc}
(n+1) x^n, & 0 \leq x \leq 1 \\
0, & \text { otherwise }
\end{array}\right.
$$
where $n \in \mathbb{R}, n \geq 0$.
\begin{parts}
\part[2] Show that $\mathrm{E}(X)=\cfrac{n+1}{n+2}$.
\part[4] Show that $\operatorname{Var}(X)=\cfrac{n+1}{(n+2)^2(n+3)}$.
\end{parts}
}","Probability
Integral Calculus","4. Statistics and Probability
5. Calculus",HL,"(a) $\mathrm{E}(X)=(n+1) \int_{0}^{1} x^{n+1} \mathrm{~d} x$\\
$=(n+1)\left[\frac{x^{n+2}}{n+2}\right]_{0}^{1}$\\
leading to $\mathrm{E}(X)=\frac{n+1}{n+2}$\\
(b) METHOD 1\\
use of $\operatorname{Var}(X)=\mathrm{E}\left(X^{2}\right)-[\mathrm{E}(X)]^{2}$\\
$\operatorname{Var}(X)=(n+1) \int_{0}^{1} x^{n+2} \mathrm{~d} x-\left(\frac{n+1}{n+2}\right)^{2}$\\
$=(n+1)\left[\frac{1}{n+3} x^{n+3}\right]_{0}^{1}-\left(\frac{n+1}{n+2}\right)^{2}$\\
$=\frac{n+1}{n+3}-\left(\frac{n+1}{n+2}\right)^{2}$\\
$=\frac{(n+1)(n+2)^{2}-(n+1)^{2}(n+3)}{(n+2)^{2}(n+3)}$\\
EITHER

$$
=\frac{(n+1)\left(n^{2}+4 n+4-\left(n^{2}+4 n+3\right)\right)}{(n+2)^{2}(n+3)}
$$

OR

$$
=\frac{\left(n^{3}+5 n^{2}+8 n+4\right)-\left(n^{3}+5 n^{2}+7 n+3\right)}{(n+2)^{2}(n+3)}
$$

\section*{THEN}
so $\operatorname{Var}(X)=\frac{n+1}{(n+2)^{2}(n+3)}$

Question 6 continued

\section*{METHOD 2}
$$
\begin{aligned}
& \text { use of } \operatorname{Var}(X)=\mathrm{E}(x-\mathrm{E}(X))^{2} \\
& \operatorname{Var}(X)=(n+1) \int_{0}^{1}\left(x-\frac{n+1}{n+2}\right)^{2} x^{n} \mathrm{~d} x \\
& =(n+1)\left[\frac{1}{n+3} x^{n+3}-\frac{2(n+1)}{(n+2)^{2}} x^{n+2}+\frac{n+1}{(n+2)^{2}} x^{n+1}\right]_{0}^{1} \\
& =\frac{n+1}{n+3}-\left(\frac{n+1}{n+2}\right)^{2} \\
& =\frac{(n+1)\left((n+2)^{2}-(n+1)(n+3)\right)}{(n+2)^{2}(n+3)}
\end{aligned}
$$

\section*{EITHER}
$$
=\frac{(n+1)\left(n^{2}+4 n+4-\left(n^{2}+4 n+3\right)\right)}{(n+2)^{2}(n+3)}
$$

OR

$$
=\frac{\left(n^{3}+5 n^{2}+8 n+4\right)-\left(n^{3}+5 n^{2}+7 n+3\right)}{(n+2)^{2}(n+3)}
$$

\section*{THEN}
so $\operatorname{Var}(X)=\frac{n+1}{(n+2)^{2}(n+3)}$\\",Calculator Allowed,,,,,,,,,IBDP,,,,,,,,TRUE,2025,
,TRUE,7,5,2021,May,Paper 2,TZ2,"Eight runners compete in a race where there are no tied finishes. Andrea and Jack are two of the eight competitors in this race.
Find the total number of possible ways in which the eight runners can finish if Jack finishes
\begin{parts}
\part[2] in the position immediately after Andrea;
\part[3] in any position after Andrea.
\end{parts}
}",Counting Principles,1. Numbers and Algebra,HL,"(a) Jack and Andrea finish in that order (as a unit) so we are considering the arrangement of 7 objects\\
$7!(=5040)$ ways\\
(b) METHOD 1\\
the number of ways that Andrea finishes in front of Jack is equal to the number of ways that Jack finishes in front of Andrea\\
total number of ways is 8 !\\
$\frac{8!}{2}(=20160)$ ways

\section*{METHOD 2}
the other six runners can finish in $6!(=720)$ ways\\
when Andrea finishes first, Jack can finish in 7 different positions\\
when Andrea finishes second, Jack can finish in 6 different positions etc\\
$7+6+5+4+3+2+1(=28)$ ways\\
hence there are $(7+6+5+4+3+2+1) \times 6$ ! ways\\
$28 \times 6!(=20160)$ ways\\",Calculator Allowed,,,,,,,,,IBDP,,,,,,,,TRUE,2025,
,TRUE,8,5,2021,May,Paper 2,TZ2,"Consider $z=\cos \theta+\mathrm{i} \sin \theta$ where $z \in \mathbb{C}, z \neq 1$.
Show that $\operatorname{Re}\left(\cfrac{1+z}{1-z}\right)=0$.",Complex Numbers,1. Numbers and Algebra,HL,"$\frac{1+z}{1-z}=\frac{1+\cos \theta+i \sin \theta}{1-\cos \theta-i \sin \theta}$\\
attempt to use the complex conjugate of their denominator\\
$=\frac{(1+\cos \theta+\mathrm{i} \sin \theta)(1-\cos \theta+\mathrm{i} \sin \theta)}{(1-\cos \theta-\mathrm{i} \sin \theta)(1-\cos \theta+\mathrm{i} \sin \theta)}$\\
$\operatorname{Re}\left(\frac{1+z}{1-z}\right)=\frac{1-\cos ^{2} \theta-\sin ^{2} \theta}{(1-\cos \theta)^{2}+\sin ^{2} \theta}\left(=\frac{1-\cos ^{2} \theta-\sin ^{2} \theta}{2-2 \cos \theta}\right)$\\
Note: Award $\boldsymbol{M} \mathbf{1}$ for expanding the numerator and $\boldsymbol{A 1}$ for a correct numerator. Condone either an incorrect denominator or the absence of a denominator.\\
using $\cos ^{2} \theta+\sin ^{2} \theta=1$ to simplify the numerator\\
$\operatorname{Re}\left(\frac{1+z}{1-z}\right)=0$\\",Calculator Allowed,,,,,,,,,IBDP,,,,,,,,TRUE,2025,
,TRUE,9,8,2021,May,Paper 2,TZ2,"\begin{parts}
\part[1] Write down the first three terms of the binomial expansion of $(1+t)^{-1}$ in ascending powers of $t$.
\part[4] By using the Maclaurin series for $\cos x$ and the result from part (a), show that the Maclaurin series for $\sec x$ up to and including the term in $x^4$ is $1+\cfrac{x^2}{2}+\cfrac{5 x^4}{24}$.
\part[3] By using the Maclaurin series for $\arctan x$ and the result from part (b), find $\lim _{x \rightarrow 0}\left(\cfrac{x \arctan 2 x}{\sec x-1}\right)$.
\end{parts}
}",Maclaurin Series,5. Calculus,HL,"(a) $1-t+t^{2}$

Note: Accept $1,-t$ and $t^{2}$.\\
(b) $\sec x=\frac{1}{1-\frac{x^{2}}{2!}+\frac{x^{4}}{4!}(-\ldots)}\left(=\left(1-\frac{x^{2}}{2!}+\left(\frac{x^{4}}{4!}(-\ldots)\right)\right)^{-1}\right)$


\begin{equation*}
t=\cos x-1 \text { or } \sec x=1-(\cos x-1)+(\cos x-1)^{2} \tag{M1}
\end{equation*}


$$
\begin{aligned}
& =1-\left(-\frac{x^{2}}{2!}+\frac{x^{4}}{4!}(-\ldots)\right)+\left(-\frac{x^{2}}{2!}+\frac{x^{4}}{4!}(-\ldots)\right)^{2} \\
& =1+\frac{x^{2}}{2}-\frac{x^{4}}{24}+\frac{x^{4}}{4}
\end{aligned}
$$

so the Maclaurin series for $\sec x$ up to and including the term in $x^{4}$ is $1+\frac{x^{2}}{2}+\frac{5 x^{4}}{24} \quad$ AG

Note: Condone the absence of ' $\ldots$..\\
(c) $\arctan 2 x=2 x-\frac{(2 x)^{3}}{3}+\ldots$

$$
\begin{aligned}
& \lim _{x \rightarrow 0}\left(\frac{x \arctan 2 x}{\sec x-1}\right)=\lim _{x \rightarrow 0}\left(\frac{x\left(2 x-\frac{(2 x)^{3}}{3}+\ldots\right)}{\left(1+\frac{x^{2}}{2}+\frac{5 x^{4}}{24}\right)-1}\right) \\
& =\lim _{x \rightarrow 0}\left(\frac{2 x^{2}-\frac{8 x^{4}}{3}+\ldots}{\frac{x^{2}}{2}+\frac{5 x^{4}}{24}}\right) \\
& =\lim _{x \rightarrow 0}\left(\frac{2 x^{2}\left(1-\frac{4 x^{2}}{3}\right)}{\frac{x^{2}}{2}\left(1+\frac{5 x^{2}}{12}\right)}\right) \\
& =4
\end{aligned}
$$

Note: Condone missing 'lim' and errors in higher derivatives.",Calculator Allowed,,,,,,,,,IBDP,,,,,,,,TRUE,2025,
,TRUE,10,15,2021,May,Paper 2,TZ2,"The flight times, $T$ minutes, between two cities can be modelled by a normal distribution with a mean of 75 minutes and a standard deviation of $\sigma$ minutes.
\begin{parts}
\part[3] Given that $2 \%$ of the flight times are longer than 82 minutes, find the value of $\sigma$.
\part[2] Find the probability that a randomly selected flight will have a flight time of more than 80 minutes.
\part[4] Given that a flight between the two cities takes longer than 80 minutes, find the probability that it takes less than 82 minutes.
On a particular day, there are 64 flights scheduled between these two cities.
\part[3] Find the expected number of flights that will have a flight time of more than 80 minutes.
\part[3] Find the probability that more than 6 of the flights on this particular day will have a flight time of more than 80 minutes.
\end{parts}
}","Probability
Normal Distribution
Binomial Distribution",4. Statistics and Probability,HL,"(a) use of inverse normal to find $z$-score

$$
\begin{aligned}
& z=2.0537 \ldots \\
& 2.0537 \ldots=\frac{82-75}{\sigma} \\
& \sigma=3.408401 \ldots \\
& \sigma=3.41
\end{aligned}
$$

(b) evidence of identifying the correct area under the normal curve\\
$\mathrm{P}(T>80)=0.0712$\\
(c) recognition that $\mathrm{P}(80<T<82)$ is required

$$
\begin{aligned}
& P(T<82 \mid T>80)=\frac{\mathrm{P}(80<T<82)}{\mathrm{P}(T>80)}=\left(\frac{0.051193 \ldots}{0.071193 \ldots}\right) \\
& =0.719075 \ldots \\
& =0.719
\end{aligned}
$$

Question 10 continued\\
(d) recognition of binomial probability


\begin{align*}
& X \sim \mathrm{~B}(64,0.071193 \ldots) \text { or } \mathrm{E}(X)=64 \times 0.071193 \ldots  \tag{A1}\\
& \mathrm{E}(X)=4.556353 \ldots \\
& \mathrm{E}(X)=4.56 \text { (flights) }
\end{align*}


\\
(e) $\mathrm{P}(X>6)=P(X \geq 7)=1-\mathrm{P}(X \leq 6)$


\begin{align*}
& =1-0.83088 \ldots  \tag{A1}\\
& =0.1691196 \ldots \\
& =0.169
\end{align*}


",Calculator Allowed,,,,,,,,,IBDP,,,,,,,,TRUE,2025,
,TRUE,11,18,2021,May,Paper 2,TZ2,"A function $f$ is defined by $f(x)=\cfrac{k \mathrm{e}^{\frac{x}{2}}}{1+\mathrm{e}^x}$ where $x \in \mathbb{R}, x \geq 0$ and $k \in \mathbb{R}^{+}$.
The region enclosed by the graph of $y=f(x)$, the $x$-axis, the $y$-axis and the line $x=\ln 16$ is rotated $360^{\circ}$ about the $x$-axis to form a solid of revolution.
\begin{parts}
\part[6] Show that the volume of the solid formed is $\cfrac{15 k^2 \pi}{34}$ cubic units.
Pedro wants to make a small bowl with a volume of $300 \mathrm{~cm}^3$ based on the result from part (a). Pedro's design is shown in the following diagrams.
\begin{center}
\includegraphics[scale=0.1,height=6cm]{SV_IBDP_FST_AA HL_May 2021 _Paper 2_TZ2_1.png}
\end{center}
The vertical height of the bowl, $\mathrm{BO}$, is measured along the $x$-axis. The radius of the bowl's top is OA and the radius of the bowl's base is BC. All lengths are measured in $\mathrm{cm}$.
\part[2] Find the value of $k$ that satisfies the requirements of Pedro's design.
\part[4] Find
\begin{enumerate}[label=(\roman*)]
\item $\mathrm{OA}$;
\item $\mathrm{BC}$.
\end{enumerate}
For design purposes, Pedro investigates how the cross-sectional radius of the bowl changes.
\part[6] \begin{enumerate}[label=(\roman*)]
\item By sketching the graph of a suitable derivative of $f$, find where the cross-sectional radius of the bowl is decreasing most rapidly.
\item State the cross-sectional radius of the bowl at this point.
\end{enumerate}
\end{parts}
}","Differential Calculus
Integral Calculus",5. Calculus,HL,"\begin{enumerate}
  \setcounter{enumi}{10}
  \item (a) attempt to use $V=\pi \int_{a}^{b}(f(x))^{2} \mathrm{~d} x$\\
$V=\pi \int_{0}^{\ln 16}\left(\frac{k \mathrm{e}^{\frac{x}{2}}}{1+\mathrm{e}^{x}}\right)^{2} \mathrm{~d} x\left(V=k^{2} \pi \int_{0}^{\ln 16} \frac{\mathrm{e}^{x}}{\left(1+\mathrm{e}^{x}\right)^{2}} \mathrm{~d} x\right)$\\
EITHER\\
applying integration by recognition\\
$=k^{2} \pi\left[-\frac{1}{1+\mathrm{e}^{x}}\right]_{0}^{\ln 16}$\\
OR\\
$u=1+\mathrm{e}^{x} \Rightarrow \mathrm{~d} u=\mathrm{e}^{x} \mathrm{~d} x$\\
attempt to express the integral in terms of $u$\\
when $x=0, u=2$ and when $x=\ln 16, u=17$\\
$V=k^{2} \pi \int_{2}^{17} \frac{1}{u^{2}} \mathrm{~d} u$\\
$=k^{2} \pi\left[-\frac{1}{u}\right]_{2}^{17}$\\
OR\\
$u=\mathrm{e}^{x} \Rightarrow \mathrm{~d} u=\mathrm{e}^{x} \mathrm{~d} x$\\
attempt to express the integral in terms of $u$\\
when $x=0, u=1$ and when $x=\ln 16, u=16$\\
$V=k^{2} \pi \int_{1}^{16} \frac{1}{(1+u)^{2}} \mathrm{~d} u$\\
$=k^{2} \pi\left[-\frac{1}{1+u}\right]_{1}^{16}$\\
Note: Accept equivalent working with indefinite integrals and original limits for $x$. THEN\\
$=k^{2} \pi\left(\frac{1}{2}-\frac{1}{17}\right)$\\
so the volume of the solid formed is $\frac{15 k^{2} \pi}{34}$ cubic units\\
Note: Award (M1)(AO)(MO)(AO)(AO)(A1) when $\frac{15}{34}$ is obtained from GDC
\end{enumerate}

Question 11 continued\\
(b) a valid algebraic or graphical attempt to find $k$

$$
\begin{aligned}
& k^{2}=\frac{300 \times 34}{15 \pi} \\
& k=14.7\left(=2 \sqrt{\frac{170}{\pi}}=\sqrt{\frac{680}{\pi}}\right)\left(\text { as } k \in \mathbb{R}^{+}\right)
\end{aligned}
$$

Note: Candidates may use their GDC numerical solve feature.\\
(c) (i) attempting to find $\mathrm{OA}=f(0)=\frac{k}{2}$

$$
\begin{aligned}
& \text { with } k=14.712 \ldots\left(=2 \sqrt{\frac{170}{\pi}}=\sqrt{\frac{680}{\pi}}\right) \\
& \text { OA }=7.36\left(=\sqrt{\frac{170}{\pi}}\right)
\end{aligned}
$$

(ii) attempting to find $\mathrm{BC}=f(\ln 16)=\frac{4 k}{17}$


\begin{align*}
& \text { with } k=14.712 \ldots\left(=2 \sqrt{\frac{170}{\pi}}=\sqrt{\frac{680}{\pi}}\right)  \tag{M1}\\
& \text { BC }=3.46\left(=\frac{8}{17} \sqrt{\frac{170}{\pi}}=\frac{8 \sqrt{10}}{\sqrt{17 \pi}}\right)
\end{align*}


Question 11 continued\\
(d) (i) EITHER\\
recognising to graph $y=f^{\prime}(x)$\\
Note: Award $\boldsymbol{M 1}$ for attempting to use quotient rule or product rule differentiation.\\
$f^{\prime}(x)=\frac{k \mathrm{e}^{\frac{x}{2}}\left(1-\mathrm{e}^{x}\right)}{2\left(1+\mathrm{e}^{x}\right)^{2}}$\\
\includegraphics[width=0.4\textwidth]{2024_10_08_eed97990170037b070dfg-23}\\
for $x>0$ graph decreasing to the local minimum A1\\
before increasing towards the $x$-axis A1\\
continued...

Question 11 continued\\
OR\\
recognising to graph $y=f^{\prime \prime}(x)$\\
Note: Award $\boldsymbol{M 1}$ for attempting to use quotient rule or product rule differentiation.

$$
f^{\prime \prime}(x)=\frac{k \mathrm{e}^{\frac{x}{2}}\left(\mathrm{e}^{2 x}-6 \mathrm{e}^{x}+1\right)}{4\left(1+\mathrm{e}^{x}\right)^{3}}
$$

\includegraphics[width=0.4\textwidth]{2024_10_08_eed97990170037b070dfg-24}\\
for $x>0$, graph increasing towards and beyond the $x$-intercept\\
recognising $f^{\prime \prime}(x)=0$ for maximum rate

\section*{THEN}
$$
x=1.76(=\ln (2 \sqrt{2}+3))
$$

\section*{Note: Only award $\boldsymbol{A}$ marks if either graph is seen.}
(ii) attempting to find $f(1.76 \ldots)$\\
the cross-sectional radius at this point is $5.20\left(\sqrt{\frac{85}{\pi}}\right)(\mathrm{cm})$\\",Calculator Allowed,,,,,,,,,IBDP,,,,,,,,TRUE,2025,
,TRUE,12,21,2021,May,Paper 2,TZ2,"A function $f$ is defined by $f(x)=\arcsin \left(\cfrac{x^2-1}{x^2+1}\right), x \in \mathbb{R}$.
\begin{parts}
\part[1] Show that $f$ is an even function.
\part[2] By considering limits, show that the graph of $y=f(x)$ has a horizontal asymptote and state its equation.
\part[9] \begin{enumerate}[label=(\roman*)]
\item Show that $f^{\prime}(x)=\cfrac{2 x}{\sqrt{x^2}\left(x^2+1\right)}$ for $x \in \mathbb{R}, x \neq 0$.
\item By using the expression for $f^{\prime}(x)$ and the result $\sqrt{x^2}=|x|$, show that $f$ is decreasing for $x<0$.
\end{enumerate}
A function $g$ is defined by $g(x)=\arcsin \left(\cfrac{x^2-1}{x^2+1}\right), x \in \mathbb{R}, x \geq 0$.
\part[5] Find an expression for $g^{-1}(x)$, justifying your answer.
\part[1] State the domain of $g^{-1}$.
\part[3] Sketch the graph of $y=g^{-1}(x)$, clearly indicating any asymptotes with their equations and stating the values of any axes intercepts.
\end{parts}
}","Properties of Functions
Differential Calculus","2. Functions
5. Calculus",HL,"(a) EITHER

$$
f(-x)=\arcsin \left(\frac{(-x)^{2}-1}{(-x)^{2}+1}\right)=\arcsin \left(\frac{x^{2}-1}{x^{2}+1}\right)=f(x)
$$

\section*{OR}
a sketch graph of $y=f(x)$ with line symmetry in the $y$-axis indicated

\section*{THEN}
so $f(x)$ is an even function\\
AG\\
\\
(b) as $x \rightarrow \pm \infty, f(x) \rightarrow \arcsin 1\left(\rightarrow \frac{\pi}{2}\right)$\\
so the horizontal asymptote is $y=\frac{\pi}{2}$

Question 12 continued\\
(c) (i) attempting to use the quotient rule to find $\frac{\mathrm{d}}{\mathrm{dx}}\left(\frac{x^{2}-1}{x^{2}+1}\right)$\\
$\frac{\mathrm{d}}{\mathrm{d} x}\left(\frac{x^{2}-1}{x^{2}+1}\right)=\frac{2 x\left(x^{2}+1\right)-2 x\left(x^{2}-1\right)}{\left(x^{2}+1\right)^{2}}\left(=\frac{4 x}{\left(x^{2}+1\right)^{2}}\right)$\\
attempting to use the chain rule to find $\frac{\mathrm{d}}{\mathrm{dx}}\left(\arcsin \left(\frac{x^{2}-1}{x^{2}+1}\right)\right)$\\
let $u=\frac{x^{2}-1}{x^{2}+1}$ and so $y=\arcsin u$ and $\frac{\mathrm{d} y}{\mathrm{~d} u}=\frac{1}{\sqrt{1-u^{2}}}$\\
$f^{\prime}(x)=\frac{1}{\sqrt{1-\left(\frac{x^{2}-1}{x^{2}+1}\right)^{2}}} \times \frac{4 x}{\left(x^{2}+1\right)^{2}}$\\
$=\frac{4 x}{\sqrt{\left(x^{2}+1\right)^{2}-\left(x^{2}-1\right)^{2}}} \times \frac{1}{\left(x^{2}+1\right)}$\\
$=\frac{4 x}{\sqrt{4 x^{2}}} \times \frac{1}{\left(x^{2}+1\right)}$\\
$=\frac{2 x}{\sqrt{x^{2}}\left(x^{2}+1\right)}$\\
(ii) $\quad f^{\prime}(x)=\frac{2 x}{|x|\left(x^{2}+1\right)}$

\section*{EITHER}
for $x<0,|x|=-x$\\
so $f^{\prime}(x)=-\frac{2}{x^{2}+1}$\\
OR\\
$|x|>0$ and $x^{2}+1>0$\\
$2 x<0, x<0$\\
THEN\\
$f^{\prime}(x)<0$\\
Note: Award $\boldsymbol{R} \mathbf{1}$ for stating that in $f^{\prime}(x)$, the numerator is negative, and the denominator is positive.

Question 12 continued\\
(d) $x=\arcsin \left(\frac{y^{2}-1}{y^{2}+1}\right)$\\
$\sin x=\frac{y^{2}-1}{y^{2}+1} \Rightarrow y^{2} \sin x+\sin x=y^{2}-1$\\
$y^{2}=\frac{1+\sin x}{1-\sin x}$\\
domain of $g$ is $x \in \mathbb{R}, x \geq 0$ and so the range of $g^{-1}$ must be $y \in \mathbb{R}, y \geq 0$\\
hence the positive root is taken (or the negative root is rejected)\\
Note: The R1 is dependent on the above $\boldsymbol{A 1}$.\\
so $\left(g^{-1}(x)=\right) \sqrt{\frac{1+\sin x}{1-\sin x}}$\\
Note: The final $\boldsymbol{A} \mathbf{1}$ is not dependent on $\boldsymbol{R} \mathbf{1}$ mark.\\
(e) domain is $-\frac{\pi}{2} \leq x<\frac{\pi}{2}$

Note: Accept correct alternative notations, for example, $\left\lfloor-\frac{\pi}{2}, \frac{\pi}{2}\left\lfloor\right.\right.$ or $\left\lfloor-\frac{\pi}{2}, \frac{\pi}{2}\right)$. Accept $[-1.57,1.57[$ if correct to 3 s.f.

Question 12 continued\\
(f)\\
\includegraphics[width=0.4\textwidth]{2024_10_08_eed97990170037b070dfg-28}

Note: A1 for correct domain and correct range and $y$-intercept at $y=1$\\
A1 for asymptotic behaviour $x \rightarrow \frac{\pi}{2}$\\
A1 for $x=\frac{\pi}{2}$\\
Coordinates are not required.\\
Do not accept $x=1.57$ or other inexact values.
",Calculator Allowed,,,,,,,,,IBDP,,,,,,,,TRUE,2025,
,TRUE,1,7,2021,Nov,Paper 2,TZ0,"In Lucy's music academy, eight students took their piano diploma examination and achieved scores out of 150 . For her records, Lucy decided to record the average number of hours per week each student reported practising in the weeks prior to their examination. These results are summarized in the table below.
\begin{center}
\begin{tabular}{|l|c|c|c|c|c|c|c|c|}
\hline $\begin{array}{l}\text { Average weekly practice } \\
\text { time }(h)\end{array}$ & 28 & 13 & 45 & 33 & 17 & 29 & 39 & 36 \\
\hline Diploma score $(D)$ & 115 & 82 & 120 & 116 & 79 & 101 & 110 & 121 \\
\hline
\end{tabular}
\end{center}
\begin{parts}
\part[2] Find Pearson's product-moment correlation coefficient, $r$, for these data.
\part[1] The relationship between the variables can be modelled by the regression equation $D=a h+b$. Write down the value of $a$ and the value of $b$.
\part[2] One of these eight students was disappointed with her result and wished she had practised more. Based on the given data, determine how her score could have been expected to alter had she practised an extra five hours per week.
\part[1] Lucy asserts that the number of hours a student practises has a direct effect on their final diploma result. Comment on the validity of Lucy's assertion.
Lucy suspected that each student had not been practising as much as they reported. In order to compensate for this, Lucy deducted a fixed number of hours per week from each of the students' recorded hours.
\part[1] State how, if at all, the value of $r$ would be affected.
\end{parts}",Bivariate Statistics,4. Statistics and Probability,HL,"(a) use of GDC to give\\
$r=0.883529 \ldots$\\
$r=0.884$\\
Note: Award the (M1) for any correct value of $r, a, b$ or $r^{2}=0.780624 \ldots$ seen in part (a) or part (b).\\
(b) $\quad a=1.36609 \ldots, b=64.5171 \ldots$\\
$a=1.37, b=64.5$\\
(c) attempt to find their difference\\
$5 \times 1.36609 \ldots$ OR 1.36609... $(h+5)+64.5171 \ldots-(1.36609 \ldots h+64.5171 \ldots)$\\
6.83045...\\
$=$ 6.83(6.85 from 1.37)\\
the student could have expected her score to increase by 7 marks.\\
Note: Accept an increase of $6,6.83$ or 6.85 .\\
(d) Lucy is incorrect in suggesting there is a causal relationship.
\end{enumerate}

This might be true, but the data can only indicate a correlation.\\
R1

Note: Accept 'Lucy is incorrect as correlation does not imply causation' or equivalent.\\
(e) no effect",Calculator Allowed,,,,,,,,,IBDP,,,,,,,,TRUE,2025,
,TRUE,2,5,2021,Nov,Paper 2,TZ0,"Consider a triangle $\mathrm{ABC}$, where $\mathrm{AC}=12, \mathrm{CB}=7$ and $\mathrm{BA} \mathrm{A}=25^{\circ}$.
Find the smallest possible perimeter of triangle $\mathrm{ABC}$.",Trigonometry,3. Geometry and Trigonometry,HL,"\section*{2. EITHER}
attempt to use cosine rule\\
$12^{2}+\mathrm{AB}^{2}-2 \times 12 \times \cos 25^{\circ} \times \mathrm{AB}=7^{2}$ OR $\mathrm{AB}^{2}-21.7513 \ldots \mathrm{AB}+95=0$\\
at least one correct value for $A B$\\
$\mathrm{AB}=6.05068 \ldots$ OR $\mathrm{AB}=15.7007 \ldots$\\
using their smaller value for $A B$ to find minimum perimeter\\
$12+7+6.05068 \ldots$\\
OR\\
attempt to use sine rule\\
$\frac{\sin B}{12}=\frac{\sin 25^{\circ}}{7}$ OR $\sin B=0.724488 \ldots$ OR $\hat{B}=133.573 \ldots{ }^{\circ}$ OR $\hat{B}=46.4263 \ldots{ }^{\circ}$\\
at least one correct value for $\hat{C}$\\
$\hat{C}=21.4263 \ldots{ }^{\circ}$ OR $\hat{C}=108.573 \ldots{ }^{\circ}$\\
using their acute value for $\hat{C}$ to find minimum perimeter\\
$12+7+\sqrt{12^{2}+7^{2}-2 \times 12 \times 7 \cos 21.4263 \ldots . .}$ OR $12+7+\frac{7 \sin 21.4263 \ldots{ }^{\circ}}{\sin 25^{\circ}}$\\
THEN\\
25.0506...\\
minimum perimeter $=25.1$.\\",Calculator Allowed,,,,,,,,,IBDP,,,,,,,,TRUE,2025,
,TRUE,3,7,2021,Nov,Paper 2,TZ0,"A factory manufactures lamps. It is known that the probability that a lamp is found to be defective is 0.05 . A random sample of 30 lamps is tested.
\begin{parts}
\part[3] Find the probability that there is at least one defective lamp in the sample.
\part[4] Given that there is at least one defective lamp in the sample, find the probability that there are at most two defective lamps.
\end{parts}","Probability
Binomial Distribution",4. Statistics and Probability,HL,"(a) recognize that the variable has a Binomial distribution\\
$X \sim \mathrm{~B}(30,0.05)$\\
attempt to find $\mathrm{P}(X \geq 1)$\\
$1-\mathrm{P}(X=0)$ OR $1-0.95^{30}$ OR $1-0.214638 \ldots$ OR $0.785361 \ldots$\\
Note: The two $\boldsymbol{M}$ marks are independent of each other.\\
$\mathrm{P}(X \geq 1)=0.785$\\
(b) recognition of conditional probability\\
$\mathrm{P}(X \leq 2 \mid X \geq 1)$ OR $\mathrm{P}($ at most 2 defective $\mid$ at least 1 defective $)$\\
Note: Recognition must be shown in context either in words or symbols but not just $\mathrm{P}(A \mid B)$.\\
$\frac{\mathrm{P}(1 \leq X \leq 2)}{\mathrm{P}(X \geq 1)}$ OR $\frac{\mathrm{P}(X=1)+\mathrm{P}(X=2)}{\mathrm{P}(X \geq 1)}$\\
$\frac{0.597540 \ldots}{0.785361 \ldots}$ OR $\frac{0.812178 \ldots-0.214638 \ldots}{0.785361 \ldots}$ OR $\frac{0.338903 \ldots+0.258636 \ldots}{0.785361 \ldots}$\\
$=0.760847 \ldots$\\
$\mathrm{P}(X \leq 2 \mid X \geq 1)=0.761$\\",Calculator Allowed,,,,,,,,,IBDP,,,,,,,,TRUE,2025,
,TRUE,4,6,2021,Nov,Paper 2,TZ0,"The following diagram shows a semicircle with centre $\mathrm{O}$ and radius $r$. Points $\mathrm{P}, \mathrm{Q}$ and $\mathrm{R}$ lie on the circumference of the circle, such that $\mathrm{PQ}=2 r$ and $\mathrm{ROQ}=\theta$, where $0<\theta<\pi$.
\begin{center}
\includegraphics[scale=0.1,height=6cm]{SV_IBDP_FST_AA HL_November 2021_Paper 2_TZ0_1.png}
\end{center}
\begin{parts}
\part[5] Given that the areas of the two shaded regions are equal, show that $\theta=2 \sin \theta$.
\part[1] Hence determine the value of $\theta$.
\end{parts}","Geometry
Trigonometry",3. Geometry and Trigonometry,HL,"(a) attempt to find the area of either shaded region in terms of $r$ and $\theta$

Note: Do not award $\boldsymbol{M} \mathbf{1}$ if they have only copied from the booklet and not applied to the shaded area.

Area of segment $=\frac{1}{2} r^{2} \theta-\frac{1}{2} r^{2} \sin \theta$\\
Area of triangle $=\frac{1}{2} r^{2} \sin (\pi-\theta)$\\
correct equation in terms of $\theta$ only\\
$\theta-\sin \theta=\sin (\pi-\theta)$\\
$\theta-\sin \theta=\sin \theta$\\
$\theta=2 \sin \theta$\\
Note: Award a maximum of M1A1A0A0A0 if a candidate uses degrees (i.e., $\left.\frac{1}{2} r^{2} \sin \left(180^{\circ}-\theta\right)\right)$, even if later work is correct.

Note: If a candidate directly states that the area of the triangle is $\frac{1}{2} r^{2} \sin \theta$, award a maximum of M1A1AOA1A1.\\
(b) $\theta=1.89549 \ldots$\\
$\theta=1.90$\\
Note: Award $\boldsymbol{A O}$ if there is more than one solution. Award $\boldsymbol{A O}$ for an answer in degrees.\\",Calculator Allowed,,,,,,,,,IBDP,,,,,,,,TRUE,2025,
,TRUE,5,9,2021,Nov,Paper 2,TZ0,"The sum of the first $n$ terms of a geometric sequence is given by $S_n=\sum_{r=1}^n \cfrac{2}{3}\left(\cfrac{7}{8}\right)^r$.
\begin{parts}
\part[2] Find the first term of the sequence, $u_1$.
\part[3] Find $S_{\infty}$.
\part[4] Find the least value of $n$ such that $S_{\infty}-S_n<0.001$.
\end{parts}",Sequences and Series,1. Numbers and Algebra,HL,"(a) $u_{1}=S_{1}=\frac{2}{3} \times \frac{7}{8}$\\
$=\frac{14}{24}\left(=\frac{7}{12}=0.583333 \ldots\right)$\\
(b) $\quad r=\frac{7}{8}(=0.875)$\\
substituting their values for $u_{1}$ and $r$ into $S_{\infty}=\frac{u_{1}}{1-r}$\\
$=\frac{14}{3}(=4.66666 \ldots)$\\
(c) attempt to substitute their values into the inequality or formula for $S_{n}$\\
$\frac{14}{3}-\sum_{r=1}^{n} \frac{2}{3}\left(\frac{7}{8}\right)^{r}<0.001$ OR $S_{n}=\frac{\frac{7}{12}\left(1-\left(\frac{7}{8}\right)^{n}\right)}{\left(1-\frac{7}{8}\right)}$\\
attempt to solve their inequality using a table, graph or logarithms (must be exponential)

Note: Award (MO) if the candidate attempts to solve $S_{\infty}-u_{n}<0.001$.\\
correct critical value or at least one correct crossover value\\
63.2675...OR $S_{\infty}-S_{63}=0.001036 \ldots$ OR $S_{\infty}-S_{64}=0.000906 \ldots$

OR $S_{\infty}-S_{63}-0.001=0.0000363683 \ldots$ OR $S_{\infty}-S_{64}-0.001=-0.0000931777 \ldots$\\
least value is $n=64$\\",Calculator Allowed,,,,,,,,,IBDP,,,,,,,,TRUE,2025,
,TRUE,6,8,2021,Nov,Paper 2,TZ0,"\begin{parts}
\part[2] Prove the identity $(p+q)^3-3 p q(p+q) \equiv p^3+q^3$.
The equation $2 x^2-5 x+1=0$ has two real roots, $\alpha$ and $\beta$.
Consider the equation $x^2+m x+n=0$, where $m, n \in \mathbb{Z}$ and which has roots $\cfrac{1}{\alpha^3}$ and $\cfrac{1}{\beta^3}$.
\part[6] Without solving $2 x^2-5 x+1=0$, determine the values of $m$ and $n$.
\end{parts}","Proofs
Quadratics","1. Numbers and Algebra
2. Functions",HL,"(a) METHOD 1\\
$(p+q)^{3}-3 p q(p+q) \equiv p^{3}+q^{3}$\\
attempts to expand $(p+q)^{3}$\\
$p^{3}+3 p^{2} q+3 p q^{2}+q^{3}$\\
$(p+q)^{3}-3 p q(p+q) \equiv p^{3}+3 p^{2} q+3 p q^{2}+q^{3}-3 p q(p+q)$\\
$\equiv p^{3}+3 p^{2} q+3 p q^{2}+q^{3}-3 p^{2} q-3 p q^{2}$\\
$\equiv p^{3}+q^{3}$\\
Note: Condone the use of equals signs throughout.

\section*{METHOD 2}
$(p+q)^{3}-3 p q(p+q) \equiv p^{3}+q^{3}$\\
attempts to factorise $(p+q)^{3}-3 p q(p+q)$\\
$\equiv(p+q)\left((p+q)^{2}-3 p q\right)\left(\equiv(p+q)\left(p^{2}-p q+q^{2}\right)\right)$\\
$\equiv p^{3}-p^{2} q+p q^{2}+p^{2} q-p q^{2}+q^{3}$\\
$\equiv p^{3}+q^{3}$\\
Note: Condone the use of equals signs throughout.

\section*{METHOD 3}
$$
p^{3}+q^{3} \equiv(p+q)^{3}-3 p q(p+q)
$$

attempts to factorise $p^{3}+q^{3}$\\
$\equiv(p+q)\left(p^{2}-p q+q^{2}\right)$\\
$\equiv(p+q)\left((p+q)^{2}-3 p q\right)$\\
A1\\
$\equiv(p+q)^{3}-3 p q(p+q)$\\
AG\\
Note: Condone the use of the equals sign throughout.\\
(b)

Note: Award a maximum of A1MOAOA1MOAO for $m=-95$ and $n=8$ found by using $\alpha, \beta=\frac{5 \pm \sqrt{17}}{4}(\alpha, \beta=0.219 \ldots, 2.28 \ldots)$.\\
Condone, as appropriate, solutions that state but clearly do not use the values of $\alpha$ and $\beta$.\\
Special case: Award a maximum of A1M1A0A1MOAO for $m=-95$ and $n=8$ obtained by solving simultaneously for $\alpha$ and $\beta$ from product of roots and sum of roots equations.\\
product of roots of $x^{2}-\frac{5}{2} x+\frac{1}{2}=0$\\
$\alpha \beta=\frac{1}{2}$ (seen anywhere)\\
considers $\left(\frac{1}{\alpha^{3}}\right)\left(\frac{1}{\beta^{3}}\right)$ by stating $\frac{1}{(\alpha \beta)^{3}}(=n)$\\
Note: Award $\boldsymbol{M} \mathbf{1}$ for attempting to substitute their value of $\alpha \beta$ into $\frac{1}{(\alpha \beta)^{3}}$.\\
$\frac{1}{(\alpha \beta)^{3}}=\frac{1}{\left(\frac{1}{2}\right)^{3}}$\\
$n=8$\\
sum of roots of $x^{2}-\frac{5}{2} x+\frac{1}{2}=0$\\
$\alpha+\beta=\frac{5}{2}$ (seen anywhere)\\
considers $\frac{1}{\alpha^{3}}+\frac{1}{\beta^{3}}$ by stating $\frac{(\alpha+\beta)^{3}-3 \alpha \beta(\alpha+\beta)}{(\alpha \beta)^{3}}\left(\left(\frac{\alpha+\beta}{\alpha \beta}\right)^{3}-\frac{3(\alpha+\beta)}{(\alpha \beta)^{2}}\right)(=-m)$\\
Note: Award $\boldsymbol{M 1}$ for attempting to substitute their values of $\alpha+\beta$ and $\alpha \beta$ into their expression. Award $M \mathbf{M}$ for use of $(\alpha+\beta)^{3}-3 \alpha \beta(\alpha+\beta)$ only.

$$
=\frac{\left(\frac{5}{2}\right)^{3}-\left(\frac{3}{2}\right)\left(\frac{5}{2}\right)}{\frac{1}{8}}(=125-30=95)
$$

$m=-95$\\
$\left(x^{2}-95 x+8=0\right)$\\",Calculator Allowed,,,,,,,,,IBDP,,,,,,,,TRUE,2025,
,TRUE,7,6,2021,Nov,Paper 2,TZ0,"A continuous random variable $X$ has a probability density function given by
$$
f(x)=\left\{\begin{array}{cc}
\arccos x & 0 \leq x \leq 1 \\
0 & \text { otherwise }
\end{array}\right.
$$
The median of this distribution is $m$.
\begin{parts}
\part[2] Determine the value of $m$.
\part[4] Given that $P(|X-m| \leq a)=0.3$, determine the value of $a$.
\end{parts}","Probability
Integral Calculus","4. Statistics and Probability
5. Calculus",HL,"(a) recognises that $\int_{0}^{m} \arccos x \mathrm{~d} x=0.5$\\
$m \arccos m-\sqrt{1-m^{2}}-(0-\sqrt{1})=0.5$\\
$m=0.360034 \ldots$\\
$m=0.360$\\
(b) METHOD 1\\
attempts to find at least one endpoint (limit) both in terms of $m$ (or their $m$ ) and $a$\\
$\mathrm{P}(m-a \leq X \leq m+a)=0.3$\\
$0.360034 \ldots+a$\\
\includegraphics[width=0.4\textwidth]{2024_10_08_4d28889d64e25c5e9a58g-15}\\
Note: Award (A1) for $\int_{m-a}^{m+a} \arccos x \mathrm{~d} x=0.3$.\\
$\left[x \arccos x-\sqrt{1-x^{2}}\right]_{0.360034 \ldots-a}^{0.360034 \ldots+a}$\\
attempts to solve their equation for $a$\\
Note: The above (M1) is dependent on the first (M1).\\
$a=0.124861 \ldots$\\
$a=0.125$

\section*{METHOD 2}
$\int_{-a}^{a} \arccos |x-0.360034 \ldots| \mathrm{d} x(=0.3)$

Note: Only award (M1) if at least one limit has been translated correctly.

Note: Award (M1)(A1) for $\int_{-a}^{a} \arccos |x-m| \mathrm{d} x$ (= 0.3 ).\\
attempts to solve their equation for $a$

\section*{METHOD 3}
\section*{EITHER}
$\int_{-a}^{a} \arccos (x+0.360034 \ldots) \mathrm{d} x(=0.3)$\\
Note: Only award (M1) if at least one limit has been translated correctly.

Note: Award (M1)(A1) for $\int_{-a}^{a} \arccos (x+m) \mathrm{d} x(=0.3)$.

\section*{OR}
$$
\int_{2(0.360034 . \ldots)-a}^{2(0.360034 . .)+a} \arccos (x-0.360034 \ldots) \mathrm{d} x(=0.3)
$$

Note: Only award (M1) if at least one limit has been translated correctly.

Note: Award (M1)(A1) for $\int_{2 m-a}^{2 m+a} \arccos (x-m) \mathrm{d} x(=0.3)$.

THEN\\
attempts to solve their equation for $a$\\
Note: The above (M1) is dependent on the first (M1).\\
$a=0.124861 \ldots$\\
$a=0.125$\\",Calculator Allowed,,,,,,,,,IBDP,,,,,,,,TRUE,2025,
,TRUE,8,8,2021,Nov,Paper 2,TZ0,"Consider the curve $C$ given by $y=x-x y \ln (x y)$ where $x>0, y>0$.
\begin{parts}
\part[3] Show that $\cfrac{\mathrm{d} y}{\mathrm{~d} x}+\left(x \cfrac{\mathrm{d} y}{\mathrm{~d} x}+y\right)(1+\ln (x y))=1$.
\part[5] Hence find the equation of the tangent to $C$ at the point where $x=1$.
\end{parts}
}",Differential Equations,5. Calculus,HL,"(a) METHOD 1\\
attempts to differentiate implicitly including at least one application of the product rule

$$
\begin{aligned}
& u=x y, v=\ln (x y), \frac{\mathrm{d} u}{\mathrm{~d} x}=x \frac{\mathrm{~d} y}{\mathrm{~d} x}+y, \frac{\mathrm{~d} v}{\mathrm{~d} x}=\left(x \frac{\mathrm{~d} y}{\mathrm{~d} x}+y\right) \frac{1}{x y} \\
& \frac{\mathrm{~d} y}{\mathrm{~d} x}=1-\left[\frac{x y}{x y}\left(x \frac{\mathrm{~d} y}{\mathrm{~d} x}+y\right)+\left(x \frac{\mathrm{~d} y}{\mathrm{~d} x}+y\right) \ln (x y)\right]
\end{aligned}
$$

Note: Award (M1)A1 for implicitly differentiating $y=x(1-y \ln (x y))$ and obtaining

$$
\frac{\mathrm{d} y}{\mathrm{~d} x}=1-\left[\frac{x y}{x y}\left(x \frac{\mathrm{~d} y}{\mathrm{~d} x}+y\right)+x \frac{\mathrm{~d} y}{\mathrm{~d} x} \ln (x y)+y \ln (x y)\right]
$$

$$
\begin{aligned}
& \frac{\mathrm{d} y}{\mathrm{~d} x}=1-\left[\left(x \frac{\mathrm{~d} y}{\mathrm{~d} x}+y\right)+\left(x \frac{\mathrm{~d} y}{\mathrm{~d} x}+y\right) \ln (x y)\right] \\
& \frac{\mathrm{d} y}{\mathrm{~d} x}=1-\left(x \frac{\mathrm{~d} y}{\mathrm{~d} x}+y\right)(1+\ln (x y)) \\
& \frac{\mathrm{d} y}{\mathrm{~d} x}+\left(x \frac{\mathrm{~d} y}{\mathrm{~d} x}+y\right)(1+\ln (x y))=1
\end{aligned}
$$

\section*{METHOD 2}
$y=x-x y \ln x-x y \ln y$\\
attempts to differentiate implicitly including at least one application of the product rule\\
$\frac{\mathrm{d} y}{\mathrm{~d} x}=1-\left(\frac{x y}{x}+\left(x \frac{\mathrm{~d} y}{\mathrm{~d} x}+y\right) \ln x\right)-\left(\frac{x y}{y} \frac{\mathrm{~d} y}{\mathrm{~d} x}+\left(x \frac{\mathrm{~d} y}{\mathrm{~d} x}+y\right) \ln y\right)$\\
or equivalent to the above, for example

$$
\begin{aligned}
& \frac{\mathrm{d} y}{\mathrm{~d} x}=1-\left(x \ln x \frac{\mathrm{~d} y}{\mathrm{~d} x}+(1+\ln x) y\right)-\left(y \ln y+x\left(\ln y \frac{\mathrm{~d} y}{\mathrm{~d} x}+\frac{\mathrm{d} y}{\mathrm{~d} x}\right)\right) \\
& \frac{\mathrm{d} y}{\mathrm{~d} x}=1-x \frac{\mathrm{~d} y}{\mathrm{dx}}(\ln x+\ln y+1)-y(\ln x+\ln y+1)
\end{aligned}
$$

or equivalent to the above, for example

$$
\begin{aligned}
& \frac{\mathrm{d} y}{\mathrm{~d} x}=1-x \frac{\mathrm{~d} y}{\mathrm{~d} x}(\ln (x y)+1)-y(\ln (x y)+1) \\
& \frac{\mathrm{d} y}{\mathrm{~d} x}+\left(x \frac{\mathrm{~d} y}{\mathrm{~d} x}+y\right)(1+\ln (x y))=1
\end{aligned}
$$

\section*{METHOD 3}
attempt to differentiate implicitly including at least one application of the product rule\\
$u=x \ln (x y), v=y, \frac{\mathrm{~d} u}{\mathrm{~d} x}=\ln (x y)+\left(x \frac{\mathrm{~d} y}{\mathrm{~d} x}+y\right) \frac{x}{x y}, \frac{\mathrm{~d} v}{\mathrm{~d} x}=\frac{\mathrm{d} y}{\mathrm{~d} x}$

$$
\frac{\mathrm{d} y}{\mathrm{~d} x}=1-\left(x \frac{\mathrm{~d} y}{\mathrm{~d} x} \ln (x y)+y \ln (x y)+\frac{x y}{x y}\left(x \frac{\mathrm{~d} y}{\mathrm{~d} x}+y\right)\right)
$$

$$
\frac{\mathrm{d} y}{\mathrm{~d} x}=1-x \frac{\mathrm{~d} y}{\mathrm{~d} x}(\ln (x y)+1)-y(\ln (x y)+1)
$$

$$
\frac{\mathrm{d} y}{\mathrm{~d} x}+\left(x \frac{\mathrm{~d} y}{\mathrm{~d} x}+y\right)(1+\ln (x y))=1
$$

\section*{METHOD 4}
lets $w=x y$ and attempts to find $\frac{\mathrm{d} y}{\mathrm{~d} x}$ where $y=x-w \ln w$

$$
\begin{aligned}
& \frac{\mathrm{d} y}{\mathrm{~d} x}=1-\left(\frac{\mathrm{d} w}{\mathrm{~d} x}+\frac{\mathrm{d} w}{\mathrm{~d} x} \ln w\right)\left(=1-\frac{\mathrm{d} w}{\mathrm{~d} x}(1+\ln w)\right) \\
& \frac{\mathrm{d} w}{\mathrm{~d} x}=x \frac{\mathrm{~d} y}{\mathrm{~d} x}+y \\
& \frac{\mathrm{~d} y}{\mathrm{~d} x}=1-\left(x \frac{\mathrm{~d} y}{\mathrm{~d} x}+y+\left(x \frac{\mathrm{~d} y}{\mathrm{~d} x}+y\right) \ln (x y)\right)\left(=1-\left(x \frac{\mathrm{~d} y}{\mathrm{~d} x}+y\right)(1+\ln (x y))\right) \\
& \frac{\mathrm{d} y}{\mathrm{~d} x}+\left(x \frac{\mathrm{~d} y}{\mathrm{~d} x}+y\right)(1+\ln (x y))=1
\end{aligned}
$$

\section*{(b) METHOD 1}
substitutes $x=1$ into $y=x-x y \ln (x y)$\\
$y=1-y \ln y \Rightarrow y=1$\\
substitutes $x=1$ and their non-zero value of $y$ into $\frac{\mathrm{d} y}{\mathrm{~d} x}+\left(x \frac{\mathrm{~d} y}{\mathrm{~d} x}+y\right)(1+\ln (x y))=1$\\
$2 \frac{\mathrm{~d} y}{\mathrm{~d} x}=0\left(\frac{\mathrm{~d} y}{\mathrm{~d} x}=0\right)$\\
equation of the tangent is $y=1$

\section*{METHOD 2}
substitutes $x=1$ into $\frac{\mathrm{d} y}{\mathrm{~d} x}+\left(x \frac{\mathrm{~d} y}{\mathrm{~d} x}+y\right)(1+\ln (x y))=1$\\
$\frac{\mathrm{d} y}{\mathrm{~d} x}+\left(\frac{\mathrm{d} y}{\mathrm{~d} x}+y\right)(1+\ln (y))=1$\\
EITHER\\
correctly substitutes $\ln y=\frac{1-y}{y}$ into $\frac{\mathrm{d} y}{\mathrm{~d} x}+\left(\frac{\mathrm{d} y}{\mathrm{~d} x}+y\right)(1+\ln (y))=1$\\
$\frac{\mathrm{d} y}{\mathrm{~d} x}\left(1+\frac{1}{y}\right)=0 \Rightarrow \frac{\mathrm{~d} y}{\mathrm{~d} x}=0(y=1)$\\
OR\\
correctly substitutes $y+y \ln y=1$ into $\frac{\mathrm{d} y}{\mathrm{~d} x}+\left(\frac{\mathrm{d} y}{\mathrm{~d} x}+y\right)(1+\ln (y))=1$


\begin{equation*}
\frac{\mathrm{d} y}{\mathrm{~d} x}(2+\ln y)=0 \Rightarrow \frac{\mathrm{~d} y}{\mathrm{~d} x}=0 \quad(y=1) \tag{A1}
\end{equation*}


\section*{THEN}
substitutes $x=1$ into $y=x-x y \ln (x y)$\\
$y=1-y \ln y \Rightarrow y=1$\\
equation of the tangent is $y=1$",Calculator Allowed,,,,,,,,,IBDP,,,,,,,,TRUE,2025,
,TRUE,9,15,2021,Nov,Paper 2,TZ0,"The height of water, in metres, in Dungeness harbour is modelled by the function $H(t)=a \sin (b(t-c))+d$, where $t$ is the number of hours after midnight, and $a, b, c$ and $d$ are constants, where $a>0, b>0$ and $c>0$.
The following graph shows the height of the water for 13 hours, starting at midnight.
\begin{center}
\includegraphics[scale=0.1,height=6cm]{SV_IBDP_FST_AA HL_November 2021_Paper 2_TZ0_2.png}
\end{center}
The first high tide occurs at 04:30 and the next high tide occurs 12 hours later. Throughout the day, the height of the water fluctuates between $2.2 \mathrm{~m}$ and $6.8 \mathrm{~m}$.
All heights are given correct to one decimal place.
\begin{parts}
\part[1] Show that $b=\cfrac{\pi}{6}$.
\part[2] Find the value of $a$.
\part[2] Find the value of $d$.
\part[3] Find the smallest possible value of $c$.
\part[2] Find the height of the water at 12:00.
\part[3] Determine the number of hours, over a 24-hour period, for which the tide is higher than 5 metres.
A fisherman notes that the water height at nearby Folkestone harbour follows the same sinusoidal pattern as that of Dungeness harbour, with the exception that high tides (and low tides) occur 50 minutes earlier than at Dungeness.
\part[2] Find a suitable equation that may be used to model the tidal height of water at Folkestone harbour.
\end{parts}",Trigonometric Functions,3. Geometry and Trigonometry,HL,"(a) $12=\frac{2 \pi}{b}$ OR $b=\frac{2 \pi}{12} \quad$ A1

$$
b=\frac{\pi}{6}
$$

(b) $\quad a=\frac{6.8-2.2}{2}$ OR $a=\frac{\max -\min }{2}$\\
(c) $d=\frac{6.8+2.2}{2}$ OR $d=\frac{\max +\min }{2}$\\
$=4.5(\mathrm{~m})$

Question 9 continued.

\section*{(d) METHOD 1}
substituting $t=4.5$ and $H=6.8$ for example into their equation for $H$\\
$6.8=2.3 \sin \left(\frac{\pi}{6}(4.5-c)\right)+4.5$\\
attempt to solve their equation\\
$c=1.5$

\section*{METHOD 2}
using horizontal translation of $\frac{12}{4}$\\
$4.5-c=3$\\
$c=1.5$

\section*{METHOD 3}

\begin{equation*}
H^{\prime}(t)=(2.3)\left(\frac{\pi}{6}\right) \cos \left(\frac{\pi}{6}(t-c)\right) \tag{A1}
\end{equation*}


attempts to solve their $H^{\prime}(4.5)=0$ for $c$\\
(2.3) $\left(\frac{\pi}{6}\right) \cos \left(\frac{\pi}{6}(4.5-c)\right)=0$\\
$c=1.5$\\
(e) attempt to find $H$ when $t=12$ or $t=0$, graphically or algebraically

Question 9 continued.\\
(f) attempt to solve $5=2.3 \sin \left(\frac{\pi}{6}(t-1.5)\right)+4.5$\\
times are $t=1.91852 \ldots$ and $t=7.08147 \ldots,(t=13.9185 \ldots, t=19.0814 \ldots)$\\
total time is $2 \times(7.081 \ldots-1.919 \ldots)$\\
10.3258...\\
$=10.3$ (hours)\\
Note: Accept 10.\\
(g) METHOD 1\\
substitutes $t=\frac{11}{3}$ and $H=6.8$ into their equation for $H$ and attempts to solve for $c$\\
$6.8=2.3 \sin \left(\frac{\pi}{6}\left(\frac{11}{3}-c\right)\right)+4.5 \Rightarrow c=\frac{2}{3}$\\
$H(t)=2.3 \sin \left(\frac{\pi}{6}\left(t-\frac{2}{3}\right)\right)+4.5$

\section*{METHOD 2}
uses their horizontal translation $\left(\frac{12}{4}=3\right)$\\
$\frac{11}{3}-c=3 \Rightarrow c=\frac{2}{3}$\\
$H(t)=2.3 \sin \left(\frac{\pi}{6}\left(t-\frac{2}{3}\right)\right)+4.5$\\",Calculator Allowed,,,,,,,,,IBDP,,,,,,,,TRUE,2025,
,TRUE,10,18,2021,Nov,Paper 2,TZ0,"Consider the function $f(x)=\cfrac{x^2-x-12}{2 x-15}, x \in \mathbb{R}, x \neq \cfrac{15}{2}$.
\begin{parts}
\part[3] Find the coordinates where the graph of $f$ crosses the
\begin{enumerate}[label=(\roman*)]
\item $x$-axis;
\item $y$-axis.
\end{enumerate}
\part[1] Write down the equation of the vertical asymptote of the graph of $f$.
\part[4] The oblique asymptote of the graph of $f$ can be written as $y=a x+b$ where $a, b \in \mathbb{Q}$. Find the value of $a$ and the value of $b$.
\part[3] Sketch the graph of $f$ for $-30 \leq x \leq 30$, clearly indicating the points of intersection with each axis and any asymptotes.
\part[7] \begin{enumerate}[label=(\roman*)]
\item Express $\cfrac{1}{f(x)}$ in partial fractions.
\item Hence find the exact value of $\int_0^3 \cfrac{1}{f(x)} \mathrm{d} x$, expressing your answer as a single logarithm.
\end{enumerate}
\end{parts}","Rational Functions
Integral Calculus","2. Functions
5. Calculus",HL,"(a) (i)attempts to solve $x^{2}-x-12=0$\\
(ii) $\left(0, \frac{4}{5}\right)$\\
(b) $\quad x=\frac{15}{2}$

Note: Award $A 0$ for $x \neq \frac{15}{2}$.\\
Award $\boldsymbol{A} \mathbf{1}$ in part (b), if $x=\frac{15}{2}$ is seen on their graph in part (d).\\
(c) METHOD 1\\
$(a x+b)(2 x-15) \equiv x^{2}-x-12$\\
attempts to expand $(a x+b)(2 x-15)$\\
$2 a x^{2}-15 a x+2 b x-15 b \equiv x^{2}-x-12$\\
$a=\frac{1}{2}$\\
equates coefficients of $x$\\
$-1=-\frac{15}{2}+2 b$\\
$b=\frac{13}{4}$\\
$\left(y=\frac{x}{2}+\frac{13}{4}\right)$

\section*{METHOD 2}
attempts division on $\frac{x^{2}-x-12}{2 x-15}$\\
$\frac{x}{2}+\frac{13}{4}+\ldots$\\
$a=\frac{1}{2}$\\
$b=\frac{13}{4}$\\
$\left(y=\frac{x}{2}+\frac{13}{4}\right)$

\section*{METHOD 3}
$$
a=\frac{1}{2}
$$

$\frac{x^{2}-x-12}{2 x-15} \equiv \frac{x}{2}+b+\frac{c}{2 x-15}$\\
$x^{2}-x-12 \equiv \frac{(2 x-15) x}{2}+(2 x-15) b+c$\\
equates coefficients of $x$ :\\
$-1=-\frac{15}{2}+2 b$\\
$b=\frac{13}{4}$\\
$\left(y=\frac{x}{2}+\frac{13}{4}\right)$

\section*{METHOD 4}
attempts division on $\frac{x^{2}-x-12}{2 x-15}$\\
$\frac{x^{2}-x-12}{2 x-15}=\frac{x}{2}+\frac{\frac{13 x}{2}-12}{2 x-15}$\\
$a=\frac{1}{2}$\\
$\frac{\frac{13 x}{2}-12}{2 x-15}=\frac{13}{4}+\ldots$\\
M1\\
$b=\frac{13}{4}$\\
A1\\
$\left(y=\frac{x}{2}+\frac{13}{4}\right)$\\
(d)\\
\includegraphics[width=0.4\textwidth]{2024_10_08_4d28889d64e25c5e9a58g-26}\\
two branches with approximately correct shape ( for $-30 \leq x \leq 30$ ) A1\\
their vertical and oblique asymptotes in approximately correct positions with both branches showing correct asymptotic behaviour to these asymptotes\\
their axes intercepts in approximately the correct positions

Note: Points of intersection with the axes and the equations of asymptotes are not required to be labelled.\\
(e) (i) attempts to split into partial fractions:\\
$\frac{2 x-15}{(x+3)(x-4)} \equiv \frac{A}{x+3}+\frac{B}{x-4}$\\
$2 x-15 \equiv A(x-4)+B(x+3)$\\
$A=3$\\
$B=-1$\\
$\left(\frac{3}{x+3}-\frac{1}{x-4}\right)$\\
(ii) $\int_{0}^{3}\left(\frac{3}{x+3}-\frac{1}{x-4}\right) \mathrm{d} x$\\
attempts to integrate and obtains two terms involving 'In'

$$
=[3 \ln |x+3|-\ln |x-4|]_{0}^{3}
$$

$=3 \ln 6-\ln 1-3 \ln 3+\ln 4$\\
$=3 \ln 2+\ln 4(=\ln 8+\ln 4)$\\
$=\ln 32(=5 \ln 2)$\\
Note: The final $\boldsymbol{A 1}$ is dependent on the previous two $\boldsymbol{A}$ marks.\\",Calculator Allowed,,,,,,,,,IBDP,,,,,,,,TRUE,2025,
,TRUE,11,21,2021,Nov,Paper 2,TZ0,"Three points $\mathrm{A}(3,0,0), \mathrm{B}(0,-2,0)$ and $\mathrm{C}(1,1,-7)$ lie on the plane $\Pi_1$.
\begin{parts}
\part[7] \begin{enumerate}[label=(\roman*)]
\item Find the vector $\overrightarrow{\mathrm{AB}}$ and the vector $\overrightarrow{\mathrm{AC}}$.
\item Hence find the equation of $\Pi_1$, expressing your answer in the form $a x+b y+c z=d$, where $a, b, c, d \in \mathbb{Z}$.
\end{enumerate}
Plane $\Pi_2$ has equation $3 x-y+2 z=2$.
\part[2] The line $L$ is the intersection of $\Pi_1$ and $\Pi_2$. Verify that the vector equation of $L$ can be written as $\boldsymbol{r}=\left(\begin{array}{c}0 \\ -2 \\ 0\end{array}\right)+\lambda\left(\begin{array}{c}1 \\ 1 \\ -1\end{array}\right)$.
\part[3] The plane $\Pi_3$ is given by $2 x-2 z=3$. The line $L$ and the plane $\Pi_3$ intersect at the point $\mathrm{P}$.
\begin{enumerate}[label=(\roman*)]
\item Show that at the point $\mathrm{P}, \lambda=\cfrac{3}{4}$.
\item Hence find the coordinates of $P$.
\end{enumerate}
\part[9] The point $\mathrm{B}(0,-2,0)$ lies on $L$.
\begin{enumerate}[label=(\roman*)]
\item Find the reflection of the point $\mathrm{B}$ in the plane $\Pi_3$.
\item Hence find the vector equation of the line formed when $L$ is reflected in the plane $\Pi_3$.
\end{enumerate}
\end{parts}
}",Vectors and Planes,3. Geometry and Trigonometry,HL,"(a) (i) attempts to find either $\overrightarrow{A B}$ or $\overrightarrow{A C}$\\
$\overrightarrow{\mathrm{AB}}=\left(\begin{array}{c}-3 \\ -2 \\ 0\end{array}\right)$ and $\overrightarrow{\mathrm{AC}}=\left(\begin{array}{c}-2 \\ 1 \\ -7\end{array}\right)$\\
(ii) METHOD 1\\
attempts to find $\overrightarrow{A B} \times \overrightarrow{A C}$\\
$\overrightarrow{\mathrm{AB}} \times \overrightarrow{\mathrm{AC}}=\left(\begin{array}{c}14 \\ -21 \\ -7\end{array}\right)$

\section*{EITHER}
equation of plane is of the form $14 x-21 y-7 z=d(2 x-3 y-z=d)$\\
substitutes a valid point e.g $(3,0,0)$ to obtain a value of $d$\\
$d=42(d=6)$\\
OR\\
attempts to use $\boldsymbol{r} \cdot \boldsymbol{n}=\boldsymbol{a} \cdot \boldsymbol{n}$\\
$\boldsymbol{r} \cdot\left(\begin{array}{c}14 \\ -21 \\ -7\end{array}\right)=\left(\begin{array}{l}3 \\ 0 \\ 0\end{array}\right) \cdot\left(\begin{array}{c}14 \\ -21 \\ -7\end{array}\right)\left(\boldsymbol{r} \cdot\left(\begin{array}{c}14 \\ -21 \\ -7\end{array}\right)=42\right)$\\
$\boldsymbol{r} \cdot\left(\begin{array}{c}2 \\ -3 \\ -1\end{array}\right)=\left(\begin{array}{l}3 \\ 0 \\ 0\end{array}\right) \cdot\left(\begin{array}{c}2 \\ -3 \\ -1\end{array}\right)\left(\boldsymbol{r} \cdot\left(\begin{array}{c}2 \\ -3 \\ -1\end{array}\right)=6\right)$

\section*{THEN}
$14 x-21 y-7 z=42(2 x-3 y-z=6)$

\section*{METHOD 2}
equation of plane is of the form $\left(\begin{array}{l}x \\ y \\ z\end{array}\right)=\left(\begin{array}{l}3 \\ 0 \\ 0\end{array}\right)+s\left(\begin{array}{c}-3 \\ -2 \\ 0\end{array}\right)+t\left(\begin{array}{c}-2 \\ 1 \\ -7\end{array}\right)$\\
attempts to form equations for $x, y, z$ in terms of their parameters\\
eliminates at least one of their parameters\\
for example, $2 x-3 y=6-7 t(\Rightarrow 2 x-3 y=6+z)$\\
$2 x-3 y-z=6$\\
(b) METHOD 1\\
substitutes $\boldsymbol{r}=\left(\begin{array}{c}0 \\ -2 \\ 0\end{array}\right)+\lambda\left(\begin{array}{c}1 \\ 1 \\ -1\end{array}\right)$ into their $\Pi_{1}$ and $\Pi_{2}$ (given)\\
$\Pi_{1}: 2 \lambda-3(-2+\lambda)-(-\lambda)=6$ and $\Pi_{2}: 3 \lambda-(-2+\lambda)+2(-\lambda)=2$\\
Note: Award (M1)AO for correct verification using a specific value of $\lambda$.\\
so the vector equation of $L$ can be written as $\boldsymbol{r}=\left(\begin{array}{c}0 \\ -2 \\ 0\end{array}\right)+\lambda\left(\begin{array}{c}1 \\ 1 \\ -1\end{array}\right)$

\section*{METHOD 2}
\section*{EITHER}
attempts to find $\left(\begin{array}{c}2 \\ -3 \\ -1\end{array}\right) \times\left(\begin{array}{c}3 \\ -1 \\ 2\end{array}\right)$\\
$=\left(\begin{array}{c}-7 \\ -7 \\ 7\end{array}\right)$\\
OR

$$
\left(\begin{array}{c}
2 \\
-3 \\
-1
\end{array}\right) \cdot\left(\begin{array}{c}
1 \\
1 \\
-1
\end{array}\right)=(2-3+1)=0 \text { and }\left(\begin{array}{c}
3 \\
-1 \\
2
\end{array}\right) \cdot\left(\begin{array}{c}
1 \\
1 \\
-1
\end{array}\right)=(3-1-2)=0
$$

\section*{THEN}
substitutes $(0,-2,0)$ into $\Pi_{1}$ and $\Pi_{2}$\\
$\Pi_{1}: 2(0)-3(-2)-(0)=6$ and $\Pi_{2}: 3(0)-(-2)+2(0)=2$\\
so the vector equation of $L$ can be written as $r=\left(\begin{array}{c}0 \\ -2 \\ 0\end{array}\right)+\lambda\left(\begin{array}{c}1 \\ 1 \\ -1\end{array}\right)$

\section*{METHOD 3}
attempts to solve $2 x-3 y-z=6$ and $3 x-y+2 z=2$\\
for example, $x=-\lambda, y=-2-\lambda, z=\lambda$

Note: Award $\boldsymbol{A 1}$ for substituting $x=0$ (or $y=-2$ or $z=0$ ) into $\Pi_{1}$ and $\Pi_{2}$ and solving simultaneously. For example, solving $-3 y-z=6$ and $-y+2 z=2$ to obtain $y=-2$ and $z=0$.\\
so the vector equation of $L$ can be written as $\boldsymbol{r}=\left(\begin{array}{c}0 \\ -2 \\ 0\end{array}\right)+\lambda\left(\begin{array}{c}1 \\ 1 \\ -1\end{array}\right)$\\
(c) (i) substitutes the equation of $L$ into the equation of $\Pi_{3}$\\
$2 \lambda+2 \lambda=3 \Rightarrow 4 \lambda=3$\\
$\lambda=\frac{3}{4}$\\
(ii) P has coordinates $\left(\frac{3}{4},-\frac{5}{4},-\frac{3}{4}\right)$\\
(d) (i) normal to $\Pi_{3}$ is $\boldsymbol{n}=\left(\begin{array}{c}2 \\ 0 \\ -2\end{array}\right)$

Note: May be seen or used anywhere.\\
considers the line normal to $\Pi_{3}$ passing through $\mathrm{B}(0,-2,0)$\\
$\boldsymbol{r}=\left(\begin{array}{c}0 \\ -2 \\ 0\end{array}\right)+\mu\left(\begin{array}{c}2 \\ 0 \\ -2\end{array}\right)$

\section*{EITHER}
finding the point on the normal line that intersects $\Pi_{3}$\\
attempts to solve simultaneously with plane $2 x-2 z=3$\\
$4 \mu+4 \mu=3$\\
$\mu=\frac{3}{8}$\\
point is $\left(\frac{3}{4},-2,-\frac{3}{4}\right)$

OR\\
$\left(\left(\begin{array}{c}2 \mu \\ -2 \\ -2 \mu\end{array}\right)-\left(\begin{array}{c}\frac{3}{4} \\ -\frac{5}{4} \\ -\frac{3}{4}\end{array}\right)\right) \cdot\left(\begin{array}{c}2 \\ 0 \\ -2\end{array}\right)=0$\\
$4 \mu-\frac{3}{2}+4 \mu-\frac{3}{2}=0$\\
$\mu=\frac{3}{8}$\\
OR\\
attempts to find the equation of the plane parallel to $\Pi_{3}$ containing $\mathrm{B}^{\prime}(x-z=3)$ and\\
solve simultaneously with $L$\\
$2 \mu^{\prime}+2 \mu^{\prime}=3$\\
$\mu^{\prime}=\frac{3}{4}$

\section*{THEN}
so, another point on the reflected line is given by\\
$\boldsymbol{r}=\left(\begin{array}{c}0 \\ -2 \\ 0\end{array}\right)+\frac{3}{4}\left(\begin{array}{c}2 \\ 0 \\ -2\end{array}\right)$\\
$\Rightarrow \mathrm{B}^{\prime}\left(\frac{3}{2},-2,-\frac{3}{2}\right)$

\section*{(ii) EITHER}
attempts to find the direction vector of the reflected line using their P and $\mathrm{B}^{\prime}$ (M1)\\
$\overrightarrow{\mathrm{PB}^{\prime}}=\left(\begin{array}{c}\frac{3}{4} \\ -\frac{3}{4} \\ -\frac{3}{4}\end{array}\right)$\\
OR\\
attempts to find their direction vector of the reflected line using a vector approach\\
$\overrightarrow{\mathrm{PB}^{\prime}}=\overrightarrow{\mathrm{PB}}+\overrightarrow{\mathrm{BB}^{\prime}}=-\frac{3}{4}\left(\begin{array}{c}1 \\ 1 \\ -1\end{array}\right)+\frac{3}{2}\left(\begin{array}{c}1 \\ 0 \\ -1\end{array}\right)$

\section*{THEN}
$\boldsymbol{r}=\left(\begin{array}{c}\frac{3}{2} \\ -2 \\ -\frac{3}{2}\end{array}\right)+\lambda\left(\begin{array}{c}\frac{3}{4} \\ -\frac{3}{4} \\ -\frac{3}{4}\end{array}\right)$ (or equivalent)

Note: Award $\boldsymbol{A} \boldsymbol{O}$ for either ' $\boldsymbol{r}=$ ' or ' $\left(\begin{array}{l}x \\ y \\ z\end{array}\right)=$ ' not stated. Award $\boldsymbol{A} \boldsymbol{O}$ for ' $L$ ' ='.

",Calculator Allowed,,,,,,,,,IBDP,,,,,,,,TRUE,2025,
,TRUE,1,4,2022,May,Paper 2,TZ1,"The number of hours spent exercising each week by a group of students is shown in the following table.
\begin{center}
\begin{tabular}{|c|c|}
\hline $\begin{array}{c}\text { Exercising time } \\
\text { (in hours) }\end{array}$ & $\begin{array}{c}\text { Number of } \\
\text { students }\end{array}$ \\
\hline 2 & 5 \\
\hline 3 & 1 \\
\hline 4 & 4 \\
\hline 5 & 3 \\
\hline 6 & $x$ \\
\hline
\end{tabular}
\end{center}
The median is 4.5 hours.
\begin{parts}
\part[2] Find the value of $x$.
\part[2] Find the standard deviation.
\end{parts}",Statistics,4. Statistics and Probability,HL,"(a) EITHER\\
recognising that half the total frequency is 10 (may be seen in an ordered list or indicated on the frequency table)
\end{enumerate}

OR\\
$5+1+4=3+x$\\
OR\\
$\sum f=20$

\section*{THEN}

\begin{equation*}
x=7 \tag{A1}
\end{equation*}


Question 1 continued\\
(b) METHOD 1\\
$1.58429 \ldots$\\
1.58

METHOD 2\\
EITHER\\
$\sigma^{2}=\frac{5 \times(2-4.3)^{2}+1 \times(3-4.3)^{2}+4 \times(4-4.3)^{2}+3 \times(5-4.3)^{2}+7 \times(6-4.3)^{2}}{20}(=2.51)$

OR\\
$\sigma^{2}=\frac{5 \times 2^{2}+1 \times 3^{2}+4 \times 4^{2}+3 \times 5^{2}+7 \times 6^{2}}{20}-4.3^{2}(=2.51)$

\section*{THEN}
$\sigma=\sqrt{2.51}=1.58429 \ldots$\\
$=1.58$\\",Calculator Allowed,,,,,,,,,IBDP,,,,,,,,TRUE,2025,
,TRUE,2,6,2022,May,Paper 2,TZ1,"A company is designing a new logo. The logo is created by removing two equal segments from a rectangle, as shown in the following diagram.
\begin{center}
\includegraphics[scale=0.1,height=6cm]{SV_IBDP_FST_AA HL_May 2022_Paper 2_TZ1_1.png}
\end{center}
The rectangle measures $5 \mathrm{~cm}$ by $4 \mathrm{~cm}$. The points $\mathrm{A}$ and $\mathrm{B}$ lie on a circle, with centre $\mathrm{O}$ and radius $2 \mathrm{~cm}$, such that $\mathrm{A\widehat{O}B}=\theta$, where $0<\theta<\pi$. This information is shown in the following diagram.
\begin{center}
\includegraphics[scale=0.1,height=6cm]{SV_IBDP_FST_AA HL_May 2022_Paper 2_TZ1_2.png}
\end{center}
\begin{parts}
\part[3] Find the area of one of the shaded segments in terms of $\theta$.
\part[3] Given that the area of the logo is $13.4 \mathrm{~cm}^2$, find the value of $\theta$.
\end{parts}","Geometry
Trigonometry",3. Geometry and Trigonometry,HL,"(a) valid approach to find area of segment by finding area of sector - area of triangle\\
$\frac{1}{2} r^{2} \theta-\frac{1}{2} r^{2} \sin \theta$\\
$\frac{1}{2}(2)^{2} \theta-\frac{1}{2}(2)^{2} \sin \theta$\\
area $=2 \theta-2 \sin \theta$\\
(b) EITHER\\
area of logo $=$ area of rectangle - area of segments\\
$5 \times 4-2 \times(2 \theta-2 \sin \theta)=13.4$\\
OR\\
area of one segment $=\frac{20-13.4}{2}(=3.3)$\\
$2 \theta-2 \sin \theta=3.3$

\section*{THEN}
$\theta=2.35672 \ldots$\\
$\theta=2.36$ (do not accept an answer in degrees)\\
Note: Award (M1)(A1)A0 if there is more than one solution.\\
Award (M1)(A1FT)AO if the candidate works in degrees and obtains a final answer of $135.030 \ldots$\\",Calculator Allowed,,,,,,,,,IBDP,,,,,,,,TRUE,2025,
,TRUE,3,6,2022,May,Paper 2,TZ1,"A discrete random variable, $X$, has the following probability distribution:
\begin{center}
\begin{tabular}{|c|c|c|c|c|}
\hline$x$ & 0 & 1 & 2 & 3 \\
\hline $\mathrm{P}(X=x)$ & 0.41 & $k-0.28$ & 0.46 & $0.29-2 k^2$ \\
\hline
\end{tabular}
\end{center}
\begin{parts}
\part[1] Show that $2 k^2-k+0.12=0$.
\part[3] Find the value of $k$, giving a reason for your answer.
\part[2] Hence, find $\mathrm{E}(X)$.
\end{parts}",Probability,4. Statistics and Probability,HL,"(a) $0.41+k-0.28+0.46+0.29-2 k^{2}=1 \mathrm{OR} k-2 k^{2}+0.01=0.13$ (or equivalent) A1 $2 k^{2}-k+0.12=0$ AG\\
\\
(b) one of 0.2 OR 0.3\\
(M1)\\
$k=0.3$\\
A1\\
reasoning to reject $k=0.2$ eg $\mathrm{P}(1)=k-0.28 \geq 0$ therefore $k \neq 0.2$ R1\\
\\
(c) attempting to use the expected value formula\\
$\mathrm{E}(X)=0 \times 0.41+1 \times(0.3-0.28)+2 \times 0.46+3 \times\left(0.29-2 \times 0.3^{2}\right)$\\
$=1.27$\\
A1\\
Note: Award M1A0 if additional values are given.\\
\\
Total \\",Calculator Allowed,,,,,,,,,IBDP,,,,,,,,TRUE,2025,
,TRUE,4,7,2022,May,Paper 2,TZ1,"A particle moves along a straight line so that its velocity, $v \mathrm{~m} \mathrm{~s}^{-1}$, after $t$ seconds is given by $v(t)=\mathrm{e}^{\sin t}+4 \sin t$ for $0 \leq t \leq 6$.
\begin{parts}
\part[2] Find the value of $t$ when the particle is at rest.
\part[3] Find the acceleration of the particle when it changes direction.
\part[2] Find the total distance travelled by the particle.
\end{parts}","Differential Calculus
Integral Calculus
Kinematics",5. Calculus,HL,"(a) recognizing at rest $v=0$\\
$t=3.34692 \ldots$\\
$t=3.35$ (seconds)\\
Note: Award (M1)AO for any other solution to $v=0$ eg $t=-0.205$ or $t=6.08$.\\
(b) recognizing particle changes direction when $v=0$ OR when $t=3.34692 \ldots$


\begin{equation*}
a=-4.71\left(\mathrm{~ms}^{-2}\right) \tag{A2}
\end{equation*}


(c) distance travelled $=\int_{0}^{6}|v| \mathrm{d} t$ OR


\begin{align*}
& \int_{0}^{3.34 \ldots}\left(\mathrm{e}^{\sin (t)}+4 \sin (t)\right) \mathrm{d} t-\int_{3.34 . . .}^{6}\left(\mathrm{e}^{\sin (t)}+4 \sin (t)\right) \mathrm{d} t(=14.3104 \ldots+6.44300 \ldots)  \tag{A1}\\
= & 20.7534 \ldots \\
= & 20.8 \text { (metres) }
\end{align*}",Calculator Allowed,,,,,,,,,IBDP,,,,,,,,TRUE,2025,
,TRUE,5,6,2022,May,Paper 2,TZ1,"Let $A$ and $B$ be two independent events such that $\mathrm{P}\left(A \cap B^{\prime}\right)=0.16$ and $\mathrm{P}\left(A^{\prime} \cap B\right)=0.36$.
\begin{parts}
\part[4] Given that $\mathrm{P}(A \cap B)=x$, find the value of $x$.
\part[2] Find $\mathrm{P}\left(A^{\prime} \mid B^{\prime}\right)$.
\end{parts}",Probability,4. Statistics and Probability,HL,"(a) METHOD 1
\end{enumerate}

\section*{EITHER}
one of $\mathrm{P}(A)=x+0.16$ OR $\mathrm{P}(B)=x+0.36$\\
OR\\
\includegraphics[width=0.4\textwidth]{2024_10_08_d9e15b94994efd817e0eg-13}

\section*{THEN}
attempt to equate their $\mathrm{P}(A \cap B)$ with their expression for $\mathrm{P}(A) \times \mathrm{P}(B)$\\
$\mathrm{P}(A \cap B)=\mathrm{P}(A) \times \mathrm{P}(B) \Rightarrow x=(x+0.16) \times(x+0.36)$\\
$x=0.24$

\section*{METHOD 2}
attempt to form at least one equation in $\mathrm{P}(A)$ and $\mathrm{P}(B)$ using independence\\
$\left(\mathrm{P}\left(A \cap B^{\prime}\right)=\mathrm{P}(A) \times \mathrm{P}\left(B^{\prime}\right) \Rightarrow\right) \mathrm{P}(A) \times(1-\mathrm{P}(B))=0.16 \mathrm{OR}$\\
$\left(\mathrm{P}\left(A^{\prime} \cap B\right)=\mathrm{P}\left(A^{\prime}\right) \times \mathrm{P}(B) \Rightarrow\right)(1-\mathrm{P}(A)) \times \mathrm{P}(B)=0.36$\\
$\mathrm{P}(A)=0.4$ AND $\mathrm{P}(B)=0.6$\\
A1\\
$\mathrm{P}(A \cap B)=\mathrm{P}(A) \times \mathrm{P}(B)=0.4 \times 0.6$\\
$x=0.24$

Question 5 continued\\
(b) METHOD 1\\
recognising $\mathrm{P}\left(A^{\prime} \mid B^{\prime}\right)=\mathrm{P}\left(A^{\prime}\right)$\\
$=1-0.16-0.24$\\
$=0.6$

METHOD 2


\begin{align*}
& \mathrm{P}(B)=0.36+0.24(=0.6) \\
& \mathrm{P}\left(A^{\prime} \mid B^{\prime}\right)=\frac{\mathrm{P}\left(A^{\prime} \cap B^{\prime}\right)}{\mathrm{P}\left(B^{\prime}\right)}\left(=\frac{0.24}{0.4}\right)  \tag{A1}\\
& =0.6
\end{align*}",Calculator Allowed,,,,,,,,,IBDP,,,,,,,,TRUE,2025,
,TRUE,6,6,2022,May,Paper 2,TZ1,"Consider the function $f(x)=2^x-\cfrac{1}{2^x}, x \in \mathbb{R}$.
\begin{parts}
\part[2] Show that $f$ is an odd function.
The function $g$ is given by $g(x)=\cfrac{x-1}{x^2-2 x-3}$, where $x \in \mathbb{R}, x \neq-1, x \neq 3$.
\part[4] Solve the inequality $f(x) \geq g(x)$.
\end{parts}","Properties of Functions
Rational Functions
Modulus & Inequalities",2. Functions,HL,"(a) attempt to replace $x$ with $-x$ M1\\
$f(-x)=2^{-x}-\frac{1}{2^{-x}}$\\
EITHER\\
$=\frac{1}{2^{x}}-2^{x}=-f(x)$
\end{enumerate}

\section*{OR}
$=-\left(2^{x}-\frac{1}{2^{x}}\right)(=-f(x))$\\
Note: Award M1AO for a graphical approach including evidence that either the graph is invariant after rotation by $180^{\circ}$ about the origin or the graph is invariant after a reflection in the $y$-axis and then in the $x$-axis (or vice versa).\\
so $f$ is an odd function\\
(b) attempt to find at least one intersection point\\
$x=-1.26686 \ldots, x=0.177935 \ldots, x=3.06167 \ldots$\\
$x=-1.27, x=0.178, x=3.06$\\
$-1.27 \leq x<-1$,\\
$0.178 \leq x<3$,\\
$x \geq 3.06$\\",Calculator Allowed,,,,,,,,,IBDP,,,,,,,,TRUE,2025,
,TRUE,7,9,2022,May,Paper 2,TZ1,"Consider the vectors $\boldsymbol{a}$ and $\boldsymbol{b}$ such that $\boldsymbol{a}=\left(\begin{array}{c}12 \\ -5\end{array}\right)$ and $|\boldsymbol{b}|=15$.
\begin{parts}
\part[2] Find the possible range of values for $|\boldsymbol{a}+\boldsymbol{b}|$.
Consider the vector $\boldsymbol{p}$ such that $\boldsymbol{p}=\boldsymbol{a}+\boldsymbol{b}$.
\part[2] Given that $|\boldsymbol{a}+\boldsymbol{b}|$ is a minimum, find $\boldsymbol{p}$.
Consider the vector $\boldsymbol{q}$ such that $\boldsymbol{q}=\left(\begin{array}{l}x \\ y\end{array}\right)$, where $x, y \in \mathbb{R}^{+}$.
\part[5] Find $\boldsymbol{q}$ such that $|\boldsymbol{q}|=|\boldsymbol{b}|$ and $\boldsymbol{q}$ is perpendicular to $\boldsymbol{a}$.
\end{parts}",Vectors and Planes,3. Geometry and Trigonometry,HL,"(a) $|\boldsymbol{a}|=\sqrt{12^{2}+(-5)^{2}}(=13)$\\
$2 \leq|\boldsymbol{a}+\boldsymbol{b}| \leq 28$ (accept min 2 and max 28)\\
Note: Award (A1)AO for 2 and 28 seen with no indication that they are the endpoints of an interval.\\
(b) recognition that $\boldsymbol{p}$ or $\boldsymbol{b}$ is a negative multiple of $\boldsymbol{a}$\\
$\boldsymbol{p}=-2 \hat{\boldsymbol{a}}$ OR $\boldsymbol{b}=-\frac{15}{13} \boldsymbol{a}\left(=-\frac{15}{13}\binom{12}{-5}\right)$\\
$\boldsymbol{p}=-\frac{2}{13}\binom{12}{-5}\left(=\binom{-1.85}{0.769}\right)$\\
(c) METHOD 1\\
$\boldsymbol{q}$ is perpendicular to $\binom{12}{-5}$\\
$\Rightarrow \boldsymbol{q}$ is in the direction $\binom{5}{12}$\\
$\boldsymbol{q}=k\binom{5}{12}$\\
$(|\boldsymbol{q}|=) \sqrt{(5 k)^{2}+(12 k)^{2}}=15$\\
$k=\frac{15}{13}$\\
$\boldsymbol{q}=\frac{15}{13}\binom{5}{12}\left(=\binom{\frac{75}{13}}{\frac{180}{13}}=\binom{5.77}{13.8}\right)$

Question 7 continued

\section*{METHOD 2}
$\boldsymbol{q}$ is perpendicular to $\binom{12}{-5}$\\
attempt to set scalar product q. $\boldsymbol{a}=0$ OR product of gradients $=-1$\\
$12 x-5 y=0$\\
$(|\boldsymbol{q}|=) \sqrt{x^{2}+y^{2}}=15$\\
attempt to solve simultaneously to find a quadratic in $x$ or in $y$

$$
\begin{aligned}
& x^{2}+\left(\frac{12 x}{5}\right)^{2}=15^{2} \text { OR }\left(\frac{5 y}{12}\right)^{2}+y^{2}=15^{2} \\
& \boldsymbol{q}=\binom{\frac{75}{13}}{\frac{180}{13}}\left(=\binom{5.77}{13.8}\right)
\end{aligned}
$$

A1A1

Note: Award $\boldsymbol{A 1}$ independently for each value. Accept values given as $x=\frac{75}{13}$\\
and $y=\frac{180}{13}$ or equivalent.\\",Calculator Allowed,,,,,,,,,IBDP,,,,,,,,TRUE,2025,
,TRUE,8,4,2022,May,Paper 2,TZ1,"Consider the equation $k x^2-(k+3) x+2 k+9=0$, where $k \in \mathbb{R}$.
\begin{parts}
\part[1] Write down an expression for the product of the roots, in terms of $k$.
\part[3] Hence or otherwise, determine the values of $k$ such that the equation has one positive and one negative real root.
\end{parts}",Quadratics,2. Functions,HL,"(a) product of roots $=\frac{2 k+9}{k}$\\
(b) recognition that the product of the roots will be negative\\
$\frac{2 k+9}{k}<0$\\
critical values $k=0,-\frac{9}{2}$ seen\\
$-\frac{9}{2}<k<0$\\
\\
Total \\",Calculator Allowed,,,,,,,,,IBDP,,,,,,,,TRUE,2025,
,TRUE,9,7,2022,May,Paper 2,TZ1,"Mary, three female friends, and her brother, Peter, attend the theatre. In the theatre there is a row of 10 empty seats. For the first half of the show, they decide to sit next to each other in this row.
\begin{parts}
\part[3] Find the number of ways these five people can be seated in this row.
For the second half of the show, they return to the same row of 10 empty seats. The four girls decide to sit at least one seat apart from Peter. The four girls do not have to sit next to each other.
\part[4] Find the number of ways these five people can now be seated in this row.
\end{parts}
}",Counting Principles,1. Numbers and Algebra,HL,"(a) $6 \times 5$ !\\
$=720$ ( accept $6!)$\\
(b) METHOD 1\\
(Peter apart from girls, in an end seat) ${ }^{8} P_{4}(=1680)$ OR\\
(Peter apart from girls, not in end seat) ${ }^{7} P_{4}(=840)$\\
case 1: Peter at either end\\
$2 \times{ }^{8} P_{4}(=3360)$ OR $2 \times{ }^{8} C_{4} \times 4!(=3360)$\\
case 2: Peter not at the end\\
$8 \times{ }^{7} P_{4}(=6720)$ OR $8 \times{ }^{7} C_{4} \times 4!(=6720)$\\
Total number of ways $=3360+6720$\\
$=10080$

\section*{METHOD 2}
(Peter next to girl, in an end seat) $4 \times{ }^{8} P_{3}(=1344)$ OR\\
(Peter next to one girl, not in end seat) $2 \times 4 \times{ }^{7} P_{3}(=1680)$ OR\\
(Peter next to two girls, not in end seat) $4 \times 3 \times{ }^{7} P_{2}(=504)$\\
case 1: Peter at either end\\
$2 \times 4 \times{ }^{8} P_{3}(=2688)$\\
case 2: Peter not at the end\\
$8\left(2 \times 4 \times{ }^{7} P_{3}+4 \times 3 \times{ }^{7} P_{2}\right)(=17472)$\\
Total number of ways $={ }^{10} P_{5}-(2688+17472)$\\
$=10080$",Calculator Allowed,,,,,,,,,IBDP,,,,,,,,TRUE,2025,
,TRUE,10,20,2022,May,Paper 2,TZ1,"Consider the function $f(x)=\sqrt{x^2-1}$, where $1 \leq x \leq 2$.
\begin{parts}
\part[2] Sketch the curve $y=f(x)$, clearly indicating the coordinates of the endpoints.
\part[5] \begin{enumerate}[label=(\roman*)]
\item Show that the inverse function of $f$ is given by $f^{-1}(x)=\sqrt{x^2+1}$.
\item State the domain and range of $f^{-1}$.
\end{enumerate}
The curve $y=f(x)$ is rotated $2 \pi$ about the $y$-axis to form a solid of revolution that is used to model a water container.
\part[5] \begin{enumerate}[label=(\roman*)]
\item Show that the volume, $V \mathrm{~m}^3$, of water in the container when it is filled to a height of $h$ metres is given by $V=\pi\left(\cfrac{1}{3} h^3+h\right)$.
\item Hence, determine the maximum volume of the container.
\end{enumerate}
At $t=0$, the container is empty. Water is then added to the container at a constant rate of $0.4 \mathrm{~m}^3 \mathrm{~s}^{-1}$.
\part[2] Find the time it takes to fill the container to its maximum volume.
\part[6] Find the rate of change of the height of the water when the container is filled to half its maximum volume.
\end{parts}","Properties of Functions
Differential Calculus
Integral Calculus","2. Functions
5. Calculus",HL,"(a) \includegraphics[width=0.4\textwidth]{2024_10_08_d9e15b94994efd817e0eg-20}\\
correct shape (concave down) within the given domain $1 \leq x \leq 2$\\
$(1,0)$ and $(2, \sqrt{3})(=(2,1.73))$\\
Note: The coordinates of endpoints may be seen on the graph or marked on the axes.
\end{enumerate}

Question 10 continued\\
(b) (i) interchanging $x$ and $y$ (seen anywhere)\\
$x=\sqrt{y^{2}-1}$\\
$x^{2}=y^{2}-1$ A1\\
$y=\sqrt{x^{2}+1}$ A1\\
$f^{-1}(x)=\sqrt{x^{2}+1}$\\
(ii) $0 \leq x \leq \sqrt{3}$ OR domain $[0, \sqrt{3}](=[0,1.73]) \quad$ A1\\
$1 \leq y \leq 2$ OR $1 \leq f^{-1}(x) \leq 2$ OR range $[1,2] \quad$ A1\\
\\
continued...

Question 10 continued\\
(c) (i) attempt to substitute $x=\sqrt{y^{2}+1}$ into the correct volume formula

$$
\begin{aligned}
& V=\pi \int_{0}^{h}\left(\sqrt{y^{2}+1}\right)^{2} \mathrm{~d} y\left(=\pi \int_{0}^{h}\left(y^{2}+1\right) \mathrm{d} y\right) \\
& =\pi\left[\frac{1}{3} y^{3}+y\right]_{0}^{h} \\
& =\pi\left(\frac{1}{3} h^{3}+h\right)
\end{aligned}
$$

Note: Award marks as appropriate for correct work using a different variable e.g. $\pi \int_{0}^{h}\left(\sqrt{x^{2}+1}\right)^{2} \mathrm{~d} x$\\
(ii) attempt to substitute $h=\sqrt{3}(=1.732 \ldots)$ into $V$\\
$V=10.8828 \ldots$\\
$V=10.9\left(m^{3}\right)(=2 \sqrt{3} \pi)\left(m^{3}\right)$

Question 10 continued\\
(d) METHOD 1


\begin{align*}
& \text { time }=\frac{10.8828 \ldots}{0.4}\left(=\frac{2 \sqrt{3} \pi}{0.4}\right)  \tag{M1}\\
& =27.207 \ldots \\
& =27.2(=5 \sqrt{3} \pi)(s)
\end{align*}


A1\\
\\
continued...

Question 10 continued\\
(e) attempt to find the height of the tank when $V=5.4414 \ldots(=\sqrt{3} \pi)$\\
$\pi\left(\frac{1}{3} h^{3}+h\right)=5.4414 \ldots(=\sqrt{3} \pi)$\\
$h=1.1818$...\\
attempt to use the chain rule or differentiate $V=\pi\left(\frac{1}{3} h^{3}+h\right)$ with respect to $t$\\
$\frac{\mathrm{d} h}{\mathrm{~d} t}=\frac{\mathrm{d} h}{\mathrm{~d} V} \times \frac{\mathrm{d} V}{\mathrm{~d} t}=\frac{1}{\pi\left(h^{2}+1\right)} \times \frac{\mathrm{d} V}{\mathrm{~d} t}$ OR $\frac{\mathrm{d} V}{\mathrm{~d} t}=\pi\left(h^{2}+1\right) \frac{\mathrm{d} h}{\mathrm{~d} t}$\\
attempt to substitute their $h$ and $\frac{\mathrm{d} V}{\mathrm{~d} t}=0.4$


\begin{align*}
& \frac{\mathrm{d} h}{\mathrm{~d} t}=\frac{0.4}{\pi\left(1.1818 \ldots{ }^{2}+1\right)}=0.053124 \ldots  \tag{M1}\\
& =0.0531\left(\mathrm{~m} \mathrm{~s}^{-1}\right) \tag{A1}
\end{align*}
",Calculator Allowed,,,,,,,,,IBDP,,,,,,,,TRUE,2025,
,TRUE,11,16,2022,May,Paper 2,TZ1,"A bakery makes two types of muffins: chocolate muffins and banana muffins.
The weights, $C$ grams, of the chocolate muffins are normally distributed with a mean of $62 \mathrm{~g}$ and standard deviation of $2.9 \mathrm{~g}$.
\begin{parts}
\part[2] Find the probability that a randomly selected chocolate muffin weighs less than $61 \mathrm{~g}$.
\part[2] In a random selection of 12 chocolate muffins, find the probability that exactly 5 weigh less than $61 \mathrm{~g}$.
The weights, $B$ grams, of the banana muffins are normally distributed with a mean of $68 \mathrm{~g}$ and standard deviation of $3.4 \mathrm{~g}$.
Each day $60 \%$ of the muffins made are chocolate.
On a particular day, a muffin is randomly selected from all those made at the bakery.
\part[7] \begin{enumerate}[label=(\roman*)]
\item Find the probability that the randomly selected muffin weighs less than $61 \mathrm{~g}$.
\item Given that a randomly selected muffin weighs less than $61 \mathrm{~g}$, find the probability that it is chocolate.
\end{enumerate}
The machine that makes the chocolate muffins is adjusted so that the mean weight of the chocolate muffins remains the same but their standard deviation changes to $\sigma \mathrm{g}$. The machine that makes the banana muffins is not adjusted. The probability that the weight of a randomly selected muffin from these machines is less than $61 \mathrm{~g}$ is now 0.157 .
\part[5] Find the value of $\sigma$.
\end{parts}","Normal Distribution
Binomial Distribution",4. Statistics and Probability,HL,"(a) $\begin{aligned} & \mathrm{P}(C<61) \\ &=0.365112 \ldots \\ &=0.365\end{aligned}$\\
\\
(b) recognition of binomial eg $X \sim \mathrm{~B}(12,0.365 \ldots$...)\\
$\mathrm{P}(X=5)=0.213666 \ldots$\\
$=0.214$ A1\\
\\
continued...
\end{enumerate}

\section*{Question 11 continued}
(c) (i) Let $C M$ represent 'chocolate muffin' and $B M$ represent 'banana muffin'

$$
\mathrm{P}(B<61)=0.0197555 \ldots
$$

\section*{EITHER}
$\mathrm{P}(C M) \times \mathrm{P}(C<61 \mid C M)+\mathrm{P}(B M) \times \mathrm{P}(B<61 \mid B M)$ (or equivalent in words)

\section*{OR}
tree diagram showing two ways to have a muffin weigh < 61

\section*{THEN}

\begin{align*}
& (0.6 \times 0.365 \ldots)+(0.4 \times 0.0197 \ldots)  \tag{A1}\\
& =0.226969 \ldots \\
& =0.227
\end{align*}


(ii) recognizing conditional probability

Note: Recognition must be shown in context either in words or symbols, not just $\mathrm{P}(A \mid B)$.

$$
\begin{aligned}
& \frac{0.6 \times 0.365112 \ldots}{0.226969 \ldots} \\
& =0.965183 \ldots \\
& =0.965
\end{aligned}
$$

Question 11 continued\\
(d) METHOD 1

$$
\mathrm{P}(C M) \times \mathrm{P}(C<61 \mid C M)+\mathrm{P}(B M) \times \mathrm{P}(B<61 \mid B M)=0.157
$$

$(0.6 \times \mathrm{P}(C<61))+(0.4 \times 0.0197555 \ldots .)=$.\\
$\mathrm{P}(C<61)=0.248496 \ldots$\\
attempt to solve for $\sigma$ using GDC\\
Note: Award (M1) for a graph or table of values to show their $\mathrm{P}(C<61)$ with a variable standard deviation.

$$
\sigma=1.47225 \ldots
$$

$\sigma=1.47(\mathrm{~g})$

Question 11 continued

\section*{METHOD 2}
$$
\begin{aligned}
& \mathrm{P}(C M) \times \mathrm{P}(C<61 \mid C M)+\mathrm{P}(B M) \times \mathrm{P}(B<61 \mid B M)=0.157 \\
& (0.6 \times \mathrm{P}(C<61))+(0.4 \times 0.0197555 \ldots)=0.157 \\
& \mathrm{P}(C<61)=0.248496 \ldots \\
& \text { use of inverse normal to find } z \text { score of their } \mathrm{P}(C<61) \\
& z=-0.679229 \ldots \\
& \text { correct substitution } \\
& \frac{61-62}{\sigma}=-0.679229 \ldots \\
& \sigma=1.47225 \ldots \\
& \sigma=1.47 \quad(\mathrm{~g})
\end{aligned}
$$",Calculator Allowed,,,,,,,,,IBDP,,,,,,,,TRUE,2025,
,TRUE,12,19,2022,May,Paper 2,TZ1,"Consider the differential equation $x^2 \cfrac{\mathrm{d} y}{\mathrm{~d} x}=y^2-2 x^2$ for $x>0$ and $y>2 x$. It is given that $y=3$ when $x=1$.
\begin{parts}
\part[4] Use Euler's method, with a step length of 0.1 , to find an approximate value of $y$ when $x=1.5$.
\part[3] Use the substitution $y=v x$ to show that $x \cfrac{\mathrm{d} v}{\mathrm{~d} x}=v^2-v-2$.
\part[12] \begin{enumerate}[label=(\roman*)]
\item By solving the differential equation, show that $y=\cfrac{8 x+x^4}{4-x^3}$.
\item Find the actual value of $y$ when $x=1.5$.
\item Using the graph of $y=\cfrac{8 x+x^4}{4-x^3}$, suggest a reason why the approximation given by Euler's method in part (a) is not a good estimate to the actual value of $y$ at $x=1.5$.
\end{enumerate}
\end{parts}",Differential Equations,5. Calculus,HL,"(a) attempt to use Euler's method\\
$x_{n+1}=x_{n}+0.1 ; \quad y_{n+1}=y_{n}+0.1 \times \frac{\mathrm{d} y}{\mathrm{~d} x}$, where $\frac{\mathrm{d} y}{\mathrm{~d} x}=\frac{y^{2}-2 x^{2}}{x^{2}}$\\
correct intermediate $y$-values\\
$3.7,4.63140 \ldots, 5.92098 \ldots, 7.79542 \ldots$\\
Note: $\boldsymbol{A 1}$ for any two correct $y$-values seen\\
$y=10.6958 \ldots$\\
$y=10.7$\\
Note: For the final A1, the value 10.7 must be the last value in a table or a list, or be given as a final answer, not just embedded in a table which has further lines.\\
(b) $y=v x \Rightarrow \frac{\mathrm{~d} y}{\mathrm{~d} x}=v+x \frac{\mathrm{~d} v}{\mathrm{~d} x}$\\
replacing $y$ with $v x$ and $\frac{\mathrm{d} y}{\mathrm{~d} x}$ with $v+x \frac{\mathrm{~d} v}{\mathrm{~d} x}$\\
$x^{2} \frac{\mathrm{~d} y}{\mathrm{~d} x}=y^{2}-2 x^{2} \Rightarrow x^{2}\left(v+x \frac{\mathrm{~d} v}{\mathrm{~d} x}\right)=v^{2} x^{2}-2 x^{2}$\\
$v+x \frac{\mathrm{~d} v}{\mathrm{~d} x}=v^{2}-2 \quad($ since $x>0)$\\
$x \frac{\mathrm{~d} v}{\mathrm{~d} x}=v^{2}-v-2$
\end{enumerate}

\section*{Question 12 continued}
(c) (i) attempt to separate variables $v$ and $x$\\
$\int \frac{\mathrm{d} v}{v^{2}-v-2}=\int \frac{\mathrm{d} x}{x}$\\
$\int \frac{\mathrm{d} v}{(v-2)(v+1)}=\int \frac{\mathrm{d} x}{x}$\\
attempt to express in partial fraction form\\
$\frac{1}{(v-2)(v+1)} \equiv \frac{A}{v-2}+\frac{B}{v+1}$\\
$\frac{1}{(v-2)(v+1)}=\frac{1}{3}\left(\frac{1}{v-2}-\frac{1}{v+1}\right)$\\
$\frac{1}{3} \int\left(\frac{1}{v-2}-\frac{1}{v+1}\right) \mathrm{d} v=\int \frac{\mathrm{d} x}{x}$\\
$\frac{1}{3}(\ln |v-2|-\ln |v+1|)=\ln |x|(+c)$\\
Note: Condone absence of modulus signs throughout.

\section*{EITHER}
attempt to find $c$ using $x=1, y=3, v=3$\\
$c=\frac{1}{3} \ln \frac{1}{4}$\\
$\frac{1}{3}(\ln |v-2|-\ln |v+1|)=\ln |x|+\frac{1}{3} \ln \frac{1}{4}$\\
expressing both sides as a single logarithm\\
$\ln \left|\frac{v-2}{v+1}\right|=\ln \left(\frac{|x|^{3}}{4}\right)$

Question 12 continued

\section*{OR}
expressing both sides as a single logarithm\\
$\ln \left|\frac{v-2}{v+1}\right|=\ln \left(A|x|^{3}\right)$\\
attempt to find $A$ using $x=1, y=3, v=3$\\
$A=\frac{1}{4}$

\section*{THEN}
$\left|\frac{v-2}{v+1}\right|=\frac{1}{4} x^{3}($ since $x>0)$\\
substitute $v=\frac{y}{x}$ (seen anywhere)\\
$\frac{\frac{y}{x}-2}{\frac{y}{x}+1}=\frac{1}{4} x^{3}($ since $y>2 x)$\\
$\left(\Rightarrow \frac{y-2 x}{y+x}=\frac{1}{4} x^{3}\right)$\\
attempt to make $y$ the subject

$$
\begin{aligned}
& y-\frac{x^{3} y}{4}=2 x+\frac{x^{4}}{4} \\
& y=\frac{8 x+x^{4}}{4-x^{3}}
\end{aligned}
$$

Question 12 continued\\
(ii) actual value at $y(1.5)=27.3 \quad$ A1\\
(iii) gradient changes rapidly (during the interval considered) OR the curve has a vertical asymptote at $x=\sqrt[3]{4}(=1.5874 \ldots) \quad \boldsymbol{R} \mathbf{1}$\\
\\
Total 
",Calculator Allowed,,,,,,,,,IBDP,,,,,,,,TRUE,2025,
,TRUE,1,6,2022,May,Paper 2,TZ2,"The following diagram shows a circle with centre $\mathrm{O}$ and radius 5 metres. Points $\mathrm{A}$ and $\mathrm{B}$ lie on the circle and $\mathrm{A\widehat{O}B}=1.9$ radians.
\begin{center}
\includegraphics[scale=0.1,height=6cm]{SV_IBDP_FST_AA HL_May 2022_Paper 2_TZ2_1.png}
\end{center}
\begin{parts}
\part[3] Find the length of the chord $[\mathrm{AB}]$.
\part[3] Find the area of the shaded sector.
\end{parts}","Geometry
Trigonometry",3. Geometry and Trigonometry,HL,"(a) EITHER\\
uses the cosine rule\\
$\mathrm{AB}^{2}=5^{2}+5^{2}-2 \times 5 \times 5 \times \cos 1.9$
\end{enumerate}

OR\\
uses right-angled trigonometry\\
$\frac{\frac{\mathrm{AB}}{2}}{5}=\sin 0.95$

OR\\
uses the sine rule\\
$\alpha=\frac{1}{2}(\pi-1.9)(=0.6207 \ldots)$\\
$\frac{\mathrm{AB}}{\sin 1.9}=\frac{5}{\sin 0.6207 . . .}$

THEN\\
$\mathrm{AB}=8.1341 \ldots$\\
$\mathrm{AB}=8.13(\mathrm{~m})$

Question 1 continued\\
(b) let the shaded area be $A$

\section*{METHOD 1}
Attempt at finding reflex angle\\
AÔB $=2 \pi-1.9(=4.3831 \ldots)$\\
substitution into area formula

$$
\begin{aligned}
& A=\frac{1}{2} \times 5^{2} \times 4.3831 \ldots \text { OR }\left(\frac{2 \pi-1.9}{2 \pi}\right) \times \pi\left(5^{2}\right) \\
& =54.7898 \ldots \\
& =54.8\left(\mathrm{~m}^{2}\right)
\end{aligned}
$$

\section*{METHOD 2}
let the area of the circle be $A_{C}$ and the area of the unshaded sector be $A_{v}$

$$
\begin{aligned}
& A=A_{C}-A_{v} \\
& A=\pi \times 5^{2}-\frac{1}{2} \times 5^{2} \times 1.9(=78.5398 \ldots-23.75) \\
& =54.7898 \ldots \\
& =54.8\left(\mathrm{~m}^{2}\right)
\end{aligned}
$$",Calculator Allowed,,,,,,,,,IBDP,,,,,,,,TRUE,2025,
,TRUE,2,5,2022,May,Paper 2,TZ2,"The derivative of a function $g$ is given by $g^{\prime}(x)=3 x^2+5 \mathrm{e}^x$, where $x \in \mathbb{R}$. The graph of $g$ passes through the point $(0,4)$. Find $g(x)$.",Integral Calculus,5. Calculus,HL,"METHOD 1\\
recognises that $g(x)=\int\left(3 x^{2}+5 \mathrm{e}^{x}\right) \mathrm{d} x$\\
$g(x)=x^{3}+5 \mathrm{e}^{x}(+C)$\\
Note: Award A1 for each integrated term.\\
substitutes $x=0$ and $y=4$ into their integrated function (must involve $+C$ )\\
$4=0+5+C \Rightarrow C=-1$\\
$g(x)=x^{3}+5 \mathrm{e}^{x}-1$
\end{enumerate}

\section*{METHOD 2}
attempts to write both sides in the form of a definite integral\\
$\int_{0}^{x} g^{\prime}(t) d t=\int_{0}^{x}\left(3 t^{2}+5 e^{t}\right) d t$\\
$g(x)-4=x^{3}+5 \mathrm{e}^{x}-5 \mathrm{e}^{0}$\\
Note: Award $\boldsymbol{A 1}$ for $g(x)-4$ and $\boldsymbol{A 1}$ for $x^{3}+5 \mathrm{e}^{x}-5 \mathrm{e}^{0}$.\\",Calculator Allowed,,,,,,,,,IBDP,,,,,,,,TRUE,2025,
,TRUE,3,6,2022,May,Paper 2,TZ2,"Events $A$ and $B$ are independent and $\mathrm{P}(A)=3 \mathrm{P}(B)$. Given that $\mathrm{P}(A \cup B)=0.68$, find $\mathrm{P}(B)$.",Probability,4. Statistics and Probability,HL,"$\mathrm{P}(A \cup B)=\mathrm{P}(A)+\mathrm{P}(B)-\mathrm{P}(A \cap B)=0.68$\\
substitution of $\mathrm{P}(A) \cdot \mathrm{P}(B)$ for $\mathrm{P}(A \cap B)$ in $\mathrm{P}(A \cup B)$\\
$\mathrm{P}(A)+\mathrm{P}(B)-\mathrm{P}(A) \mathrm{P}(B)(=0.68)$\\
substitution of $3 \mathrm{P}(B)$ for $\mathrm{P}(A)$\\
$3 \mathrm{P}(B)+\mathrm{P}(B)-3 \mathrm{P}(B) \mathrm{P}(B)=0.68$ (or equivalent)

Note: The first two marks are independent of each other.\\
attempts to solve their quadratic equation\\
$P(B)=0.2,1.133 \ldots\left(\frac{1}{5}, \frac{17}{15}\right)$\\
$P(B)=0.2\left(=\frac{1}{5}\right)$

Note: Award $\boldsymbol{A 1}$ if both answers are given as final answers for $\mathrm{P}(B)$.\\",Calculator Allowed,,,,,,,,,IBDP,,,,,,,,TRUE,2025,
,TRUE,4,6,2022,May,Paper 2,TZ2,"A random sample of nine adults were selected to see whether sleeping well affected their reaction times to a visual stimulus. Each adult's reaction time was measured twice.
The first measurement for reaction time was taken on a morning after the adult had slept well. The second measurement was taken on a morning after the same adult had not slept well.
The box and whisker diagrams for the reaction times, measured in seconds, are shown below.
\begin{center}
\includegraphics[scale=0.1,height=6cm]{SV_IBDP_FST_AA HL_May 2022_Paper 2_TZ2_2.png}
\end{center}
Consider the box and whisker diagram representing the reaction times after sleeping well.
\begin{parts}
\part[1] State the median reaction time after sleeping well.
\part[3] Verify that the measurement of 0.46 seconds is not an outlier.
\part[1] State why it appears that the mean reaction time is greater than the median reaction time.
Now consider the two box and whisker diagrams.
\part[1] Comment on whether these box and whisker diagrams provide any evidence that might suggest that not sleeping well causes an increase in reaction time.
\end{parts}",Statistics,4. Statistics and Probability,HL,"(a) $0.28(\mathrm{~s}) \longrightarrow$ A1\\
(b) IQR $=0.35-0.27(=0.08)(\mathrm{s})$\\
substituting their IQR into correct expression for upper fence\\
$0.35+1.5 \times 0.08(=0.47)(s)$\\
$0.46<0.47 \quad \boldsymbol{R 1}$\\
so 0.46 (s) is not an outlier AG\\
\\
(c) EITHER\\
the median is closer to the lower quartile (positively skewed)\\
R1\\
OR\\
the distribution is positively skewed\\
R1

\section*{OR}
the range of reaction times below the median is smaller than the range of reaction times above the median

R1

Note: These are sample answers from a range of acceptable correct answers.\\
Award $\boldsymbol{R} \mathbf{1}$ for any correct statement that explains this.\\
Do not award $\boldsymbol{R} \mathbf{1}$ if there is also an incorrect statement, even if another statement in the answer is correct. Accept a correctly and clearly labelled diagram.

\section*{Question 4 continued}
(d) EITHER\\
the distribution for 'not sleeping well' is centred at a higher reaction time

\section*{OR}
the median reaction time after not sleeping well is equal to the upper quartile reaction time after sleeping well

OR\\
75\% of reaction times are $<0.35$ seconds after sleeping well, compared with\\
$50 \%$ after not sleeping well

\section*{OR}
the sample size of 9 is too small to draw any conclusions

Note: These are sample answers from a range of acceptable correct answers. Accept any relevant correct statement that relates to the median and/or quartiles shown in the box plots. Do not accept a comparison of means.

Do not award $\boldsymbol{R} \mathbf{1}$ if there is also an incorrect statement, even if another statement in the answer is correct

Award RO to ""correlation does not imply causation"".\\",Calculator Allowed,,,,,,,,,IBDP,,,,,,,,TRUE,2025,
,TRUE,5,7,2022,May,Paper 2,TZ2,"A particle moves in a straight line such that its velocity, $v \mathrm{~m} \mathrm{~s}^{-1}$, at time $t$ seconds is given by $v=\cfrac{\left(t^2+1\right) \cos t}{4}, 0 \leq t \leq 3$.
\begin{parts}
\part[2] Determine when the particle changes its direction of motion.
\part[3] Find the times when the particle's acceleration is $-1.9 \mathrm{~m} \mathrm{~s}^{-2}$.
\part[2] Find the particle's acceleration when its speed is at its greatest.
\end{parts}","Differential Calculus
Kinematics",5. Calculus,HL,"(a) recognises the need to find the value of $t$ when $v=0$

$$
\begin{aligned}
& t=1.5707 \ldots\left(=\frac{\pi}{2}\right) \\
& t=1.57\left(=\frac{\pi}{2}\right)(\mathrm{s})
\end{aligned}
$$

(b) recognises that $a(t)=v^{\prime}(t)$\\
$t_{1}=2.2627 \ldots, t_{2}=2.9573 \ldots$\\
$t_{1}=2.26, t_{2}=2.96(\mathrm{~s})$\\
Note: Award M1A1A0 if the two correct answers are given with additional values outside $0 \leq t \leq 3$.\\
(c) speed is greatest at $t=3$\\
$a=-1.8377 \ldots$\\
$a=-1.84\left(\mathrm{~m} \mathrm{~s}^{-2}\right)$\\",Calculator Allowed,,,,,,,,,IBDP,,,,,,,,TRUE,2025,
,TRUE,6,5,2022,May,Paper 2,TZ2,"The following diagram shows the curve $\cfrac{x^2}{36}+\cfrac{(y-4)^2}{16}=1$, where $h \leq y \leq 4$.
\begin{center}
\includegraphics[scale=0.1,height=8cm]{SV_IBDP_FST_AA HL_May 2022_Paper 2_TZ2_3.png}
\end{center}
The curve from point $\mathrm{Q}$ to point $\mathrm{B}$ is rotated $360^{\circ}$ about the $y$-axis to form the interior surface of a bowl.
The rectangle OPQR, of height $h \mathrm{~cm}$, is rotated $360^{\circ}$ about the $y$-axis to form a solid base.
The bowl is assumed to have negligible thickness.
Given that the interior volume of the bowl is to be $285 \mathrm{~cm}^3$, determine the height of the base.",Integral Calculus,5. Calculus,HL,"attempts to express $x^{2}$ in terms of $y$

$$
V=\pi \int_{h}^{4} 36\left(1-\frac{(y-4)^{2}}{16}\right) \mathrm{d} y
$$

Note: Correct limits are required.

Attempts to solve $\pi \int_{h}^{4} 36\left(1-\frac{(y-4)^{2}}{16}\right) \mathrm{d} y=285$ for $h$

Note: Award $\boldsymbol{M} \mathbf{1}$ for attempting to solve $36 \pi\left(\frac{h^{3}}{48}-\frac{h^{2}}{4}+\frac{8}{3}\right)=285$ or equivalent for $h$.\\
$h=0.7926 \ldots$\\
$h=0.793(\mathrm{~cm})$\\",Calculator Allowed,,,,,,,,,IBDP,,,,,,,,TRUE,2025,
,TRUE,7,8,2022,May,Paper 2,TZ2,"Consider $\lim _{x \rightarrow 0} \cfrac{\arctan (\cos x)-k}{x^2}$, where $k \in \mathbb{R}$.
\begin{parts}
\part[2] Show that a finite limit only exists for $k=\cfrac{\pi}{4}$.
\part[6] Using l'Hôpital's rule, show algebraically that the value of the limit is $-\cfrac{1}{4}$.
\end{parts}","Trigonometry
Limits","3. Geometry and Trigonometry
5. Calculus",HL,"(a) (as $\lim _{x \rightarrow 0} x^{2}=0$, the indeterminate form $\frac{0}{0}$ is required for the limit to exist)

$$
\Rightarrow \lim _{x \rightarrow 0}(\arctan (\cos x)-k)=0
$$M1

$\arctan 1-k=0(k=\arctan 1) \quad \boldsymbol{A 1}$\\
so $k=\frac{\pi}{4}$AG

Note: Award M1AO for using $k=\frac{\pi}{4}$ to show the limit is $\frac{0}{0}$.

\section*{Question 7 continued}
(b) $\lim _{x \rightarrow 0} \frac{\arctan (\cos x)-\frac{\pi}{4}}{x^{2}}\left(=\frac{0}{0}\right)$

$$
=\lim _{x \rightarrow 0} \frac{\frac{-\sin x}{1+\cos ^{2} x}}{2 x}
$$

Note: Award $\boldsymbol{A 1}$ for a correct numerator and $\boldsymbol{A 1}$ for a correct denominator.\\
recognises to apply l'Hôpital's rule again

$$
=\lim _{x \rightarrow 0} \frac{\frac{-\sin x}{1+\cos ^{2} x}}{2 x}\left(=\frac{0}{0}\right)
$$

Note: Award $M 0$ if their limit is not the indeterminate form $\frac{0}{0}$.

\section*{EITHER}
$$
=\lim _{x \rightarrow 0} \frac{\frac{-\cos x\left(1+\cos ^{2} x\right)-2 \sin ^{2} x \cos x}{\left(1+\cos ^{2} x\right)^{2}}}{2}
$$

Note: Award $\boldsymbol{A 1}$ for a correct first term in the numerator and $\boldsymbol{A 1}$ for a correct second term in the numerator.

\section*{OR}
$$
\lim _{x \rightarrow 0} \frac{-\cos x}{2\left(1+\cos ^{2} x\right)-4 x \sin x \cos x}
$$

Note: Award A1 for a correct numerator and A1 for a correct denominator.

\section*{THEN}
substitutes $x=0$ into the correct expression to evaluate the limit\\
Note: The final $\mathbf{A 1}$ is dependent on all previous marks.

$$
=-\frac{1}{4}
$$",Calculator Allowed,,,,,,,,,IBDP,,,,,,,,TRUE,2025,
,TRUE,8,7,2022,May,Paper 2,TZ2,"Rachel and Sophia are competing in a javelin-throwing competition.
The distances, $R$ metres, thrown by Rachel can be modelled by a normal distribution with mean 56.5 and standard deviation 3 .
The distances, $S$ metres, thrown by Sophia can be modelled by a normal distribution with mean 57.5 and standard deviation 1.8 .
In the first round of competition, each competitor must have five throws. To qualify for the next round of competition, a competitor must record at least one throw of 60 metres or greater in the first round.
Find the probability that only one of Rachel or Sophia qualifies for the next round of competition.",Normal Distribution,4. Statistics and Probability,HL,"Rachel: $R \sim \mathrm{~N}\left(56.5,3^{2}\right)$\\
$P(R \geq 60)=0.1216 \ldots$\\
Sophia: $S \sim N\left(57.5,1.8^{2}\right)$\\
$\mathrm{P}(S \geq 60)=0.0824 \ldots$\\
recognises binomial distribution with $n=5$\\
let $N_{R}$ represent the number of Rachel's throws that are longer than 60 metres\\
$N_{R} \sim \mathrm{~B}(5,0.1216 \ldots)$\\
either $\mathrm{P}\left(N_{R} \geq 1\right)=0.4772 \ldots$ or $\mathrm{P}\left(N_{R}=0\right)=0.5227 \ldots$\\
let $N_{s}$ represent the number of Sophia's throws that are longer than 60 metres\\
$N_{s} \sim \mathrm{~B}(5,0.0824 \ldots)$\\
either $\mathrm{P}\left(N_{s} \geq 1\right)=0.3495 \ldots$ or $\mathrm{P}\left(N_{S}=0\right)=0.6504 \ldots$
\end{enumerate}

\section*{EITHER}
uses $\mathrm{P}\left(N_{R} \geq 1\right) \mathrm{P}\left(N_{S}=0\right)+\mathrm{P}\left(N_{S} \geq 1\right) \mathrm{P}\left(N_{R}=0\right)$\\
$\mathrm{P}($ one of Rachel or Sophia qualify $)=(0.4772 \ldots \times 0.6504 \ldots)+(0.3495 \ldots \times 0.5227 \ldots)$\\
OR\\
uses $\mathrm{P}\left(N_{R} \geq 1\right)+\mathrm{P}\left(N_{S} \geq 1\right)-2 \times \mathrm{P}\left(N_{R} \geq 1\right) \times \mathrm{P}\left(N_{S} \geq 1\right)$\\
$\mathrm{P}($ one of Rachel or Sophia qualify $)=0.4772 \ldots+0.3495 \ldots-2 \times 0.4772 \ldots \times 0.3495 \ldots$

\section*{THEN}
$=0.4931 \ldots$\\
$=0.493$

Note: $\boldsymbol{M}$ marks are not dependent on the previous $\boldsymbol{A}$ marks.\\",Calculator Allowed,,,,,,,,,IBDP,,,,,,,,TRUE,2025,
,TRUE,9,4,2022,May,Paper 2,TZ2,"Consider the set of six-digit positive integers that can be formed from the digits $0,1,2,3,4,5,6,7,8$ and 9 .
Find the total number of six-digit positive integers that can be formed such that
\begin{parts}
\part[2] the digits are distinct;
\part[2] the digits are distinct and are in increasing order.
\end{parts}
}",Counting Principles,1. Numbers and Algebra,HL,"(a) $9 \times 9 \times 8 \times 7 \times 6 \times 5\left(=9 \times{ }^{9} P_{5}\right)$\\
$=136080\left(=9 \times \frac{9!}{4!}\right)$\\
Note: Award M1AO for $10 \times 9 \times 8 \times 7 \times 6 \times 5\left(={ }^{10} P_{6}=151200=\frac{10!}{4!}\right)$.

Note: Award $\boldsymbol{M} \mathbf{A} \boldsymbol{A O}$ for ${ }^{9} P_{6}=60480$\\
(b) METHOD 1

\section*{EITHER}
every unordered subset of 6 digits from the set of 9 non-zero digits can be\\
arranged in exactly one way into a 6 -digit number with the digits in increasing order.

OR\\
${ }^{9} C_{6}(\times 1)$

THEN\\
$=84$

\section*{METHOD 2}
\section*{EITHER}
removes 3 digits from the set of 9 non-zero digits and these 6 remaining digits can be arranged in exactly one way into a 6 -digit number with the digits in increasing order.

OR\\
${ }^{9} C_{3}(\times 1)$

\section*{THEN}
$=84$",Calculator Allowed,,,,,,,,,IBDP,,,,,,,,TRUE,2025,
,TRUE,10,15,2022,May,Paper 2,TZ2,"A scientist conducted a nine-week experiment on two plants, $A$ and $B$, of the same species. He wanted to determine the effect of using a new plant fertilizer. Plant $A$ was given fertilizer regularly, while Plant $B$ was not.
The scientist found that the height of Plant $A, h_A \mathrm{~cm}$, at time $t$ weeks can be modelled by the function $h_A(t)=\sin (2 t+6)+9 t+27$, where $0 \leq t \leq 9$.
The scientist found that the height of Plant $B, h_B \mathrm{~cm}$, at time $t$ weeks can be modelled by the function $h_B(t)=8 t+32$, where $0 \leq t \leq 9$.
\begin{parts}
\part[3] Use the scientist's models to find the initial height of
\begin{enumerate}[label=(\roman*)]
\item Plant $B$;
\item Plant $A$ correct to three significant figures.
\end{enumerate}
\part[3] Find the values of $t$ when $h_A(t)=h_B(t)$.
\part[3] For $t>6$, prove that Plant $A$ was always taller than Plant $B$.
\part[6] For $0 \leq t \leq 9$, find the total amount of time when the rate of growth of Plant $B$ was greater than the rate of growth of Plant $A$.
\end{parts}","Trigonometry
Differential Calculus","3. Geometry and Trigonometry
5. Calculus",HL,"\begin{center}
\begin{tabular}{|c|c|c|}
\hline
(a) & (i) $32(\mathrm{~cm})$ & A1 \\
\hline
 & (ii) $h_{A}(0)=\sin (6)+27$ & (M1) \\
\hline
 & = 26.7205... &  \\
\hline
 & $=26.7(\mathrm{~cm})$ & A1 \\
\hline
 &  &  \\
\hline
(b) & attempts to solve $h_{A}(t)=h_{B}(t)$ for $t$ & (M1) \\
\hline
 & $t=4.0074 \ldots, 4.7034 \ldots, 5.88332 \ldots$ &  \\
\hline
 & $t=4.01,4.70,5.88$ (weeks) & A2 \\
\hline
 &  &  \\
\hline
(c) & $h_{A}(t)-h_{B}(t)=\sin (2 t+6)+t-5$ & A1 \\
\hline
 & EITHER &  \\
\hline
 & for $t>6, t-5>1$ & A1 \\
\hline
 & and as $\sin (2 t+6) \geq-1 \Rightarrow h_{A}(t)-h_{B}(t)>0$ & R1 \\
\hline
 & OR &  \\
\hline
 & the minimum value of $\sin (2 t+6)=-1$ & R1 \\
\hline
 & so for $t>6, h_{A}(t)-h_{B}(t)=t-6>0$ & A1 \\
\hline
 & THEN &  \\
\hline
 & hence for $t>6$, Plant A was always taller than Plant B & AG \\
\hline
 &  & \begin{tabular}{l}

 \\
continued... \\
\end{tabular} \\
\hline
\end{tabular}
\end{center}

Question 10 continued\\
(d) recognises that $h_{A}{ }^{\prime}(t)$ and $h_{B}{ }^{\prime}(t)$ are required\\
attempts to solve $h_{A}{ }^{\prime}(t)=h_{B}{ }^{\prime}(t)$ for $t$\\
\includegraphics[width=0.4\textwidth]{2024_10_08_532a115961f956b80f4cg-21}

Note: Award full marks for $t=\frac{4 \pi}{3}-3, \frac{5 \pi}{3}-3,\left(\frac{7 \pi}{3}-3, \frac{8 \pi}{3}-3, \frac{10 \pi}{3}-3, \frac{11 \pi}{3}-3\right)$.\\
Award subsequent marks for correct use of these exact values.\\
1.18879... $<t<2.23598 \ldots$ OR 4.33038... $<t<5.37758 \ldots$ OR\\
7.47197... $<t<8.51917 . .$.\\
attempts to calculate the total amount of time\\
$3(2.2359 \ldots-1.1887 \ldots)\left(=3\left(\left(\frac{5 \pi}{3}-3\right)-\left(\frac{4 \pi}{3}-3\right)\right)\right)$\\
$=3.14(=\pi)$ (weeks)\\",Calculator Allowed,,,,,,,,,IBDP,,,,,,,,TRUE,2025,
,TRUE,11,20,2022,May,Paper 2,TZ2,"Two airplanes, $A$ and $B$, have position vectors with respect to an origin $\mathrm{O}$ given respectively by
$$
\begin{aligned}
\boldsymbol{r}_A & =\left(\begin{array}{c}
19 \\
-1 \\
1
\end{array}\right)+t\left(\begin{array}{c}
-6 \\
2 \\
4
\end{array}\right) \\
\boldsymbol{r}_B & =\left(\begin{array}{c}
1 \\
0 \\
12
\end{array}\right)+t\left(\begin{array}{c}
4 \\
2 \\
-2
\end{array}\right)
\end{aligned}
$$
where $t$ represents the time in minutes and $0 \leq t \leq 2.5$.
Entries in each column vector give the displacement east of $O$, the displacement north of $O$ and the distance above sea level, all measured in kilometres.
\begin{parts}
\part[2] Find the three-figure bearing on which airplane $B$ is travelling.
\part[2] Show that airplane $A$ travels at a greater speed than airplane $B$.
\part[4] Find the acute angle between the two airplanes' lines of flight. Give your answer in degrees.
The two airplanes' lines of flight cross at point $P$.
\part[7] \begin{enumerate}[label=(\roman*)]
\item Find the coordinates of $\mathrm{P}$.
\item Determine the length of time between the first airplane arriving at $\mathrm{P}$ and the second airplane arriving at $\mathrm{P}$.
Let $D(t)$ represent the distance between airplane $A$ and airplane $B$ for $0 \leq t \leq 2.5$.
\part[5] Find the minimum value of $D(t)$.
\end{enumerate}
\end{parts}","Vectors and Planes
Kinematics","3. Geometry and Trigonometry
5. Calculus",HL,"(a) let $\phi$ be the required angle (bearing)

\section*{EITHER}
$\phi=90^{\circ}-\arctan \frac{1}{2}(=\arctan 2)$\\
Note: Award M1 for a labelled sketch.

OR\\
$\cos \phi=\frac{\binom{0}{1} \cdot\binom{4}{2}}{\sqrt{1} \times \sqrt{20}}\left(=0.4472 \ldots,=\frac{1}{\sqrt{5}}\right)$\\
$\phi=\arccos (0.4472 \ldots)$

\section*{THEN}
$063^{\circ}$\\
Note: Do not accept $063.4^{\circ}$ or $63.4^{\circ}$ or $1.10^{\circ}$.\\
(b) Method 1\\
let $\left|\boldsymbol{b}_{\boldsymbol{A}}\right|$ be the speed of $A$ and let $\left|\boldsymbol{b}_{\boldsymbol{B}}\right|$ be the speed of $B$\\
attempts to find the speed of one of $A$ or $B$\\
$\left|\boldsymbol{b}_{\boldsymbol{A}}\right|=\sqrt{(-6)^{2}+2^{2}+4^{2}}$ or $\left|\boldsymbol{b}_{\boldsymbol{B}}\right|=\sqrt{4^{2}+2^{2}+(-2)^{2}}$\\
Note: Award $\boldsymbol{M O}$ for $\left|\boldsymbol{b}_{\boldsymbol{A}}\right|=\sqrt{19^{2}+(-1)^{2}+1^{2}}$ and $\left|\boldsymbol{b}_{\boldsymbol{B}}\right|=\sqrt{1^{2}+0^{2}+12^{2}}$.\\
$\left|\boldsymbol{b}_{\boldsymbol{A}}\right|=7.48 \ldots(=\sqrt{56})\left(\mathrm{km} \mathrm{min}^{-1}\right)$ and $\left|\boldsymbol{b}_{B}\right|=4.89 \ldots(=\sqrt{24})\left(\mathrm{km} \mathrm{min}^{-1}\right)$\\
$\left|\boldsymbol{b}_{\boldsymbol{A}}\right|>\left|\boldsymbol{b}_{\boldsymbol{B}}\right|$ so $A$ travels at a greater speed than $B$

Question 11 continued

\section*{Method 2}
attempts to use speed $=\frac{\text { distance }}{\text { time }}$\\
speed $_{A}=\frac{\left|r_{A}\left(t_{2}\right)-r_{A}\left(t_{1}\right)\right|}{t_{2}-t_{1}}$ and speed ${ }_{B}=\frac{\left|r_{B}\left(t_{2}\right)-r_{B}\left(t_{1}\right)\right|}{t_{2}-t_{1}}$\\
for example:\\
speed $_{A}=\frac{\left|r_{A}(1)-r_{A}(0)\right|}{1}$ and $\operatorname{speed}_{B}=\frac{\left|r_{B}(1)-r_{B}(0)\right|}{1}$\\
$\operatorname{speed}_{A}=\frac{\sqrt{(-6)^{2}+2^{2}+4^{2}}}{1}$ and speed ${ }_{B}=\frac{\sqrt{4^{2}+2^{2}+2^{2}}}{1}$\\
speed $_{A}=7.48 \ldots(2 \sqrt{14})$ and $\operatorname{speed}_{B}=4.89 \ldots(\sqrt{24})$\\
$\operatorname{speed}_{A}>\operatorname{speed}_{B}$ so $A$ travels at a greater speed than $B$

Question 11 continued\\
(c) attempts to use the angle between two direction vectors formula\\
$\cos \theta=\frac{(-6)(4)+(2)(2)+(4)(-2)}{\sqrt{(-6)^{2}+2^{2}+4^{2}} \sqrt{4^{2}+2^{2}+(-2)^{2}}}$\\
$\cos \theta=-0.7637 \ldots\left(=-\frac{7}{\sqrt{84}}\right)$ or $\theta=\arccos (-0.7637 \ldots)(=2.4399 \ldots)$\\
attempts to find the acute angle $180^{\circ}-\theta$ using their value of $\theta$\\
$=40.2^{\circ}$

\section*{Question 11 continued}
(d) (i) for example, sets $\boldsymbol{r}_{\boldsymbol{A}}\left(t_{1}\right)=\boldsymbol{r}_{\boldsymbol{B}}\left(t_{2}\right)$ and forms at least two equations\\
$19-6 t_{1}=1+4 t_{2}$\\
$-1+2 t_{1}=2 t_{2}$\\
$1+4 t_{1}=12-2 t_{2}$\\
Note: Award MO for equations involving $t$ only.

\section*{EITHER}
attempts to solve the system of equations for one of $t_{1}$ or $t_{2}$\\
$t_{1}=2$ or $t_{2}=\frac{3}{2}$\\
OR\\
attempts to solve the system of equations for $t_{1}$ and $t_{2}$\\
$t_{1}=2$ and $t_{2}=\frac{3}{2}$

\section*{THEN}
substitutes their $t_{1}$ or $t_{2}$ value into the corresponding $\boldsymbol{r}_{\boldsymbol{A}}$ or $\boldsymbol{r}_{\boldsymbol{B}}$ $P(7,3,9)$

Note: Accept $\overrightarrow{\mathrm{OP}}=\left(\begin{array}{l}7 \\ 3 \\ 9\end{array}\right)$. Accept 7 km east of $\mathrm{O}, 3 \mathrm{~km}$ north of O and 9 km above sea level.

Question 11 continued\\
(ii) attempts to find the value of $t_{1}-t_{2}$\\
$t_{1}-t_{2}=2-\frac{3}{2}$\\
0.5 minutes ( 30 seconds)

\section*{Question 11 continued}
\section*{(e) EITHER}
attempts to find $\boldsymbol{r}_{B}-\boldsymbol{r}_{A}$\\
$\boldsymbol{r}_{B}-\boldsymbol{r}_{A}=\left(\begin{array}{c}-18 \\ 1 \\ 11\end{array}\right)+t\left(\begin{array}{c}10 \\ 0 \\ -6\end{array}\right)$\\
attempts to find their $D(t)$\\
$D(t)=\sqrt{(10 t-18)^{2}+1+(11-6 t)^{2}}$

\section*{OR}
attempts to find $r_{A}-r_{B}$\\
$\boldsymbol{r}_{A}-\boldsymbol{r}_{B}=\left(\begin{array}{c}18 \\ -1 \\ -11\end{array}\right)+t\left(\begin{array}{c}-10 \\ 0 \\ 6\end{array}\right)$\\
attempts to find their $D(t)$\\
$D(t)=\sqrt{(18-10 t)^{2}+(-1)^{2}+(-11+6 t)^{2}}$\\
Note: Award MOMOAO for expressions using two different time parameters.

\section*{THEN}
either attempts to find the local minimum point of $D(t)$ or attempts to find the value of $t$ such that $D^{\prime}(t)=0$ (or equivalent)\\
$t=1.8088 \ldots\left(=\frac{123}{68}\right)$\\
$D(t)=1.01459 \ldots$\\
minimum value of $D(t)$ is $1.01\left(=\frac{\sqrt{1190}}{34}\right)(\mathrm{km})$

Note: Award MO for attempts at the shortest distance between two lines.\\",Calculator Allowed,,,,,,,,,IBDP,,,,,,,,TRUE,2025,
,TRUE,12,21,2022,May,Paper 2,TZ2,"The population, $P$, of a particular species of marsupial on a small remote island can be modelled by the logistic differential equation
$$
\cfrac{\mathrm{d} P}{\mathrm{~d} t}=k P\left(1-\cfrac{P}{N}\right)
$$
where $t$ is the time measured in years and $k, N$ are positive constants.
The constant $N$ represents the maximum population of this species of marsupial that the island can sustain indefinitely.
\begin{parts}
\part[1] In the context of the population model, interpret the meaning of $\cfrac{\mathrm{d} P}{\mathrm{~d} t}$.
\part[4] Show that $\cfrac{\mathrm{d}^2 P}{\mathrm{~d} t^2}=k^2 P\left(1-\cfrac{P}{N}\right)\left(1-\cfrac{2 P}{N}\right)$.
\part[5] Hence show that the population of marsupials will increase at its maximum rate when $P=\cfrac{N}{2}$. Justify your answer.
\part[2] Hence determine the maximum value of $\cfrac{\mathrm{d} P}{\mathrm{~d} t}$ in terms of $k$ and $N$.

Let $P_0$ be the initial population of marsupials.
\part[7]By solving the logistic differential equation, show that its solution can be expressed in the form $$
k t=\ln \cfrac{P}{P_0}\left(\cfrac{N-P_0}{N-P}\right)
$$
After 10 years, the population of marsupials is $3 P_0$. It is known that $N=4 P_0$.
\part[2] Find the value of $k$ for this population model. \end{parts}
}",Differential Equations,5. Calculus,HL,"(a) rate of growth (change) of the (marsupial) population (with respect to time)

Note: Do not accept growth (change) in the (marsupials) population per year.\\
(b) METHOD 1\\
attempts implicit differentiation on $\frac{\mathrm{d} P}{\mathrm{~d} t}=k P-\frac{k P^{2}}{N}$ by expanding $k P\left(1-\frac{P}{N}\right)$\\
$\frac{\mathrm{d}^{2} P}{\mathrm{~d} t^{2}}=k \frac{\mathrm{~d} P}{\mathrm{~d} t}-2 \frac{k P}{N} \frac{\mathrm{~d} P}{\mathrm{~d} t}$\\
$=k \frac{\mathrm{~d} P}{\mathrm{~d} t}\left(1-\frac{2 P}{N}\right)$\\
$\frac{\mathrm{d} P}{\mathrm{~d} t}=k P\left(1-\frac{P}{N}\right)$ and so $\frac{\mathrm{d}^{2} P}{\mathrm{~d} t^{2}}=k^{2} P\left(1-\frac{P}{N}\right)\left(1-\frac{2 P}{N}\right)$

\section*{METHOD 2}
attempts implicit differentiation (product rule) on $\frac{\mathrm{d} P}{\mathrm{~d} t}=k P\left(1-\frac{P}{N}\right)$\\
$\frac{\mathrm{d}^{2} P}{\mathrm{~d} t^{2}}=k \frac{\mathrm{~d} P}{\mathrm{~d} t}\left(1-\frac{P}{N}\right)+k P\left(-\left(\frac{1}{N}\right) \frac{\mathrm{d} P}{\mathrm{~d} t}\right)$\\
substitutes $\frac{\mathrm{d} P}{\mathrm{~d} t}=k P\left(1-\frac{P}{N}\right)$ into their $\frac{\mathrm{d}^{2} P}{\mathrm{~d} t^{2}}$\\
$\frac{\mathrm{d}^{2} P}{\mathrm{~d} t^{2}}=k\left(k P\left(1-\frac{P}{N}\right)\right)\left(1-\frac{P}{N}\right)+k P\left(-\left(\frac{1}{N}\right) k P\left(1-\frac{P}{N}\right)\right)$\\
$=k^{2} P\left(1-\frac{P}{N}\right)^{2}-k^{2} P\left(1-\frac{P}{N}\right)\left(\frac{P}{N}\right)$\\
$=k^{2} P\left(1-\frac{P}{N}\right)\left(1-\frac{P}{N}-\frac{P}{N}\right)$\\
so $\frac{\mathrm{d}^{2} P}{\mathrm{~d} t^{2}}=k^{2} P\left(1-\frac{P}{N}\right)\left(1-\frac{2 P}{N}\right)$

\section*{Question 12 continued}
(c) $\frac{\mathrm{d}^{2} P}{\mathrm{~d} t^{2}}=0 \Rightarrow k^{2} P\left(1-\frac{P}{N}\right)\left(1-\frac{2 P}{N}\right)=0$

$$
P=0, \frac{N}{2}, N
$$

Note: Award A1 for $P=\frac{N}{2}$ only.\\
uses the second derivative to show that concavity changes at $P=\frac{N}{2}$ or the first derivative to show a local maximum at $P=\frac{N}{2}$

\section*{EITHER}
a clearly labelled correct sketch of $\frac{\mathrm{d}^{2} P}{\mathrm{~d} t^{2}}$ versus $P$ showing $P=\frac{N}{2}$ corresponding to a local maximum point for $\frac{\mathrm{d} P}{\mathrm{~d} t}$\\
\includegraphics[width=0.4\textwidth]{2024_10_08_532a115961f956b80f4cg-29}

\section*{OR}
a correct and clearly labelled sign diagram (table) showing $P=\frac{N}{2}$ corresponding to a local maximum point for $\frac{\mathrm{d} P}{\mathrm{~d} t}$

Question 12 continued

\section*{OR}
for example, $\frac{\mathrm{d}^{2} P}{\mathrm{~d} t^{2}}=\frac{3 k^{2} N}{32}(>0)$ with $P=\frac{N}{4}$ and $\frac{\mathrm{d}^{2} P}{\mathrm{~d} t^{2}}=-\frac{3 k^{2} N}{32}(<0)$ with $P=\frac{3 N}{4}$\\
showing $P=\frac{N}{2}$ corresponds to a local maximum point for $\frac{\mathrm{d} P}{\mathrm{~d} t}$\\
so the population is increasing at its maximum rate when $P=\frac{N}{2}$\\
(d) substitutes $P=\frac{N}{2}$ into $\frac{\mathrm{d} P}{\mathrm{~d} t}$\\
$\frac{\mathrm{d} P}{\mathrm{~d} t}=k\left(\frac{N}{2}\right)\left(1-\frac{\frac{N}{2}}{N}\right)$\\
the maximum value of $\frac{\mathrm{d} P}{\mathrm{~d} t}$ is $\frac{k N}{4}$

\section*{Question 12 continued}
\section*{(e) METHOD 1}
attempts to separate variables

$$
\int \frac{N}{P(N-P)} \mathrm{d} P=\int k \mathrm{~d} t
$$

attempts to write $\frac{N}{P(N-P)}$ in partial fractions form\\
$\frac{N}{P(N-P)} \equiv \frac{A}{P}+\frac{B}{(N-P)} \Rightarrow N \equiv A(N-P)+B P$\\
$A=1, B=1$\\
$\frac{N}{P(N-P)} \equiv \frac{1}{P}+\frac{1}{(N-P)}$\\
$\int\left(\frac{1}{P}+\frac{1}{(N-P)}\right) \mathrm{d} P=\int k \mathrm{~d} t$\\
$\Rightarrow \ln P-\ln (N-P)=k t(+C)$\\
Note: Award $\boldsymbol{A} \mathbf{1}$ for $-\ln (N-P)$ and $\boldsymbol{A} \mathbf{1}$ for $\ln P$ and $k t(+C)$. Absolute value signs are not required.\\
attempts to find $C$ in terms of $N$ and $P_{0}$\\
when $t=0, P=P_{0}$ and so $C=\ln P_{0}-\ln \left(N-P_{0}\right)$\\
$k t=\ln \left(\frac{P}{N-P}\right)-\ln \left(\frac{P_{0}}{N-P_{0}}\right)\left(=\ln \left(\frac{\frac{P}{N-P}}{\frac{P_{0}}{N-P_{0}}}\right)\right)$\\
so $k t=\ln \frac{P}{P_{0}}\left(\frac{N-P_{0}}{N-P}\right)$

\section*{Question 12 continued}
\section*{METHOD 2}
attempts to separate variables

$$
\int \frac{1}{P\left(1-\frac{P}{N}\right)} \mathrm{d} P=\int k \mathrm{~d} t
$$

attempts to write $\frac{1}{P\left(1-\frac{P}{N}\right)}$ in partial fractions form\\
$\frac{1}{P\left(1-\frac{P}{N}\right)} \equiv \frac{A}{P}+\frac{B}{1-\frac{P}{N}} \Rightarrow 1 \equiv A\left(1-\frac{P}{N}\right)+B P$\\
$A=1, B=\frac{1}{N}$\\
$\frac{1}{P\left(1-\frac{P}{N}\right)} \equiv \frac{1}{P}+\frac{1}{N\left(1-\frac{P}{N}\right)}$\\
$\int \frac{1}{P}+\frac{1}{N\left(1-\frac{P}{N}\right)} \mathrm{d} P=\int k \mathrm{~d} t$\\
$\Rightarrow \ln P-\ln \left(1-\frac{P}{N}\right)=k t(+C)$\\
Note: Award $\boldsymbol{A} \mathbf{1}$ for $-\ln \left(1-\frac{P}{N}\right)$ and $\boldsymbol{A} \mathbf{1}$ for $\ln P$ and $k t(+C)$. Absolute value signs are not required.

Question 12 continued

$$
\ln \left(\frac{P}{1-\frac{P}{N}}\right)=k t+C \Rightarrow \ln \left(\frac{N P}{N-P}\right)=k t+C
$$

attempts to find $C$ in terms of $N$ and $P_{0}$\\
when $t=0, P=P_{0}$ and so $C=\ln \left(\frac{N P_{0}}{N-P_{0}}\right)$

$$
\begin{aligned}
& k t=\ln \left(\frac{N P}{N-P}\right)-\ln \left(\frac{N P_{0}}{N-P_{0}}\right)\left(=\ln \left(\frac{\frac{P}{N-P}}{\frac{P_{0}}{N-P_{0}}}\right)\right) \\
& k t=\ln \frac{P}{P_{0}}\left(\frac{N-P_{0}}{N-P}\right)
\end{aligned}
$$

Question 12 continued

\section*{METHOD 3}
lets $u=\frac{1}{P}$ and forms $\frac{\mathrm{d} u}{\mathrm{~d} t}=-\frac{1}{P^{2}} \frac{\mathrm{~d} P}{\mathrm{~d} t}$\\
multiplies both sides of the differential equation by $-\frac{1}{P^{2}}$ and makes the above substitutions\\
$-\frac{1}{P^{2}} \frac{\mathrm{~d} P}{\mathrm{~d} t}=k\left(\frac{1}{N}-\frac{1}{P}\right) \Rightarrow \frac{\mathrm{d} u}{\mathrm{~d} t}=k\left(\frac{1}{N}-u\right)$


\begin{align*}
& \frac{\mathrm{d} u}{\mathrm{~d} t}+k u=\frac{k}{N} \text { (linear first-order DE) } \\
& \mathrm{IF}=\mathrm{e}^{\int k \mathrm{dt}}=\mathrm{e}^{k t} \Rightarrow \mathrm{e}^{k t} \frac{\mathrm{~d} u}{\mathrm{~d} t}+k \mathrm{e}^{k t} u=\frac{k}{N} \mathrm{e}^{k t}  \tag{M1}\\
& \frac{\mathrm{~d}}{\mathrm{~d} t}\left(u \mathrm{e}^{k t}\right)=\frac{k}{N} \mathrm{e}^{k t} \\
& u \mathrm{e}^{k t}=\frac{1}{N} \mathrm{e}^{k t}(+C)\left(\frac{1}{P} \mathrm{e}^{k t}=\frac{1}{N} \mathrm{e}^{k t}(+C)\right)
\end{align*}


attempts to find $C$ in terms of $N$ and $P_{0}$\\
when $t=0, P=P_{0}, u=\frac{1}{P_{0}}$ and so $C=\frac{1}{P_{0}}-\frac{1}{N}\left(=\frac{N-P_{0}}{N P_{0}}\right)$\\
$\mathrm{e}^{k t}\left(\frac{N-P}{N P}\right)=\frac{N-P_{0}}{N P_{0}}$\\
$\mathrm{e}^{k t}=\left(\frac{P}{N-P}\right)\left(\frac{N-P_{0}}{P_{0}}\right)$\\
$k t=\ln \frac{P}{P_{0}}\left(\frac{N-P_{0}}{N-P}\right)$

Question 12 continued\\
(f) substitutes $t=10, P=3 P_{0}$ and $N=4 P_{0}$ into $k t=\ln \frac{P}{P_{0}}\left(\frac{N-P_{0}}{N-P}\right)$

$$
\begin{aligned}
& 10 k=\ln 3\left(\frac{4 P_{0}-P_{0}}{4 P_{0}-3 P_{0}}\right)(=\ln 9) \\
& k=0.220\left(=\frac{1}{10} \ln 9,=\frac{1}{5} \ln 3\right)
\end{aligned}
$$
",Calculator Allowed,,,,,,,,,IBDP,,,,,,,,TRUE,2025,
,TRUE,1,28,2022,Nov,Paper 3,TZ0,"In this question you will investigate series of the form

$$
\sum_{i=1}^{n} i^{q}=1^{q}+2^{q}+3^{q}+\ldots+n^{q} \text { where } n, q \in \mathbb{Z}^{+}
$$

and use various methods to find polynomials, in terms of $\boldsymbol{n}$, for such series.\\
When $q=1$, the above series is arithmetic.\\
(a) Show that $\sum_{i=1}^{n} i=\frac{1}{2} n(n+1)$.

Consider the case when $q=2$.\\
(b) The following table gives values of $n^{2}$ and $\sum_{i=1}^{n} i^{2}$ for $n=1,2,3$.

\begin{center}
\begin{tabular}{|c|c|c|}
\hline
$n$ & $n^{2}$ & $\sum_{i=1}^{n} i^{2}$ \\
\hline
1 & 1 & 1 \\
\hline
2 & 4 & 5 \\
\hline
3 & 9 & $p$ \\
\hline
\end{tabular}
\end{center}

(i) Write down the value of $p$.\\
(ii) The sum of the first $n$ square numbers can be expressed as a cubic polynomial with three terms:

$$
\sum_{i=1}^{n} i^{2}=a_{1} n+a_{2} n^{2}+a_{3} n^{3} \text { where } a_{1}, a_{2}, a_{3} \in \mathbb{Q}^{+}
$$

Hence, write down a system of three linear equations in $a_{1}, a_{2}$ and $a_{3}$.\\
(iii) Hence, find the values of $a_{1}, a_{2}$ and $a_{3}$.\\



You will now consider a method that can be generalized for all values of $q$.\\
Consider the function $f(x)=1+x+x^{2}+\ldots+x^{n}, n \in \mathbb{Z}^{+}$.\\
(c) Show that $x f^{\prime}(x)=x+2 x^{2}+3 x^{3}+\ldots+n x^{n}$.

Let $f_{1}(x)=x f^{\prime}(x)$ and consider the following family of functions:

$$
\begin{aligned}
f_{2}(x) & =x f_{1}^{\prime}(x) \\
f_{3}(x) & =x f_{2}^{\prime}(x) \\
f_{4}(x) & =x f_{3}^{\prime}(x) \\
& \ldots \\
f_{q}(x) & =x f_{q-1}^{\prime}(x)
\end{aligned}
$$

(d) (i) Show that $f_{2}(x)=\sum_{i=1}^{n} i^{2} x^{i}$.\\
(ii) Prove by mathematical induction that $f_{q}(x)=\sum_{i=1}^{n} i^{q} x^{i}, q \in \mathbb{Z}^{+}$.\\
(iii) Using sigma notation, write down an expression for $f_{q}(1)$.\\
(e) By considering $f(x)=1+x+x^{2}+\ldots+x^{n}$ as a geometric series, for $x \neq 1$, show that $f(x)=\frac{x^{n+1}-1}{x-1}$.\\
(f) For $x \neq 1$, show that $f_{1}(x)=\frac{n x^{n+2}-(n+1) x^{n+1}+x}{(x-1)^{2}}$.\\
(g) (i) Show that $\lim _{x \rightarrow 1} f_{1}(x)$ is in indeterminate form.\\
(ii) Hence, by applying l'Hôpital's rule, show that $\lim _{x \rightarrow 1} f_{1}(x)=\frac{1}{2} n(n+1)$.\\","Sequences and Series
Differential Calculus
Limits","1. Numbers and Algebra
5. Calculus",HL,"\begin{enumerate}
  \item (a) EITHER
\end{enumerate}

$$
S_{n}=\frac{n}{2}(2 \times 1+(n-1) \times 1)
$$

\section*{OR}
$u_{1}=1$ and either $u_{n}=n$ or $d=1$ stated explicitly

OR\\
$1+2+\ldots+n$ (or equivalent) stated explicitly

\section*{THEN}
$$
S_{n}=\frac{n}{2}(1+n)
$$

(b) (i) 14



\begin{center}
\begin{tabular}{ll}
$a_{1}+a_{2}+a_{3}=1$ & (ii) \\
$2 a_{1}+4 a_{2}+8 a_{3}=5$  \\
$3 a_{1}+9 a_{2}+27 a_{3}=14$ \\
\end{tabular}
\end{center}


(iii) $\quad a_{1}=\frac{1}{6}(=0.166666 \ldots \approx 0.167), a_{2}=\frac{1}{2}(=0.5)$,

$$
a_{3}=\frac{1}{3}(=0.333333 \ldots \approx 0.333)
$$


(c) $f^{\prime}(x)=1+2 x+3 x^{2}+\ldots+n x^{n-1}$


$\Rightarrow x f^{\prime}(x)=x+2 x^{2}+3 x^{3}+\ldots+n x^{n}$


(d) (i) METHOD 1

$$
\begin{aligned}
& f_{2}(x)=x f_{1}^{\prime}(x) \\
& f_{1}^{\prime}(x)=1^{2}+2^{2} x+\left(3^{2} x^{2}\right)+\ldots+n^{2} x^{n-1}\left(=1+4 x+\left(9 x^{2}\right)+\ldots+n^{2} x^{n-1}\right)
\end{aligned}
$$



$$
x f_{1}^{\prime}(x)=x\left(1^{2}+2^{2} x+\left(3^{2} x^{2}\right)+\ldots+n^{2} x^{n-1}\right)\left(=x\left(1+4 x+\left(9 x^{2}\right)+\ldots+n^{2} x^{n-1}\right)\right)
$$

$$
x f_{1}^{\prime}(x)=1^{2} x+2^{2} x^{2}+\left(3^{2} x^{3}\right)+\ldots+n^{2} x^{n}\left(=x+4 x^{2}+\left(9 x^{3}\right)+\ldots+n^{2} x^{n}\right)
$$


$=\sum_{i=1}^{n} i^{2} x^{i}$\\
METHOD 2

$$
\begin{aligned}
& f_{2}(x)=x \frac{\mathrm{~d}}{\mathrm{~d} x}\left(x f^{\prime}(x)\right) \\
& =x\left(f^{\prime}(x)+x f^{\prime \prime}(x)\right)\left(=x f^{\prime}(x)+x^{2} f^{\prime \prime}(x)\right) \\
& =x \sum_{i=1}^{n} i x^{i-1}+x^{2} \sum_{i=1}^{n} i(i-1) x^{i-2} \\
& =\sum_{i=1}^{n} i x^{i}+\sum_{i=1}^{n} i(i-1) x^{i}\left(=\sum_{i=1}^{n}\left(i+i^{2}-i\right) x^{i}\right) \\
& =\sum_{i=1}^{n} i^{2} x^{i}
\end{aligned}
$$

(ii) consider $q=1$

$$
f_{1}(x)=x+2 x^{2}+\ldots+n x^{n} \text { (reference to part (c)) and } f_{1}(x)=\sum_{i=1}^{n} i x^{i}
$$

$$
\text { assume true for } q=k,\left(f_{k}(x)=\sum_{i=1}^{n} i^{k} x^{i}\right)
$$



$$
\begin{aligned}
& f_{k+1}(x)=x f_{k}^{\prime}(x) \\
& =x \sum_{i=1}^{n} i^{k+1} x^{i-1} \quad \text { OR } \quad x\left(1+2^{k+1} x+3^{k+1} x^{2}+\ldots+n^{k+1} x^{n-1}\right)
\end{aligned}
$$



$$
=\sum_{i=1}^{n} i^{k+1} x^{i} \text { OR } x+2^{k+1} x^{2}+3^{k+1} x^{3}+\ldots+n^{k+1} x^{n}
$$

since true for $q=1$ and true for $q=k+1$ if true for $q=k$, hence true for all $q\left(\in \mathbb{Z}^{+}\right)$

Note: To obtain the final R1, three of the previous five marks must have been awarded.\\
(iii) $\quad f_{q}(1)=1^{q}+2^{q}+3^{q}+\ldots+n^{q}$\\
$=\sum_{i=1}^{n} i^{q}\left(=\sum_{i=1}^{n} 1^{i} i^{q}\right)$


(e) uses $S_{n}=\frac{u_{1}\left(r^{n}-1\right)}{r-1}$ with $r=x$ and $u_{1}=1$\\
clear indication there are $(n+1)$ terms\\
$f(x)=\frac{x^{n+1}-1}{x-1}$\\
(f) METHOD 1

$$
\begin{aligned}
& f_{1}(x)=x f^{\prime}(x) \\
& =x \frac{(x-1)(n+1) x^{n}-1 \times\left(x^{n+1}-1\right)}{(x-1)^{2}}
\end{aligned}
$$


$=x \frac{(n x+x-n-1) x^{n}-\left(x^{n+1}-1\right)}{(x-1)^{2}}\left(=x \frac{n x^{n+1}-n x^{n}-x^{n}+1}{(x-1)^{2}}\right)$\\

$=\frac{n x^{n+2}-(n+1) x^{n+1}+x}{(x-1)^{2}}$

\section*{METHOD 2}
attempts to form $(x-1) f_{1}(x)$\\
$(x-1) f_{1}(x)=n x^{n+1}-\left(x+x^{2}+x^{3}+\ldots+x^{n}\right)$\\
$f_{1}(x)=\frac{1}{x-1}\left(n x^{n+1}-\left(\frac{x^{n+1}-1}{x-1}-1\right)\right)$\\
$f_{1}(x)=\frac{1}{x-1}\left(\frac{n x^{n+1}(x-1)-x^{n+1}+x}{x-1}\right)\left(=\frac{1}{x-1}\left(\frac{n x^{n+2}-n x^{n+1}-x^{n+1}+x}{x-1}\right)\right)$\\


$$
f_{1}(x)=\frac{n x^{n+2}-(n+1) x^{n+1}+x}{(x-1)^{2}}
$$

(g) (i) $\quad \lim _{x \rightarrow 1} f_{1}(x)=\frac{n-(n+1)+1}{0}\left(=\frac{0}{0}\right)$


(ii) attempts to differentiate both the numerator and the denominator

$$
\lim _{x \rightarrow 1} \frac{n(n+2) x^{n+1}-(n+1)^{2} x^{n}+1}{2(x-1)}
$$


(l'Hôpital's rule applies again since)

$$
\lim _{x \rightarrow 1} \frac{n(n+2) x^{n+1}-(n+1)^{2} x^{n}+1}{2(x-1)}=\frac{0}{0}
$$


attempts to differentiate both the numerator and the denominator\\
$\lim _{x \rightarrow 1} \frac{n(n+2)(n+1) x^{n}-n(n+1)^{2} x^{n-1}}{2}$\\
$=\frac{n(n+2)(n+1)-n(n+1)^{2}}{2}\left(=\frac{n^{3}+3 n^{2}+2 n-\left(n^{3}+2 n^{2}+n\right)}{2}\right)$\\
$=\frac{n(n+1)((n+2)-(n+1))}{2}\left(=\frac{n^{2}+n}{2}\right)$\\
$=\frac{1}{2} n(n+1)$\\",Calculator Allowed,,,,,,,,,IBDP,,,,,,,,TRUE,2025,
,TRUE,2,27,2022,Nov,Paper 3,TZ0,"In this question you will investigate curved surface areas and use calculus to derive key formulae used in geometry.

Consider the straight line from the origin, $y=m x$, where $0 \leq x \leq h$ and $m, h$ are positive constants.

\begin{center}
\includegraphics[width=0.4\textwidth]{2024_09_19_c145e6d52a742883ffc6g-5}
\end{center}

When this line is rotated through $360^{\circ}$ about the $x$-axis, a cone is formed with a curved surface area $A$ given by:

$$
A=2 \pi \int_{0}^{h} y \sqrt{1+m^{2}} \mathrm{~d} x
$$

(a) Given that $m=2$ and $h=3$, show that $A=18 \sqrt{5} \pi$.\\
(b) Now consider the general case where a cone is formed by rotating the line $y=m x$ where $0 \leq x \leq h$ through $360^{\circ}$ about the $x$-axis.\\
(i) Deduce an expression for the radius of this cone $r$ in terms of $h$ and $m$.\\
(ii) Deduce an expression for the slant height $l$ in terms of $h$ and $m$.\\
(iii) Hence, by using the above integral, show that $A=\pi r l$.\\


\section*{(Question 2 continued)}
Consider the semi-circle, with radius $r$, defined by $y=\sqrt{r^{2}-x^{2}}$ where $-r \leq x \leq r$.

\includegraphics[width=0.4\textwidth]{2024_09_19_c145e6d52a742883ffc6g-6}\\
(c) Find an expression for $\frac{\mathrm{d} y}{\mathrm{~d} x}$.

A differentiable curve $y=f(x)$ is defined for $x_{1} \leq x \leq x_{2}$ and $y \geq 0$. When any such curve is rotated through $360^{\circ}$ about the $x$-axis, the surface formed has an area $A$ given by:

$$
A=2 \pi \int_{x_{1}}^{x_{2}} y \sqrt{1+\left(\frac{\mathrm{d} y}{\mathrm{~d} x}\right)^{2}} \mathrm{~d} x
$$

(d) A sphere is formed by rotating the semi-circle $y=\sqrt{r^{2}-x^{2}}$ where $-r \leq x \leq r$ through $360^{\circ}$ about the $x$-axis. Show by integration that the surface area of this sphere is $4 \pi r^{2}$.\\


\section*{(Question 2 continued)}
(e) Let $f(x)=\sqrt{r^{2}-x^{2}}$ where $-r \leq x \leq r$.

The graph of $y=f(x)$ is transformed to the graph of $y=f(k x), k>0$. This forms a different curve, called a semi-ellipse.\\
(i) Describe this geometric transformation.\\
(ii) Write down the $x$-intercepts of the graph $y=f(k x)$ in terms of $r$ and $k$.\\
(iii) For $y=f(k x)$, find an expression for $\frac{\mathrm{d} y}{\mathrm{~d} x}$ in terms of $x, r$ and $k$.\\
(iv) The semi-ellipse $y=f(k x)$ is rotated $360^{\circ}$ about the $x$-axis to form a solid called an ellipsoid.

Find an expression in terms of $r$ and $k$ for the surface area, $A$, of the ellipsoid.\\
Give your answer in the form $2 \pi \int_{x_{1}}^{x_{2}} \sqrt{p(x)} \mathrm{d} x$, where $p(x)$ is a polynomial.\\
(v) Planet Earth can be modelled as an ellipsoid. In this model:

\begin{itemize}
  \item the ellipsoid has an axis of rotational symmetry running from the North Pole to the South Pole.
  \item the distance from the North Pole to the South Pole is 12714 km .
  \item the diameter of the equator is 12756 km .
\end{itemize}

By choosing suitable values for $r$ and $k$, find the surface area of Earth in $\mathrm{km}^{2}$ correct to 4 significant figures. Give your answer in the form $a \times 10^{q}$ where $1 \leq a<10$ and $q \in \mathbb{Z}^{+}$.","Transformations of Functions
Geometry
Differential Calculus
Integral Calculus","2. Functions
3. Geometry and Trigonometry
5. Calculus",HL,"(a) EITHER


\begin{align*}
& A=2 \pi \int_{0}^{3} 2 x \sqrt{1+2^{2}} \mathrm{~d} x\left(=4 \sqrt{5} \pi \int_{0}^{3} x \mathrm{~d} x\right) \\
& =2 \pi \sqrt{5}\left[x^{2}\right]_{0}^{3}\left(=2 \pi \sqrt{5}\left(3^{2}-0^{2}\right)\right)
\end{align*}


OR


\begin{align*}
& A=2 \pi m \sqrt{1+m^{2}}\left[\frac{x^{2}}{2}\right]_{0}^{h}\left(=2 \pi m \sqrt{1+m^{2}}\left(\frac{h^{2}}{2}\right)\right) \\
& =2 \pi(2) \sqrt{5}\left[\frac{x^{2}}{2}\right]_{0}^{3}\left(=2 \pi(2) \sqrt{5}\left(\frac{3^{2}}{2}\right)\right)
\end{align*}


\section*{THEN}
$=18 \sqrt{5} \pi$


(b) (i) $r=m h \quad$ \\
(ii) $l=\sqrt{h^{2}+r^{2}}$

$$
l=\sqrt{h^{2}+h^{2} m^{2}}\left(=h \sqrt{1+m^{2}}\right)
$$A1

(iii) $\quad A=2 \pi \int_{0}^{h} m x \sqrt{1+m^{2}} \mathrm{~d} x$


\begin{equation*}
=2 \pi m \sqrt{1+m^{2}}\left[\frac{1}{2} x^{2}\right]_{0}^{h} 
\end{equation*}




$$
\begin{aligned}
& =\pi h^{2} m \sqrt{1+m^{2}}\left(=\pi h m \times \sqrt{\left(h^{2}+h^{2} m^{2}\right)}\right) \\
& =\pi r l
\end{aligned}
$$


(c) METHOD 1\\
attempts to use the chain rule\\


$$
\frac{\mathrm{d} y}{\mathrm{~d} x}=\frac{1}{2}\left(r^{2}-x^{2}\right)^{-\frac{1}{2}}(-2 x)\left(=-x\left(r^{2}-x^{2}\right)^{-\frac{1}{2}}\right)
$$

\section*{METHOD 2}
attempts implicit differentiation on $y^{2}=r^{2}-x^{2}$ (or equivalent)\\
$\frac{\mathrm{d} y}{\mathrm{~d} x}=-\frac{x}{y}$

\
(d) EITHER\\
attempts to substitute $y=\sqrt{r^{2}-x^{2}}$ and their $\frac{\mathrm{d} y}{\mathrm{~d} x}$ into $A$\\
$A=2 \pi \int_{-r}^{r} \sqrt{r^{2}-x^{2}} \sqrt{1+\left(-x\left(r^{2}-x^{2}\right)^{-\frac{1}{2}}\right)^{2}} \mathrm{~d} x$\\
$=2 \pi \int_{-r}^{r} \sqrt{r^{2}-x^{2}} \sqrt{1+\frac{x^{2}}{r^{2}-x^{2}}} \mathrm{~d} x$

\section*{OR}
attempts to substitute $y$ and their $\frac{\mathrm{d} y}{\mathrm{~d} x}$ in terms of $x$ and $y$ into $A$\\
$A=2 \pi \int_{-r}^{r} y \sqrt{1+\left(-\frac{x}{y}\right)^{2}} \mathrm{~d} x$\\
$=2 \pi \int_{-r}^{r} y \sqrt{1+\frac{x^{2}}{y^{2}}} \mathrm{~d} x\left(=2 \pi \int_{-r}^{r} \sqrt{x^{2}+y^{2}} \mathrm{~d} x\right)$

\section*{THEN}
attempts to perform valid algebraic simplification to form a definite integral in terms of $r$ only\\
$=2 \pi \int_{-r}^{r} r \mathrm{~d} x$\\
$=2 \pi r[x]_{-r}^{r}(=2 \pi r(r-(-r)))$\\
$=4 \pi r^{2}$


(e) (i) EITHER\\
horizontal stretch A1\\
factor $\frac{1}{k} \quad$ A1\\
OR\\
horizontal compression A1\\
factor $k$ (invariant line $y$-axis) A1\\

For example, dilation by a factor of $\frac{1}{k}$ from the $y$-axis.\\
\includegraphics[width=0.4\textwidth]{2024_10_08_6812dbc12fbcd2521ecdg-17}\\




\section*{(iii) METHOD 1}
attempts to use the chain rule

$$
\frac{\mathrm{d} y}{\mathrm{~d} x}=\frac{1}{2}\left(r^{2}-(k x)^{2}\right)^{-\frac{1}{2}} \times\left(-k^{2} 2 x\right)\left(=-k^{2} x\left(r^{2}-(k x)^{2}\right)^{-\frac{1}{2}}\left(=\frac{-k^{2} x}{\sqrt{r^{2}-k^{2} x^{2}}}\right)\right)
$$

\section*{METHOD 2}
attempts implicit differentiation on $y^{2}=r^{2}-k^{2} x^{2}$ (or equivalent)

$$
\begin{aligned}
& \frac{\mathrm{d} y}{\mathrm{~d} x}=-\frac{k^{2} x}{y} \\
& \frac{\mathrm{~d} y}{\mathrm{~d} x}=\frac{-k^{2} x}{\sqrt{r^{2}-k^{2} x^{2}}}
\end{aligned}
$$

(iv) EITHER


\begin{equation*}
A=2 \pi \int_{-\frac{r}{k}}^{\frac{r}{k}} \sqrt{r^{2}-k^{2} x^{2}} \sqrt{1+\frac{k^{4} x^{2}}{r^{2}-k^{2} x^{2}}} \mathrm{~d} x 
\end{equation*}



attempts to simplify to find $p(x)$, eg. forming a common denominator of $r^{2}-k^{2} x^{2}$ and then cancelling $r^{2}-k^{2} x^{2}$\\
OR\\
$A=2 \pi \int_{-\frac{r}{k}}^{\frac{r}{k}} y \sqrt{1+\left(-\frac{k^{2} x}{y}\right)^{2}} \mathrm{~d} x\left(=2 \pi \int_{-\frac{r}{k}}^{\frac{r}{k}} y \sqrt{1+\frac{k^{4} x^{2}}{y^{2}}} \mathrm{~d} x\right)$\\

attempts to simplify to find $p(x)$, eg. forming a common denominator of $y^{2}$ and cancelling $y^{2}$

THEN

$$
=2 \pi \int_{-\frac{r}{k}}^{\frac{r}{k}} \sqrt{r^{2}-k^{2} x^{2}+k^{4} x^{2}} \mathrm{~d} x\left(=2 \pi \int_{-\frac{r}{k}}^{\frac{r}{k}} \sqrt{r^{2}+\left(k^{4}-k^{2}\right) x^{2}} \mathrm{~d} x\right)
$$


(v) $\quad r=6378(\mathrm{~km})$


\begin{equation*}
k=1.00330 \ldots\left(=\frac{6378}{6357}=\frac{2126}{2119}\right) 
\end{equation*}


attempts to form a definite integral for surface area\\
$=2 \pi \int_{-6357}^{6357} \sqrt{6378^{2}-\left(\frac{6378}{6357}\right)^{2} x^{2}+\left(\frac{6378}{6357}\right)^{4} x^{2}} \mathrm{~d} x$\\
$=510064226.3 \ldots$\\
$=5.101 \times 10^{8}\left(\mathrm{~km}^{2}\right)$\\

",Calculator Allowed,,,,,,,,,IBDP,,,,,,,,TRUE,2025,
,TRUE,1,25,2023,May,Paper 3,TZ1,"In this question, you will be investigating the family of functions of the form $f(x)=x^{n} \mathrm{e}^{-x}$.\\
Consider the family of functions $f_{n}(x)=x^{n} \mathrm{e}^{-x}$, where $x \geq 0$ and $n \in \mathbb{Z}^{+}$.\\
When $n=1$, the function $f_{1}(x)=x \mathrm{e}^{-x}$, where $x \geq 0$.\\
(a) Sketch the graph of $y=f_{1}(x)$, stating the coordinates of the local maximum point.\\
(b) Show that the area of the region bounded by the graph $y=f_{1}(x)$, the $x$-axis and the line $x=b$, where $b>0$, is given by $\frac{\mathrm{e}^{b}-b-1}{\mathrm{e}^{b}}$.

You may assume that the total area, $A_{n}$, of the region between the graph $y=f_{n}(x)$ and the $x$-axis can be written as $A_{n}=\int_{0}^{\infty} f_{n}(x) \mathrm{d} x$ and is given by $\lim _{b \rightarrow \infty} \int_{0}^{b} f_{n}(x) \mathrm{d} x$.\\
(c) (i) Use l'Hôpital's rule to find $\lim _{b \rightarrow \infty} \frac{\mathrm{e}^{b}-b-1}{\mathrm{e}^{b}}$. You may assume that the condition for applying l'Hôpital's rule has been met.\\
(ii) Hence write down the value of $A_{1}$.

You are given that $A_{2}=2$ and $A_{3}=6$.\\
(d) Use your graphic display calculator, and an appropriate value for the upper limit, to determine the value of\\
(i) $A_{4}$;\\
(ii) $A_{5}$.\\
(e) Suggest an expression for $A_{n}$ in terms of $n$, where $n \in \mathbb{Z}^{+}$.\\
(f) Use mathematical induction to prove your conjecture from part (e). You may assume that, for any value of $m, \lim _{x \rightarrow \infty} x^{m} \mathrm{e}^{-x}=0$.\\","Binomial Theorem
Mathematical Induction
Properties of Functions
Limits
Integral Calculus","1. Numbers and Algebra
2. Functions
5. Calculus",HL,"(a) \includegraphics[width=0.4\textwidth]{2024_10_08_323ff8847820cf2b505bg-07}



Question 1 continued\\
(b) $\int_{0}^{b} x \mathrm{e}^{-x} \mathrm{~d} x$

Use of integration by parts

$$
=\left[-x \mathrm{e}^{-x}\right]_{0}^{b}+\int_{0}^{b} \mathrm{e}^{-x} \mathrm{~d} x
$$



$$
=\left[-x \mathrm{e}^{-x}\right]_{0}^{b}-\left[\mathrm{e}^{-x}\right]_{0}^{b}
$$

Note: Award A1 for correct second term.\\
Condone absence of limits to this point\\
attempt to substitute limits\\
$=-b \mathrm{e}^{-b}-\mathrm{e}^{-b}+1$ A1\\
$=\frac{\mathrm{e}^{b}-b-1}{\mathrm{e}^{b}}$\\
(c) (i) $\lim _{b \rightarrow \infty} \frac{\mathrm{e}^{b}-b-1}{\mathrm{e}^{b}}=\lim _{b \rightarrow \infty} \frac{\mathrm{e}^{b}-1}{\mathrm{e}^{b}}$

Note: Award $\boldsymbol{A 1}$ for correct quotient. Condone absence of limit.

$$
\left(=\lim _{b \rightarrow \infty} \frac{\mathrm{e}^{b}}{\mathrm{e}^{b}}\right)=1
$$

(ii) $\quad\left(\int_{0}^{\infty} x \mathrm{e}^{-x} \mathrm{~d} x=\right) 1$

Question 1 continued\\
(d) (i) correct integral

Note: Award $\boldsymbol{M} \mathbf{1}$ for correct integrand with limits from 0 to a larger number.

Note: The $\boldsymbol{M} \mathbf{1}$ can be awarded if either part (d)(i) or part (d)(ii) is correct.\\
(e) $A_{n}=n$ !

\section*{Question 1 continued}
(f)

Note: Accept starting at $n=0$, throughout this proof.

$$
\begin{aligned}
& n=1 \\
& A_{1}=1 \text { and } 1!=1
\end{aligned}
$$

Note: Award $\boldsymbol{M}$ 1 for considering the case where $n=1$, and $\boldsymbol{A} \mathbf{1}$ if it is clear that both $A_{1}=1$ and $1!=1$ have been considered.\\
so true for $n=1$\\
assume true for $n=k,\left(A_{k}=\int_{0}^{\infty} x^{k} \mathrm{e}^{-x} \mathrm{~d} x=k!\right)$\\
Note: Award $\mathbf{M} \mathbf{0}$ for statements such as ""let $n=k$ "".\\
Note: Subsequent marks after this M1 are independent of this mark and can be awarded.\\
when $n=k+1$\\
attempt to integrate by parts\\
Note: To obtain the M1, a minimum of an expression +/- an integral must be seen.

$$
\begin{aligned}
& \int_{0}^{\infty} x^{k+1} \mathrm{e}^{-x} \mathrm{~d} x=\left[-x^{k+1} \mathrm{e}^{-x}\right]_{0}^{\infty}+(k+1) \int_{0}^{\infty} x^{k} \mathrm{e}^{-x} \mathrm{~d} x \\
& (k+1) \int_{0}^{\infty} x^{k} \mathrm{e}^{-x} \mathrm{~d} x \text { simplified to }(k+1) k!\text { seen } \\
& =0+(k+1) k!
\end{aligned}
$$A1$(k+1) \int_{0}^{\infty} x^{k} \mathrm{e}^{-x} \mathrm{~d} x$ simplified to $(k+1) k!$ seenA1

Note: Condone omission of the zero.

$$
=(k+1)!
$$

Hence if true for $n=k$ then also true for $n=k+1$. As true for $n=1$ so true for $n \in \mathbb{Z}^{+}$.
",Calculator Allowed,,,,,,,,,IBDP,,,,,,,,TRUE,2025,
,TRUE,2,30,2023,May,Paper 3,TZ1,"\section*{In this question, you will investigate the maximum product of positive real numbers with a given sum.}
Consider the two numbers $x_{1}, x_{2} \in \mathbb{R}^{+}$, such that $x_{1}+x_{2}=12$.\\
(a) Find the product of $x_{1}$ and $x_{2}$ as a function, $f$, of $x_{1}$ only.\\
(b) (i) Find the value of $x_{1}$ for which the function is maximum.\\
(ii) Hence show that the maximum product of $x_{1}$ and $x_{2}$ is 36 .

Consider $M_{n}(S)$ to be the maximum product of $n$ positive real numbers with a sum of $S$, where $n \in \mathbb{Z}^{+}$and $S \in \mathbb{R}^{+}$.\\
For $n=2$, the maximum product can be expressed as $M_{2}(S)=\left(\frac{S}{2}\right)^{2}$.\\
(c) Verify that $M_{2}(S)=\left(\frac{S}{2}\right)^{2}$ is true for $S=12$.

Consider $n$ positive real numbers, $x_{1}, x_{2}, \ldots, x_{n}$.\\
The geometric mean is defined as $\left(x_{1} \times x_{2} \times \ldots \times x_{n}\right)^{\frac{1}{n}}$. It is given that the geometric mean is always less than or equal to the arithmetic mean, so $\left(x_{1} \times x_{2} \times \ldots \times x_{n}\right)^{\frac{1}{n}} \leq \frac{\left(x_{1}+x_{2}+\ldots+x_{n}\right)}{n}$.\\
(d) (i) Show that the geometric mean and arithmetic mean are equal when $x_{1}=x_{2}=\ldots=x_{n}$.\\
(ii) Use this result to prove that $M_{n}(S)=\left(\frac{S}{n}\right)^{n}$.\\
(e) Hence determine the value of\\
(i) $M_{3}(12)$;\\
(ii) $M_{4}(12)$;\\
(iii) $M_{5}(12)$.

For $n \in \mathbb{Z}^{+}$, let $P(S)$ denote the maximum value of $M_{n}(S)$ across all possible values of $n$.\\
(f) Write down the value of $P(12)$ and the value of $n$ at which it occurs.\\
(g) Determine the value of $P(20)$ and the value of $n$ at which it occurs.\\


\section*{(Question 2 continued)}
Consider the function $g$, defined by $\ln (g(x))=x \ln \left(\frac{S}{x}\right)$, where $x \in \mathbb{R}^{+}$.\\
A sketch of the graph of $y=g(x)$ is shown in the following diagram. Point A is the maximum point on this graph.

\includegraphics[width=0.4\textwidth]{2024_09_19_d22997160c553ee5c346g-6}\\
(h) Find, in terms of $S$, the $x$-coordinate of point A.\\
(i) Verify that $g(x)=M_{x}(S)$, when $x \in \mathbb{Z}^{+}$.\\
(j) Use your answer to part ( h ) to find the largest possible product of positive numbers whose sum is 100 . Give your answer in the form $a \times 10^{k}$, where $1 \leq a<10$ and $k \in \mathbb{Z}^{+}$.","Sequences and Series
Exponents and Logs
Differential Calculus","1. Numbers and Algebra
5. Calculus",HL,"(a) $x_{2}=12-x_{1}$\\
(b) (i) $\quad\left(x_{1}=\right) 6$

Note: Award the $\boldsymbol{A 1}$ if 6 seen in part (ii).

\begin{center}
\begin{tabular}{lll}
(ii) $f(6)$ OR $6^{2}$ & OR graph with maximum at $(6,36)$ & M1 \\
$=36$ & AG &  \\
 &  &  \\
\end{tabular}
\end{center}

(c) $\quad M_{2}(12)=\left(\frac{12}{2}\right)^{2}=36$ which is the maximum product (from (b)(ii)) A1

Note: Both the 36 AND a link to part (b), which may be simply seeing the word ""maximum"" must be seen to award the $\boldsymbol{A 1}$.

Question 2 continued\\
(d) (i) let all $x_{i}$ be labelled as $x$ (or $x_{1}$ or $x_{n}$ etc.)

Note: Do not accept use of a specific number for $x$ or $n$.

$$
\left(x^{n}\right)^{\frac{1}{n}}=x \text { and } \frac{n x}{n}=x
$$

\[
\text { (ii) } \begin{align*}
& x_{1}+x_{2}+\ldots+x_{n}=S  \tag{A1}\\
& \left(x_{1} \times x_{2} \times \ldots \times x_{n}\right)^{\frac{1}{n}} \leq \frac{S}{n}
\end{align*}
\]

Note: Award M1 for use of the inequality, which may be seen as an equality.\\
$x_{1} \times x_{2} \times \ldots \times x_{n} \leq\left(\frac{S}{n}\right)^{n} \quad$ (as both sides are positive)\\
LHS and RHS are equal when all values of $x_{i}$ are equal (to $\frac{S}{n}$ )

$$
M_{n}(S)=\left(\frac{S}{n}\right)^{n}
$$

(e) (i) $\quad M_{3}(12)=4^{3}=6$\\
(ii) $\quad M_{4}(12)=3^{4}=81$\\
(iii) $M_{5}(12)=2.4^{5}=79.6(79.6262 \ldots)$

Question 2 continued\\
(f) considering $M_{n}(12)$ for higher values of $n$ $P(12)=81$\\
$n=4$\\
A1\\
Note: Award $\boldsymbol{A O A O}$ for $P(12)=82.6$ and $n=4.41$.\\
(g) Consideration of graph or table of $\left(\frac{20}{n}\right)^{n}$ including values either side of 7 Maximum occurs when $n=7$

$$
P(20)=\left(\frac{20}{7}\right)^{7}=1550(1554.260 \ldots)
$$

Note: Award (M1)A0A1 for $n=7.36$ and $P(20)=1570$.

Question 2 continued\\
(h) EITHER

$$
\ln (g(x))=x(\ln (S)-\ln x) \quad \text { M1 }
$$

attempt to use implicit differentiation and product rule M1M1

$$
\frac{g^{\prime}(x)}{g(x)}=\ln S-\ln x-x \frac{1}{x}
$$

\section*{OR}
attempt to use implicit differentiation, product rule and chain rule

$$
\frac{g^{\prime}(x)}{g(x)}=\ln \frac{S}{x}+\left(x \frac{x}{S} \times \frac{-S}{x^{2}}\right)
$$

\section*{OR}
attempt to make equation explicit to $g(x)=\mathrm{e}^{x \ln \left(\frac{S}{x}\right)}$\\
attempt to use product rule and chain rule\\
$g^{\prime}(x)=\mathrm{e}^{x \ln \left(\frac{S}{x}\right)}\left[x \times \frac{x}{S} \times\left(-S x^{-2}\right)+\ln \left(\frac{S}{x}\right)\right]$\\
$=\mathrm{e}^{x \ln \left(\frac{S}{x}\right)}\left[\ln \left(\frac{S}{x}\right)-1\right]$\\
THEN

$$
\begin{aligned}
& g^{\prime}(x)=\left(\ln \frac{S}{x}-1\right) g(x) \\
& g(x) \neq 0 \\
& g^{\prime}(x)=0 \Rightarrow \ln \frac{S}{x}-1=0 \\
& x=\frac{S}{\mathrm{e}}(0.368 S, 0.36789 \ldots S)
\end{aligned}
$$M1A1

Question 2 continued\\
(i) $\quad \ln (g(x))=x \ln \left(\frac{S}{x}\right) \Rightarrow \ln (g(x))=\ln \left(\frac{S}{x}\right)^{x}$ M1\\
$g(x)=\left(\frac{S}{x}\right)^{x}$ A1\\
$=M_{x}(S)$ for $x \in \mathbb{Z}^{+}$\\
AG\\
\\
(j) $\frac{100}{\mathrm{e}}=36.8$

M1\\
$\left(\frac{100}{36}\right)^{36}=9.3996 \ldots \times 10^{15}$ AND $\left(\frac{100}{37}\right)^{37}=9.47406 \ldots \times 10^{15}$\\
R1\\
largest possible product is $9.47 \times 10^{15}\left(9.47406 \ldots \times 10^{15}\right)$\\
A1\\
Note: Award $\boldsymbol{A 1}$ independently of the $\boldsymbol{R} \mathbf{1}$ (but not independently of the $\boldsymbol{M} \mathbf{1}$ ).

",Calculator Allowed,,,,,,,,,IBDP,,,,,,,,TRUE,2025,
,TRUE,1,24,2023,May,Paper 3,TZ2,"This question asks you to examine the number and nature of intersection points of the graph of $y=\log _{a} x$ where $a \in \mathbb{R}^{+}, a \neq 1$ and the line $y=x$ for particular sets of values of $a$. In this question you may either use the change of logarithm base formula $\log _{a} x=\frac{\ln x}{\ln a}$ or a\\
graphic display calculator ""logarithm to any base feature"".

The function $f$ is defined by

$$
f(x)=\log _{a} x \text { where } x \in \mathbb{R}^{+} \text {and } a \in \mathbb{R}^{+}, a \neq 1
$$

(a) Consider the cases $a=2$ and $a=10$. On the same set of axes, sketch the following three graphs:

$$
\begin{gathered}
y=\log _{2} x \\
y=\log _{10} x \\
y=x .
\end{gathered}
$$

Clearly label each graph with its equation and state the value of any non-zero $x$-axis intercepts.\\



In parts (b) and (c), consider the case where $a=\mathrm{e}$. Note that $\ln x \equiv \log _{\mathrm{e}} x$.\\
(b) Use calculus to find the minimum value of the expression $x-\ln x$, justifying that this value is a minimum.\\
(c) Hence deduce that $x>\ln x$.\\
(d) There exist values of $a$ for which the graph of $y=\log _{a} x$ and the line $y=x$ do have intersection points. The following table gives three intervals for the value of $a$.

\begin{center}
\begin{tabular}{|c|c|}
\hline
Interval & Number of intersection points \\
\hline
$0<a<1$ & $p$ \\
\hline
$1<a<1.4$ & $q$ \\
\hline
$1.5<a<2$ & $r$ \\
\hline
\end{tabular}
\end{center}

By investigating the graph of $y=\log _{a} x$ for different values of $a$, write down the values of $p, q$ and $r$.

In parts (e) and (f), consider $a \in \mathbb{R}^{+}, a \neq 1$.\\
For $1.4 \leq a \leq 1.5$, a value of $a$ exists such that the line $y=x$ is a tangent to the graph of $y=\log _{a} x$ at a point P .\\
(e) Find the exact coordinates of P and the exact value of $a$.\\
(f) Write down the exact set of values for $a$ such that the graphs of $y=\log _{a} x$ and $y=x$ have\\
(i) two intersection points;\\
(ii) no intersection points.\\","Exponents and Logs
Modulus & Inequalities
Differential Calculus","1. Numbers and Algebra
2. Functions
5. Calculus",HL,"(a) \includegraphics[width=0.4\textwidth]{2024_10_08_9a93f613dedc4f3f4529g-07}\\
clearly labelled graphs of $y=\log _{2} x$ and $y=\log _{10} x$ with correct domain, asymptotic behaviour and concavity evident


Question 1 continued\\
(b) $\frac{\mathrm{d}}{\mathrm{d} x}(x-\ln x)$\\
$=1-\frac{1}{x}$\\
attempts to solve their $\frac{\mathrm{d} y}{\mathrm{~d} x}=0$ for $x$\\
$1-\frac{1}{x}=0 \Rightarrow x=1$\\
(when $x=1$, ) $x-\ln x=1$

EITHER\\
$\frac{\mathrm{d}}{\mathrm{d} x}\left(1-\frac{1}{x}\right)$\\
$=\frac{1}{x^{2}}$\\
$\frac{1}{x^{2}}>0($ when $x=1)$\\
R1\\
hence $x-\ln x$ has a minimum value of 1\\
Note: Award $\boldsymbol{R} \mathbf{1}$ for either ' $1>0$ ' or a graph of $y=\frac{1}{x^{2}}>0$ or 'the graph of $y=x-\ln x$ is concave-up'. Do not award $\boldsymbol{R} \mathbf{1}$ if the second derivative is incorrect.

Question 1 continued

\section*{OR}
for $(0<) x<1,1-\frac{1}{x}<0 \quad \quad \boldsymbol{R} \mathbf{1}$\\
for $x>1,1-\frac{1}{x}>0$\\
R1\\
hence $x-\ln x$ has a minimum value of 1\\
Note: Award R1R1 for either a clearly labelled sign diagram/table (accept correct numerical values) or the graph of $y=1-\frac{1}{x}$ with sign change in gradient indicated.\\
Note: Award a maximum of AO(M1)A1A0R1 or AO(M1)A1R0R1 if no symbolic derivatives are seen.\\
(c)

\section*{EITHER}
$$
x-\ln x \geq 1\left(x \in \mathbb{R}^{+}\right)
$$R1

OR\\
$x-\ln x>0\left(x \in \mathbb{R}^{+}\right)$ ..... R1\\
THEN\\
so $x>\ln x$ ..... AG

Question 1 continued\\
(d)\\
Interval Number of intersection points

\begin{center}
\begin{tabular}{ll}
$0<a<1$ & $p=1$ \\
$1<a<1.4$ & $q=2$ \\
$1.5<a<2$ & $r=0$ \\
\end{tabular}
\end{center}

A1A2A1\\
Note: Award $\boldsymbol{A} 1$ for $p=1, \boldsymbol{A} 2$ for $q=2$ and $\boldsymbol{A 1}$ for $r=0$.\\
(e) METHOD 1

EITHER\\
$y=\log _{a} x$\\
$\frac{\mathrm{d} y}{\mathrm{~d} x}=\frac{1}{x \ln a}$\\
attempts to solve $\frac{1}{x \ln a}=1$ for $x$

OR\\
$y=x-\log _{a} x$\\
$\frac{\mathrm{d} y}{\mathrm{~d} x}=1-\frac{1}{x \ln a}$\\
attempts to solve $1-\frac{1}{x \ln a}=0$ for $x$

Question 1 continued

\section*{THEN}
$x=\frac{1}{\ln a} \mathrm{OR} x \ln a=1 \mathrm{OR} \ln a=\frac{1}{x} \mathrm{OR} \ln a^{x}=1 \mathrm{OR} \frac{1}{a^{x} \ln a}=1$\\
at $x=\frac{1}{\ln a}, \log _{a} x=x$\\
attempts to solve $\frac{\ln x}{\ln a}=\frac{1}{\ln a} \mathrm{OR} \ln x=1 \mathrm{OR}\left(\mathrm{e}^{\frac{1}{x}}\right)^{x}=x$ for $x$\\
$x=\mathrm{e}$\\
coordinates of P are (e,e) (accept $x=\mathrm{e}, y=\mathrm{e}$ )\\
attempts to solve $\frac{1}{\ln a}=\mathrm{e} \quad \mathrm{OR} \log _{a} \mathrm{e}=\mathrm{e}$ for $a$ analytically\\
$\ln a=\frac{1}{\mathrm{e}}$ OR $a^{\mathrm{e}}=\mathrm{e}$\\
$a=\mathrm{e}^{\frac{1}{e}}$

Question 1 continued

\section*{METHOD 2}
\section*{EITHER}

\begin{align*}
& y=\log _{a} x \\
& \frac{\mathrm{~d} y}{\mathrm{~d} x}=\frac{1}{x \ln a} \tag{A1}
\end{align*}


attempts to solve $\frac{1}{x \ln a}=1$ for $x$

OR


\begin{align*}
& y=x-\log _{a} x \\
& \frac{\mathrm{~d} y}{\mathrm{~d} x}=1-\frac{1}{x \ln a} \tag{A1}
\end{align*}


attempts to solve $1-\frac{1}{x \ln a}=0$ for $x$

\section*{THEN}
$x=\frac{1}{\ln a} \mathrm{OR} x \ln a=1 \mathrm{OR} \ln a=\frac{1}{x} \mathrm{OR} \ln a^{x}=1 \mathrm{OR} \frac{1}{a^{x} \ln a}=1$\\
at $x=\frac{1}{\ln a}, \log _{a} x=x$\\
attempts to solve $\log _{a}\left(\frac{1}{\ln a}\right)=\frac{1}{\ln a}$ for $a$

\section*{EITHER}
$\frac{\ln \left(\frac{1}{\ln a}\right)}{\ln a}=\frac{1}{\ln a} \Rightarrow \ln \left(\frac{1}{\ln a}\right)=1$

OR\\
for example, writes $a^{\log _{a}\left(\frac{1}{\ln a}\right)}=a^{\frac{1}{\ln a}}$ and then attempts to apply appropriate index/log laws to both sides: $\ln a=\frac{\log _{a} a}{\log _{a} \mathrm{e}}$ and so $\frac{1}{\ln a}=\log _{a} \mathrm{e}$\\
$a^{\frac{1}{\ln a}}=a^{\log _{a} \mathrm{e}}=\mathrm{e}$

Question 1 continued

\section*{THEN}
attempts to solve $\frac{1}{\ln a}=\mathrm{e}$ OR $\log _{a} \mathrm{e}=\mathrm{e}$ for $a$ analytically\\
$\ln a=\frac{1}{\mathrm{e}}$ OR $a^{\mathrm{e}}=\mathrm{e}$\\
$a=\mathrm{e}^{\frac{1}{\mathrm{e}}}$\\
$x=\frac{1}{\ln \mathrm{e}^{\frac{1}{\mathrm{e}}}}=\frac{1}{\frac{1}{\mathrm{e}}}$\\
coordinates of P are $(\mathrm{e}, \mathrm{e})$ (accept $x=\mathrm{e}, y=\mathrm{e}$ )

Question 1 continued

\section*{METHOD 3}

\begin{gather*}
y=\log _{a} x \\
\frac{\mathrm{~d} y}{\mathrm{~d} x}=\frac{1}{x \ln a} \tag{A1}
\end{gather*}


(equation of the tangent at $\left(x_{1}, y_{1}\right)$ is) $y=\frac{1}{x_{1} \ln a}\left(x-x_{1}\right)+\frac{\ln x_{1}}{\ln a}$ (or equivalent)\\
compares this equation with $y=x$ and attempts to form at least one of the following\\
$\frac{1}{x_{1} \ln a}=1 \mathrm{OR} \frac{\ln x_{1}-1}{\ln a}=0$\\
attempts to solve $\frac{1}{x_{1} \ln a}=1 \mathrm{OR} \frac{\ln x_{1}-1}{\ln a}=0$ for $x_{1}$\\
$x_{1}=\mathrm{e}$\\
coordinates of P are $(\mathrm{e}, \mathrm{e})$ (accept $x=\mathrm{e}, y=\mathrm{e}$ )\\
attempts to solve $\frac{1}{\mathrm{e} \ln a}=1$ (or equivalent) for $a$ analytically\\
$\ln a=\frac{1}{\mathrm{e}}$ OR $a^{\mathrm{e}}=\mathrm{e}$\\
$a=\mathrm{e}^{\frac{1}{e}}$\\
A1\\
\\
continued...

Question 1 continued\\
(f) $\quad$ (i) $1<a<\mathrm{e}^{\frac{1}{e}}$

Note: Award AO for $a<\mathrm{e}^{\frac{1}{e}}$\\
(ii) $\quad a>\mathrm{e}^{\frac{1}{e}}$

Note: Only award $\boldsymbol{F T}$ for $1.4<a<1.5$. If the value of $a$ is not exact, e.g. 1.44, award at most AOA1 in part (f) for a consistent approximate endpoint value. If a value of $a$ is not found in part (e), award at most A0A1 in part (f) for a consistent approximate endpoint value provided that $1.4<a<1.5$.\\
",Calculator Allowed,,,,,,,,,IBDP,,,,,,,,TRUE,2025,
,TRUE,2,31,2023,May,Paper 3,TZ2,"This question asks you to examine linear and quadratic functions constructed in systematic ways using arithmetic sequences.

Consider the function $L(x)=m x+c$ for $x \in \mathbb{R}$ where $m, c \in \mathbb{R}$ and $m, c \neq 0$.\\
Let $r \in \mathbb{R}$ be the root of $L(x)=0$.\\
If $m, r$ and $c$, in that order, are in arithmetic sequence then $L(x)$ is said to be an AS-linear function.\\
(a) Show that $L(x)=2 x-1$ is an AS-linear function.

Consider $L(x)=m x+c$.\\
(b) (i) Show that $r=-\frac{c}{m}$.\\
(ii) Given that $L(x)$ is an AS-linear function, show that $L(x)=m x-\frac{m^{2}}{m+2}$.\\
(iii) State any further restrictions on the value of $m$.

There are only three integer sets of values of $m, r$ and $c$, that form an AS-linear function. One of these is $L(x)=-x-1$.\\
(c) Use part (b) to determine the other two AS-linear functions with integer values of $m, r$ and $c$.

Consider the function $Q(x)=a x^{2}+b x+c$ for $x \in \mathbb{R}$ where $a \in \mathbb{R}, a \neq 0$ and $b, c \in \mathbb{R}$.\\
Let $r_{1}, r_{2} \in \mathbb{R}$ be the roots of $Q(x)=0$.\\
(d) Write down an expression for\\
(i) the sum of roots, $r_{1}+r_{2}$, in terms of $a$ and $b$.\\
(ii) the product of roots, $r_{1} r_{2}$, in terms of $a$ and $c$.\\


\section*{(Question 2 continued)}
If $a, r_{1}, b, r_{2}$ and $c$, in that order, are in arithmetic sequence, then $Q(x)$ is said to be an AS-quadratic function.\\
(e) Given that $Q(x)$ is an AS-quadratic function,\\
(i) write down an expression for $r_{2}-r_{1}$ in terms of $a$ and $b$;\\
(ii) use your answers to parts (d)(i) and (e)(i) to show that $r_{1}=\frac{a^{2}-a b-b}{2 a}$;\\
(iii) use the result from part (e)(ii) to show that $b=0$ or $a=-\frac{1}{2}$.

Consider the case where $b=0$.\\
(f) Determine the two AS-quadratic functions that satisfy this condition.

Now consider the case where $a=-\frac{1}{2}$.\\
(g) (i) Find an expression for $r_{1}$ in terms of $b$.\\
(ii) Hence or otherwise, determine the exact values of $b$ and $c$ such that AS-quadratic functions are formed.\\
Give your answers in the form $\frac{-p \pm q \sqrt{s}}{2}$ where $p, q, s \in \mathbb{Z}^{+}$.","Sequences and Series
Linear Functions
Quadratics","1. Numbers and Algebra
2. Functions",HL,"(a) $m=2, c=-1$\\
$r=\frac{1}{2}$\\
$2, \frac{1}{2},-1$

\section*{EITHER}
$d\left(=\frac{1}{2}-2=-1-\frac{1}{2}\right)=-\frac{3}{2}$

OR\\
this sequence has a common difference of $-\frac{3}{2}$

OR\\
the (arithmetic) mean of 2 and -1 is $\frac{1}{2}$

\section*{THEN}
hence $L(x)=2 x-1$ is an AS-linear function\\
(b) (i) $(L(r)=0 \Rightarrow) m r+c=0 \quad$ A1

$$
r=-\frac{c}{m}
$$

Note: Award $\boldsymbol{A} \boldsymbol{O}$ for numerical verification from $L(x)=2 x-1$ in part (a).

\section*{Question 2 continued}
(ii) METHOD 1

\section*{EITHER}
attempts to use $(d=) r-m=c-r$\\
Note: Award (M1) for attempting to use $(d=) m-r=r-c$.

$$
(d=)-\frac{c}{m}-m=c-\left(-\frac{c}{m}\right)
$$

Note: Award $\boldsymbol{A 1}$ for $(d=)-\frac{c}{m}-m=\frac{c-m}{2}$.\\
removes the denominator $m$ from their expression involving $m$ and $c$ $m^{2}+c m+2 c=0$ (or equivalent)

\section*{OR}
attempts to use $\frac{m+c}{2}=r$\\
$m+c=-\frac{2 c}{m}$\\
removes the denominator $m$ from their expression involving $m$ and $c$ $m^{2}+c m+2 c=0$ (or equivalent)

\section*{OR}
attempts to use $c=m+2 d$\\
$c=m+2\left(-\frac{c}{m}-m\right)$\\
Note: Award $\boldsymbol{A 1}$ for $c=m+2\left(c-\left(-\frac{c}{m}\right)\right)$.\\
removes the denominator $m$ from their expression involving $m$ and $c$ $m^{2}+c m+2 c=0$ (or equivalent)

\section*{Question 2 continued}
\section*{OR}
attempts to use $r=m+d$ and $c=m+2 d(c=m+2(r-m))$\\
$m^{2}+d m+m+2 d=0$ (or equivalent)\\
substitutes $d=\frac{c-m}{2}$ into their expression involving $m$ and $d$ $m^{2}+c m+2 c=0$ (or equivalent)

\section*{THEN}
$c(m+2)=-m^{2} \Rightarrow c=-\frac{m^{2}}{m+2}$\\
Note: Award $\boldsymbol{A 1}$ for a convincing demonstration that $c=-\frac{m^{2}}{m+2}$.\\
so $L(x)=m x-\frac{m^{2}}{m+2}$\\
Note: Do not accept working backwards from the $\boldsymbol{A G}$.

\section*{METHOD 2}
considers $L(x)=m x-m r$\\
attempts to use $(d=) r-m=c-r$\\
Note: Award (M1) for attempting to use $(d=) m-r=r-c$.\\
$(d=) r-m=-m r-r$\\
attempts to express $r$ in terms of $m$\\
$2 r+m r=m \Rightarrow r=\frac{m}{m+2}$\\
so $L(x)=m x-\frac{m^{2}}{m+2}$\\
Note: Do not accept working backwards from the $\boldsymbol{A G}$.

Question 2 continued\\
(iii) $\quad m \neq-2(m \neq 0)$\\
(c)\\
attempts to find an integer value of $m$\\
e.g. uses the result that $m+2$ exactly divides 2 OR uses a table OR uses a graph and slider OR uses systematic trial and error

Note: Award (M1) for solving $m^{2}=k(m+2)$ for $m$ or solving $m r-\frac{m^{2}}{m+2}=0$ for $m$ or solving $m^{2}+c m+2 c=0$ for $m$.\\
$m=-4$ OR $m=-3$\\
$-4,2,8$ OR $-3,3,9$\\
$L(x)=-4 x+8, L(x)=-3 x+9$\\
Note: Award (M1)(A1)AO for $-4 x+8$ and $-3 x+9$.\\
(d) (i) $-\frac{b}{a}$\\
(ii) $\frac{c}{a}$

Question 2 continued\\
(e) (i) $b-a$

Note: Award marks as appropriate in parts (e) (ii) and (iii) for use of $r_{1}-r_{2}=a-b$.\\
(ii) attempts to eliminate $r_{2}$

$$
2 r_{1}=-\frac{b}{a}-(b-a) \Rightarrow 2 r_{1}=\frac{a^{2}-a b-b}{a} \text { (or equivalent) }
$$

Note: Award $\boldsymbol{A 1}$ for a correct alternative form of $\pm r_{1}$ or $\pm 2 r_{1}$.

$$
\text { so } r_{1}=\frac{a^{2}-a b-b}{2 a}
$$

Note: Do not accept working backwards from the $A G$.\\
\\
continued...

Question 2 continued

\section*{(iii) METHOD 1}
\section*{EITHER}
$\left(r_{1}=\right) \frac{a+b}{2}$\\
attempts to equate two expressions for either $r_{1}$ or $2 r_{1}$ in terms of $a$ and $b$\\
$\frac{a+b}{2}=\frac{a^{2}-a b-b}{2 a}$ OR $a+b=\frac{a^{2}-a b-b}{a}$

OR\\
$b-r_{1}=r_{1}-a$\\
attempts to use $b-r_{1}=r_{1}-a$ with $r_{1}=\frac{a^{2}-a b-b}{2 a}$\\
$b-\left(\frac{a^{2}-a b-b}{2 a}\right)=\frac{a^{2}-a b-b}{2 a}-a$\\
OR\\
$\left(r_{1}=\right) a+d$\\
attempts to use $r_{1}=a+d$ with $r_{1}=\frac{a^{2}-a b-b}{2 a}$ and $d=\frac{b-a}{2}$\\
$\frac{a^{2}-a b-b}{2 a}=a+\frac{b-a}{2}$

\section*{THEN}
$$
\begin{aligned}
& 2 a^{2}+2 a b=2 a^{2}-2 a b-2 b \text { OR } a^{2}+a b=a^{2}-a b-b \\
& 4 a b+2 b=0 \text { OR } 2 a b+b=0 \\
& 2 b(2 a+1)=0 \text { OR } b(2 a+1)=0
\end{aligned}
$$

Note: Award (A1)M1 for any valid approach that correctly leads to $2 a b+b=0$ (or equivalent).\\
Do not accept numerical verification from the $\boldsymbol{A G}$.

$$
\text { so } b=0 \text { or } a=-\frac{1}{2}
$$

Question 2 continued

\section*{METHOD 2}
$(b=) a+2 d$ OR $\left(r_{1}=\right) a+d$\\
attempts to equate two expressions for either $r_{1}$ or $2 r_{1}$ in terms of $a$ and $d$

$$
\begin{aligned}
& a+d=\frac{a^{2}-a(a+2 d)-(a+2 d)}{2 a} \text { OR } 2(a+d)=\frac{a^{2}-a(a+2 d)-(a+2 d)}{a} \\
& 2 a^{2}+4 a d+a+2 d=0 \\
& (2 a+1)(a+2 d)=0
\end{aligned}
$$

Note: Do not accept numerical verification from the $\boldsymbol{A G}$.

$$
\text { so } b=0 \text { or } a=-\frac{1}{2}
$$

Question 2 continued

\section*{(f) METHOD 1}
$r_{1}=\frac{a}{2}$ OR $r_{2}=-\frac{a}{2}$ OR $d=-\frac{a}{2}$\\
$c=-a$\\
attempts to find the values of $a$

\section*{EITHER}
the roots of $a x^{2}-a=0$ are $\pm 1$ and $\frac{a}{2}= \pm 1$

OR\\
substitutes $x= \pm \frac{a}{2}$ into $a x^{2}-a=0$ giving $\frac{a^{3}}{4}-a=0$

OR\\
$\left(r_{1} r_{2}=\right) \frac{c}{a}=-\frac{a^{2}}{4} \Rightarrow c=-\frac{a^{3}}{4}$ and so $-a=-\frac{a^{3}}{4} \Rightarrow \frac{a^{3}}{4}-a=0$\\
Note: Award (M1) for attempting to find the values of $a$ from their arithmetic sequence expressed in terms of $a$.

OR\\
$c-r_{2}=r_{2}-b \Rightarrow-\frac{a^{3}}{4}-\left(-\frac{a}{2}\right)=-\frac{a}{2} \Rightarrow \frac{a^{3}}{4}-a=0$

\section*{THEN}
$a= \pm 2$\\
$\left(r_{1}= \pm 1, b=0, r_{2}=\mp 1, c=\mp 2\right)$\\
so $Q(x)=2 x^{2}-2, Q(x)=-2 x^{2}+2$\\
Note: Award $\boldsymbol{A O}$ for $2 x^{2}-2$ and $-2 x^{2}+2$.\\
Award (A1)(A1)(M1)(AO)AO for obtaining either $a=2$ or $a=-2$.

Question 2 continued

\section*{METHOD 2}
$r_{1}=-d$ OR $r_{2}=d$ OR $a=-2 d$\\
$c=2 d$\\
attempts to find the values of $d$

\section*{EITHER}
the roots of $-2 d x^{2}+2 d=0$ are $\pm 1$

\section*{OR}
substitutes $x= \pm d$ into $-2 d x^{2}+2 d=0$ giving $-2 d^{3}+2 d=0$

\section*{OR}
attempts to use $r_{1} r_{2}=\frac{c}{a}$ to form $-d^{2}=\frac{2 d}{-2 d}$\\
Note: Award (M1) for attempting to find the values of $d$ from their arithmetic sequence expressed in terms of $d$.

\section*{THEN}
$d= \pm 1$\\
$\left(a= \pm 2, r_{1}= \pm 1, b=0, r_{2}=\mp 1, c=\mp 2\right)$\\
so $Q(x)=2 x^{2}-2, Q(x)=-2 x^{2}+2$\\
Note: Award $\boldsymbol{A O}$ for $2 x^{2}-2$ and $-2 x^{2}+2$.\\
Award (A1)(A1)(M1)(AO)AO for obtaining either $d=1$ or $d=-1$.\\
continued...

\section*{Question 2 continued}
\section*{METHOD 3}
$$
\begin{aligned}
& a=2 r_{1} \text { OR } r_{2}=-r_{1} \text { OR } d=-r_{1} \\
& c=-2 r_{1}
\end{aligned}
$$

attempts to find the values of $r_{1}$

\section*{EITHER}
the roots of $2 r_{1} x^{2}-2 r_{1}=0$ are $\pm 1$\\
OR\\
substitutes $x= \pm r_{1}$ into $2 r_{1} x^{2}-2 r_{1}=0$ giving $2 r_{1}^{3}-2 r_{1}=0$\\
OR\\
attempts to use $r_{1} r_{2}=\frac{c}{a}$ to form $-r_{1}^{2}=\frac{-2 r_{1}}{2 r_{1}}$\\
Note: Award (M1) for attempting to find the values of $r_{1}$ from their arithmetic sequence expressed in terms of $r_{1}$.

THEN\\
$r_{1}= \pm 1$\\
$\left(a= \pm 2, r_{1}= \pm 1, b=0, r_{2}=\mp 1, c=\mp 2\right)$\\
so $Q(x)=2 x^{2}-2, Q(x)=-2 x^{2}+2$\\
Note: Award $\boldsymbol{A O}$ for $2 x^{2}-2$ and $-2 x^{2}+2$.\\
Award (A1)(A1)(M1)(A0)AO for obtaining either $r_{1}=1$ or $r_{1}=-1$.

Question 2 continued\\
(g) (i) attempts to express $r_{1}$ in terms of $b$ with $a=-\frac{1}{2}$

Note: Do not award (M1) if $a=\frac{1}{2}$ is used.

\section*{EITHER}
uses $r_{1}=\frac{a+b}{2}$

\section*{OR}
uses $r_{1}=\frac{a^{2}-a b-b}{2 a}$

OR\\
uses $r_{1}-a=b-r_{1}$

\section*{THEN}
$r_{1}=\frac{2 b-1}{4}\left(=\frac{b}{2}-\frac{1}{4},=\frac{b-\frac{1}{2}}{2}\right)$\\
\\
continued...

Question 2 continued\\
(ii) METHOD 1

\section*{EITHER}
substitutes their expression for $r_{1}$ with $a=-\frac{1}{2}$ into $Q(x)(=0)$\\
$Q\left(\frac{2 b-1}{4}\right)(=0) \Rightarrow-\frac{1}{2}\left(\frac{2 b-1}{4}\right)^{2}+b\left(\frac{2 b-1}{4}\right)+c(=0)$

\section*{OR}
$r_{2}=\frac{6 b+1}{4}\left(=\frac{3 b}{2}+\frac{1}{4}\right)$\\
substitutes their expression for $r_{2}$ with $a=-\frac{1}{2}$ into $Q(x)(=0)$\\
$Q\left(\frac{6 b+1}{4}\right)(=0) \Rightarrow-\frac{1}{2}\left(\frac{6 b+1}{4}\right)^{2}+b\left(\frac{6 b+1}{4}\right)+c(=0)$

\section*{THEN}
$c=\frac{4 b+1}{2}\left(=2 b+\frac{1}{2}\right)$ (seen anywhere)\\
$4 b^{2}+20 b+5=0$\\
attempts to solve their quadratic in $b$\\
$b=\frac{-5 \pm 2 \sqrt{5}}{2}$\\
substitutes into $c=\frac{4 b+1}{2}$\\
$c=\frac{-9 \pm 4 \sqrt{5}}{2}$\\
Note: Award AOAO for $b$ and $c$ expressed as decimal values.

Note: Award a maximum of (M1)A1(M1)AOAOFT for FT from part (g) (i).

Question 2 continued

\section*{METHOD 2}
substitutes their expressions for $r_{1}$ and $r_{2}$ with $a=-\frac{1}{2}$ into $Q(x)$\\
$-\frac{1}{2}\left(x-\left(\frac{2 b-1}{4}\right)\right)\left(x-\left(\frac{6 b+1}{4}\right)\right)$\\
$-\frac{1}{2} x^{2}+b x-\frac{3}{8} b^{2}+\frac{1}{8} b+\frac{1}{32}$\\
$c=\frac{4 b+1}{2}\left(=2 b+\frac{1}{2}\right)$ (seen anywhere)\\
$2 b+\frac{1}{2}=-\frac{3}{8} b^{2}+\frac{1}{8} b+\frac{1}{32}$\\
$4 b^{2}+20 b+5=0$\\
attempts to solve their quadratic in $b$\\
$b=\frac{-5 \pm 2 \sqrt{5}}{2}$\\
substitutes into $c=\frac{4 b+1}{2}$\\
$c=\frac{-9 \pm 4 \sqrt{5}}{2}$\\
Note: Award $A O A O$ for $b$ and $c$ expressed as decimal values.

Note: Award a maximum of (M1)A1(M1)AOAOFT for $\boldsymbol{F T}$ from part (g) (i).

Question 2 continued

\section*{METHOD 3}
$r_{2}=\frac{6 b+1}{4}\left(=\frac{3 b}{2}+\frac{1}{4}\right)$\\
substitutes their expressions for $r_{1}$ and $r_{2}$ with $a=-\frac{1}{2}$ into $r_{1} r_{2}=\frac{c}{a}$\\
$\left(\frac{2 b-1}{4}\right)\left(\frac{6 b+1}{4}\right)=\frac{c}{-\frac{1}{2}}$ (or equivalent)

\section*{EITHER}
$c=\frac{4 b+1}{2}\left(=2 b+\frac{1}{2}\right)$ (seen anywhere)\\
OR\\
$-\frac{1}{2}\left(\frac{2 b-1}{4}\right)\left(\frac{6 b+1}{4}\right)-\left(\frac{6 b+1}{4}\right)=\frac{2 b-1}{4}-\left(-\frac{1}{2}\right)$

\section*{THEN}
$4 b^{2}+20 b+5=0$\\
attempts to solve their quadratic in $b$\\
$b=\frac{-5 \pm 2 \sqrt{5}}{2}$\\
substitutes into $c=\frac{4 b+1}{2}$\\
$c=\frac{-9 \pm 4 \sqrt{5}}{2}$\\
Note: Award AOAO for $b$ and $c$ expressed as decimal values.

Note: Award a maximum of (M1)A1(M1)AOAOFT for FT from part (g) (i).

Question 2 continued

\section*{METHOD 4}
attempts to equate two expressions for $r_{1}$ with $a=-\frac{1}{2}$\\
$\frac{-b \pm \sqrt{b^{2}+2 c}}{-1}=\frac{2 b-1}{4}\left( \pm \sqrt{b^{2}+2 c}=\frac{2 b+1}{4}\right)$\\
$c=\frac{4 b+1}{2}\left(=2 b+\frac{1}{2}\right)$ (seen anywhere)\\
$12 b^{2}-4 b-1+32\left(2 b+\frac{1}{2}\right)=0\left(4 b^{2}+20 b+5=0\right)$\\
attempts to solve their quadratic in $b$\\
$b=\frac{-5 \pm 2 \sqrt{5}}{2}$\\
substitutes into $c=\frac{4 b+1}{2}$\\
$c=\frac{-9 \pm 4 \sqrt{5}}{2}$\\
Note: Award $\boldsymbol{A O A O}$ for $b$ and $c$ expressed as decimal values.

Note: Award a maximum of (M1)A1(M1)AOAOFT for FT from part (g) (i).

Question 2 continued

\section*{METHOD 5}
\section*{EITHER}
$r_{1}=d-\frac{1}{2}$\\
substitutes their expression for $r_{1}$ in terms of $d$ with $a=-\frac{1}{2}$ into $Q(x)(=0)$\\
$Q\left(d-\frac{1}{2}\right)(=0) \Rightarrow-\frac{1}{2}\left(d-\frac{1}{2}\right)^{2}+b\left(d-\frac{1}{2}\right)+c(=0)$\\
OR\\
$r_{2}=3 d-\frac{1}{2}$\\
substitutes their expression for $r_{2}$ in terms of $d$ with $a=-\frac{1}{2}$ into $Q(x)(=0)$\\
$Q\left(3 d-\frac{1}{2}\right)(=0) \Rightarrow-\frac{1}{2}\left(3 d-\frac{1}{2}\right)^{2}+b\left(3 d-\frac{1}{2}\right)+c(=0)$

\section*{THEN}
$b=2 d-\frac{1}{2}$ and $c=4 d-\frac{1}{2}$ (seen anywhere)\\
$4 d^{2}+8 d-1=0$\\
attempts to solve their quadratic in $d$\\
$d=\frac{-2 \pm \sqrt{5}}{2}$\\
$b=\frac{-5 \pm 2 \sqrt{5}}{2}$\\
substitutes into $c=\frac{4 b+1}{2}$\\
$c=\frac{-9 \pm 4 \sqrt{5}}{2}$

Note: Award $\boldsymbol{A O A O}$ for $b$ and $c$ expressed as decimal values.

Note: Award a maximum of (M1)A1(M1)A0A0FT for FT from part (g) (i).

Question 2 continued

\section*{METHOD 6}
$r_{1}=d-\frac{1}{2}$ and $r_{2}=3 d-\frac{1}{2}$\\
substitutes their expressions for $r_{1}$ and $r_{2}$ in terms of $d$ with $a=-\frac{1}{2}$ into $r_{1} r_{2}=\frac{c}{a}$ (M1)\\
$\left(d-\frac{1}{2}\right)\left(3 d-\frac{1}{2}\right)=\frac{c}{-\frac{1}{2}}$ (or equivalent)\\
$c=4 d-\frac{1}{2}$ (seen anywhere)\\
A1\\
$4 d^{2}+8 d-1=0$\\
attempts to solve their quadratic in $d$\\
$d=\frac{-2 \pm \sqrt{5}}{2}$\\
$b=\frac{-5 \pm 2 \sqrt{5}}{2}$\\
A1\\
substitutes into $c=\frac{4 b+1}{2}$\\
$c=\frac{-9 \pm 4 \sqrt{5}}{2}$

Note: Award AOAO for $b$ and $c$ expressed as decimal values.

Note: Award a maximum of (M1)A1(M1)AOAOFT for FT from part (g) (i).


\end{document}",Calculator Allowed,,,,,,,,,IBDP,,,,,,,,TRUE,2025,
,TRUE,1,24,2023,Nov,Paper 3,TZ0,"This question asks you to explore some properties of the family of curves $y=x^{3}+a x^{2}+b$ where $x \in \mathbb{R}$ and $a, b$ are real parameters.

Consider the family of curves $y=x^{3}+a x^{2}+b$ for $x \in \mathbb{R}$, where $a \in \mathbb{R}, a \neq 0$ and $b \in \mathbb{R}$.\\
First consider the case where $a=3$ and $b \in \mathbb{R}$.\\
(a) By systematically varying the value of $b$, or otherwise, find the two values of $b$ such that the curve $y=x^{3}+3 x^{2}+b$ has exactly two $x$-axis intercepts.\\
(b) Write down the set of values of $b$ such that the curve $y=x^{3}+3 x^{2}+b$ has exactly\\
(i) one $x$-axis intercept;\\
(ii) three $x$-axis intercepts.

Now consider the case where $a=-3$ and $b \in \mathbb{R}$.\\
(c) Write down the set of values of $b$ such that the curve $y=x^{3}-3 x^{2}+b$ has exactly\\
(i) two $x$-axis intercepts;\\
(ii) one $x$-axis intercept;\\
(iii) three $x$-axis intercepts.\\
\\
For the following parts of this question, consider the curve $y=x^{3}+a x^{2}+b$ for $a \in \mathbb{R}, a \neq 0$ and $b \in \mathbb{R}$.\\
(d) Consider the case where the curve has exactly three $x$-axis intercepts. State whether each point of zero gradient is located above or below the $x$-axis.\\
(e) Show that the curve has a point of zero gradient at $\mathrm{P}(0, b)$ and a point of zero gradient at $\mathrm{Q}\left(-\frac{2}{3} a, \frac{4}{27} a^{3}+b\right)$.\\
(f) Consider the points P and Q for $a>0$ and $b>0$.\\
(i) Find an expression for $\frac{\mathrm{d}^{2} y}{\mathrm{~d} x^{2}}$ and hence determine whether each point is a local maximum or a local minimum.\\
(ii) Determine whether each point is located above or below the $x$-axis.\\
(g) Consider the points P and Q for $a<0$ and $b>0$.\\
(i) State whether P is a local maximum or a local minimum and whether it is above or below the $x$-axis.\\
(ii) State the conditions on $a$ and $b$ that determine when Q is below the $x$-axis.\\
(h) Prove that if $4 a^{3} b+27 b^{2}<0$ then the curve, $y=x^{3}+a x^{2}+b$, has exactly three $x$-axis intercepts.\\","Polynomials
Modulus & Inequalities
Differential Calculus","2. Functions
5. Calculus",HL,"(a) varies the value of $b$ with $a=3$


Note: The (M1) in part (a) can also be awarded for a correct answer to either part (b)(i) or (b)(ii).\\
Award (M1) for evidence that $b=0$ case is considered/determined.\\
$b=-4,0$\\
\\
(b) (i) $b<-4$ or $b>0$ A1\\
\\
(ii) $-4<b<0$ A1\\
\\
continued...

Question 1 continued\\
(c) (i) $b=0,4 \quad \boldsymbol{A 1}$\\
\\
(ii) $b<0$ or $b>4 \quad$ A1\\
\\
(iii) $0<b<4 \quad$ A1\\
\\
continued...\\
(d) one point of zero gradient is located on either side (of the $x$-axis) (or equivalent)\\
(e) METHOD 1


\begin{equation*}
\frac{\mathrm{d} y}{\mathrm{~d} x}=3 x^{2}+2 a x \tag{A1}
\end{equation*}


attempts to solve their $\frac{\mathrm{d} y}{\mathrm{~d} x}=0$ for $x$\\
$x(3 x+2 a)(=0)$ OR $x=\frac{-2 a \pm \sqrt{4 a^{2}}}{6}$ OR $x+\frac{a}{3}= \pm \frac{a}{3}$\\
$x=-\frac{2}{3} a, 0$\\
when $x=0, y=b$ and so $\mathrm{P}(0, b)$ is a point of zero gradient\\
Note: The following two marks are independent of the first three marks.\\
substitutes their expression for $x$ in terms of $a$ into $y=x^{3}+a x^{2}+b$\\
$y=\left(-\frac{2}{3} a\right)^{3}+a\left(-\frac{2}{3} a\right)^{2}+b$\\
$y=-\frac{8}{27} a^{3}+\frac{4}{9} a^{3}+b\left(y=-\frac{8}{27} a^{3}+\frac{12}{27} a^{3}+b\right)$\\
so $\mathrm{Q}\left(-\frac{2}{3} a, \frac{4}{27} a^{3}+b\right)$ is a point of zero gradient

\section*{Question 1 continued}
\section*{METHOD 2}

\begin{equation*}
\frac{\mathrm{d} y}{\mathrm{~d} x}=3 x^{2}+2 a x \tag{A1}
\end{equation*}


substitutes either $x=0$ or $x=-\frac{2}{3} a$ into their $\frac{\mathrm{d} y}{\mathrm{~d} x}$\\
when $x=0, \frac{\mathrm{~d} y}{\mathrm{~d} x}=0$ and $y=b$ so $\mathrm{P}(0, b)$ is a point of zero gradient

$$
\begin{aligned}
& \frac{\mathrm{d} y}{\mathrm{~d} x}=3\left(-\frac{2}{3} a\right)^{2}+2 a\left(-\frac{2}{3} a\right) \\
& =\frac{4}{3} a^{2}-\frac{4}{3} a^{2}(=0)\left(=3\left(\frac{4}{9} a^{2}\right)-\frac{4}{3} a^{2}(=0),=\frac{12}{9} a^{2}-\frac{4}{3} a^{2}(=0)\right)
\end{aligned}
$$

and so $\frac{\mathrm{d} y}{\mathrm{~d} x}=0$ when $x=-\frac{2}{3} a$\\
Note: The following two marks are independent of the first three marks.\\
substitutes $x=-\frac{2}{3} a$ into $y=x^{3}+a x^{2}+b$


\begin{align*}
& y=\left(-\frac{2}{3} a\right)^{3}+a\left(-\frac{2}{3} a\right)^{2}+b \\
& y=-\frac{8}{27} a^{3}+\frac{4}{9} a^{3}+b\left(y=-\frac{8}{27} a^{3}+\frac{12}{27} a^{3}+b\right) \tag{A1}
\end{align*}


so $\mathrm{Q}\left(-\frac{2}{3} a, \frac{4}{27} a^{3}+b\right)$ is a point of zero gradient

Question 1 continued\\
(f)\\
(i) $\frac{\mathrm{d}^{2} y}{\mathrm{~d} x^{2}}=6 x+2 a$\\
when $x=0, \frac{\mathrm{~d}^{2} y}{\mathrm{~d} x^{2}}=2 a(a>0)$ and so $(\mathrm{P})$ is a (local) minimum (point)\\
when $x=-\frac{2}{3} a, \frac{\mathrm{~d}^{2} y}{\mathrm{~d} x^{2}}=-2 a(a>0)$ and so $(\mathrm{Q})$ is a (local) maximum (point)\\
(ii) ( P and Q are) both above (the $x$-axis)

Note: Award $\boldsymbol{A 1}$ if it is made clear that both points are above (the $x$-axis).\\
Accept a labelled sketch that clearly shows this information.

Question 1 continued\\
(g) (i) (P ) is a (local) maximum (point) and is above (the $x$-axis) A1\\
\\
(ii) ( Q is below the $x$-axis when) $\frac{4}{27} a^{3}+b<0 \quad \quad \boldsymbol{A 1}$

Note: Award $\boldsymbol{A 1}$ for an equivalent correct inequality, eg. $\frac{4}{27} a^{3}<-b$.\\
Accept a labelled sketch that clearly shows this information.

\section*{Question 1 continued}
\section*{(h) METHOD 1}
attempts to factorize $4 a^{3} b+27 b^{2}(<0)$\\
$27 b\left(\frac{4}{27} a^{3}+b\right)(<0)$ OR $b\left(4 a^{3}+27 b\right)(<0)$\\
$b>0$ and $\frac{4}{27} a^{3}+b<0$ or $b<0$ and $\frac{4}{27} a^{3}+b>0$\\
Note: Only award this $\boldsymbol{A 1}$ if both cases are stated.\\
Award A1 for stating that exactly one of $b$ and $\frac{4}{27} a^{3}+b$ is less than zero (or equivalent).\\
when $b$ and $\frac{4}{27} a^{3}+b$ have opposite sign, P and Q are located on either side (of the $x$-axis) (or equivalent)

Note: Accept labelled sketches that clearly show this information.\\
P and Q are located on either side (of the $x$-axis) if (and only if) the curve has exactly three $x$-axis intercepts\\
if $4 a^{3} b+27 b^{2}<0$, then the graph of $y=x^{3}+a x^{2}+b$ has exactly three $x$-axis intercepts

Note: For proving the converse, award a maximum of 3 marks (likely to be similar steps but presented in reverse; $2^{\text {nd }} \boldsymbol{A} 1$ line not necessary in reverse method).

\section*{Question 1 continued}
\section*{METHOD 2}
attempts to factorize $4 a^{3} b+27 b^{2}(<0)$\\
$27 b\left(\frac{4}{27} a^{3}+b\right)(<0)$ OR $b\left(4 a^{3}+27 b\right)(<0)$\\
either $b>0$ and $\frac{4}{27} a^{3}+b<0$ or $b<0$ and $\frac{4}{27} a^{3}+b>0$\\
Note: Only award this $\boldsymbol{A 1}$ if both cases are stated.\\
Award A1 for stating that exactly one of $b$ and $\frac{4}{27} a^{3}+b$ is less than zero (or equivalent).\\
$b>0$ and $\frac{4}{27} a^{3}+b<0,\left(\Rightarrow 0<b<-\frac{4}{27} a^{3}\right) \Rightarrow a<0$ and hence three $x$-axis intercepts\\
$b<0$ and $\frac{4}{27} a^{3}+b>0,\left(\Rightarrow-\frac{4}{27} a^{3}<b<0\right) \Rightarrow a>0$ and hence three $x$-axis intercepts

Note: Accept labelled sketches that clearly show this information.\\
if $4 a^{3} b+27 b^{2}<0$, then the graph of $y=x^{3}+a x^{2}+b$ has exactly three $x$-axis intercepts

Note: For proving the converse, award a maximum of 3 marks (likely to be similar steps but presented in reverse; $2^{\text {nd }} \boldsymbol{A} 1$ line not necessary in reverse method).\\",Calculator Allowed,,,,,,,,,IBDP,,,,,,,,TRUE,2025,
,TRUE,2,31,2023,Nov,Paper 3,TZ0,"This question begins by asking you to examine families of curves that intersect every member of another family of curves at right-angles. You will then examine a family of curves that intersects every member of another family of curves at an acute angle, $\alpha$.\\
(a) Consider a family of straight lines, $L$, with equation $y=m x$, where $m$ is a parameter. Each member of $L$ intersects every member of a family of curves, $C$, at right-angles.

Note: In parts (i), (ii) and (iii), you are not required to consider the case where $x=0$.\\
(i) Write down an expression for the gradient of $L$ in terms of $x$ and $y$.\\
(ii) Hence show that the gradient of $C$ is given by $\frac{\mathrm{d} y}{\mathrm{~d} x}=-\frac{x}{y}$.\\
(iii) By solving the differential equation $\frac{\mathrm{d} y}{\mathrm{~d} x}=-\frac{x}{y}$, show that the family of curves, $C$, has equation $x^{2}+y^{2}=k$ where $k$ is a parameter.

A family of curves has equation $y^{2}=4 a^{2}-4 a x$ where $a$ is a positive real parameter.\\
A second family of curves has equation $y^{2}=4 b^{2}+4 b x$ where $b$ is a positive real parameter.\\
(b) Consider the case where $a=2$ and $b=1$. On the same set of axes, sketch the curves $y^{2}=16-8 x$ and $y^{2}=4+4 x$. On your sketch, clearly label each curve and any $x$-intercepts.

Note: You are not required to find the coordinates of any points of intersection of the two curves.\\
(c) By solving $y^{2}=4 a^{2}-4 a x$ and $y^{2}=4 b^{2}+4 b x$ simultaneously, show that these curves intersect at the points $\mathrm{M}(a-b, 2 \sqrt{a b})$ and $\mathrm{N}(a-b,-2 \sqrt{a b})$.\\
(d) At point M , show that the curves $y^{2}=4 a^{2}-4 a x$ and $y^{2}=4 b^{2}+4 b x$ intersect at right-angles.\\
\\
Consider two families of curves, $F$ and $G$.\\
The gradient of $F$ is denoted by $f(x, y)$.\\
The gradient of $G$ is denoted by $g(x, y)$.\\
Each member of $F$ intersects every member of $G$ at an acute angle, $\alpha$.\\
It can be shown that

$$
g(x, y)=\frac{f(x, y)+\tan \alpha}{1-f(x, y) \tan \alpha}
$$

In part (e), consider the specific case where $f(x, y)=-\frac{x}{y}$, for $x \neq 0, y \neq 0$ and $\alpha=\frac{\pi}{4}$.\\
(e) (i) Show that $g(x, y)=\frac{y-x}{y+x}$.\\
(ii) Hence, by solving the homogeneous differential equation $\frac{\mathrm{d} y}{\mathrm{~d} x}=\frac{y-x}{y+x}$, find a general equation that represents this family of curves, $G$. Give your answer in the form $h(x, y)=d$ where $d$ is a parameter.\\
(f) By considering $\lim _{\alpha \rightarrow \frac{\pi}{2}} \tan \alpha$, show that, for all finite $f(x, y)$,


\begin{equation*}
\lim _{\alpha \rightarrow \frac{\pi}{2}} g(x, y)=-\frac{1}{f(x, y)} \tag{2}
\end{equation*}","Differential Calculus
Integral Calculus
Differential Equations",5. Calculus,HL,"(a) (i) $\frac{y}{x}$\\
(ii) $\frac{\mathrm{d} y}{\mathrm{~d} x}=-\frac{1}{\left(\frac{y}{x}\right)}\left(=-\frac{1}{m}\right)$

Note: Award $\boldsymbol{A 1}$ for responses such as 'the gradient is the negative (opposite) reciprocal of $\frac{y}{x}$ or $\frac{y}{x} \times m=-1$ (or equivalent).\\
Award $\boldsymbol{A} 1$ for $\frac{y}{x} \times\left(-\frac{x}{y}\right)=-1$.\\
Do not award $\boldsymbol{F T}$ from part (a) (i).

$$
\text { so } \frac{\mathrm{d} y}{\mathrm{~d} x}=-\frac{x}{y}
$$

Question 2 continued\\
(iii) attempts to separate variables $x$ and $y$

$$
\int y \mathrm{~d} y=-\int x \mathrm{~d} x
$$

Note: Award (M1) for $y \mathrm{~d} y=-x \mathrm{~d} x$.

$$
\frac{y^{2}}{2}=-\frac{x^{2}}{2}+c
$$

Note: Award $\boldsymbol{A} \mathbf{1}$ for $\frac{y^{2}}{2}+c_{1}=-\frac{x^{2}}{2}+c_{2}$.\\
Award $A O$ for $\frac{y^{2}}{2}=-\frac{x^{2}}{2}$.

$$
\begin{aligned}
& \frac{x^{2}}{2}+\frac{y^{2}}{2}=c \\
& \Rightarrow x^{2}+y^{2}=k \quad(\text { where } k=2 c)
\end{aligned}
$$

Question 2 continued\\
(b)\\
\includegraphics[width=0.4\textwidth]{2024_10_08_a90f1e42dc749dd8adf3g-17}\\
two parabolic shaped curves with approximately correct shape/position\\
(e.g. two intersection points, in first and fourth quadrant)\\
$x$-intercepts -1 and $2 \quad$ A1

\section*{Question 2 continued}
(c) at intersection, $4 a^{2}-4 a x=4 b^{2}+4 b x$

$$
4 a^{2}-4 b^{2}=4 a x+4 b x\left(a^{2}-b^{2}=a x+b x, 4 a^{2}-4 b^{2}-4 a x-4 b x=0\right)
$$

attempts to factorize either the LHS or the RHS of the first two equations above (or equivalent) OR attempts to partially factorize the LHS side of $a^{2}-b^{2}-a x-b x=0$ (or equivalent)

$$
(a+b)(a-b)=(a+b) x
$$

Note: Accept alternative forms such as $4(a+b)(a-b)=4(a+b) x$ or $(a+b)((a-b)-x)=0$.\\
recognition that $a+b>0$ (or equivalent, eg. $a>0, b>0$ ) (allows division by $a+b)$

Note: Subsequent marks are not dependent on this R1.\\
$x=a-b$

Note: As $x=a-b$ is an $\boldsymbol{A G}$, only award the above $\boldsymbol{A 1}$ if $a^{2}-b^{2}=(a+b)(a-b)$ has been used.\\
substitutes $x=a-b$ into either $y^{2}=4 a^{2}-4 a x$ or $y^{2}=4 b^{2}+4 b x$ and attempts to simplify

$$
\begin{aligned}
& y^{2}=4 a^{2}-4 a(a-b) \text { OR } y^{2}=4 b^{2}+4 b(a-b) \\
& y^{2}=4 a^{2}-4 a^{2}+4 a b \Rightarrow y= \pm 2 \sqrt{a b}
\end{aligned}
$$A1so $\mathrm{M}(a-b, 2 \sqrt{a b})$ and $\mathrm{N}(a-b,-2 \sqrt{a b})$$A G$

(d) METHOD 1\\
attempts implicit differentiation on either curve\\
$\frac{\mathrm{d} y}{\mathrm{~d} x}=-\frac{4 a}{2 y}$ (or equivalent) and $\frac{\mathrm{d} y}{\mathrm{~d} x}=\frac{4 b}{2 y}$ (or equivalent)\\
substitutes $y=2 \sqrt{a b}$ into either $\frac{\mathrm{d} y}{\mathrm{~d} x}=-\frac{4 a}{2 y}$ or $\frac{\mathrm{d} y}{\mathrm{~d} x}=\frac{4 b}{2 y}$\\
$\frac{\mathrm{d} y}{\mathrm{~d} x}=-\sqrt{\frac{a}{b}}\left(=-\frac{a}{\sqrt{a b}}\right)$ and $\frac{\mathrm{d} y}{\mathrm{~d} x}=\sqrt{\frac{b}{a}}\left(=\frac{b}{\sqrt{a b}}\right)$ (or equivalent)

\section*{EITHER}
$-\sqrt{\frac{a}{b}} \times \sqrt{\frac{b}{a}}=-1$ OR $-\frac{a}{\sqrt{a b}} \times \frac{b}{\sqrt{a b}}=-1$ (or equivalent)\\
OR\\
eg. the negative (opposite) reciprocal of $-\sqrt{\frac{a}{b}}$ is $\sqrt{\frac{b}{a}}$ (or equivalent)

\section*{OR}
the product of the two gradients is -1

\section*{THEN}
so at point M , the curves intersect at right angles

\section*{METHOD 2}
attempts chain rule differentiation on either $y=\sqrt{4 a^{2}-4 a x}$ or $y=\sqrt{4 b^{2}+4 b x}$\\
$\frac{\mathrm{d} y}{\mathrm{~d} x}=-\frac{2 a}{\sqrt{4 a^{2}-4 a x}}$ (or equivalent) and $\frac{\mathrm{d} y}{\mathrm{~d} x}=\frac{2 b}{\sqrt{4 b^{2}+4 b x}}$ (or equivalent)\\
substitutes $x=a-b$ into either $\frac{\mathrm{d} y}{\mathrm{~d} x}=-\frac{2 a}{\sqrt{4 a^{2}-4 a x}}$ or $\frac{\mathrm{d} y}{\mathrm{~d} x}=\frac{2 b}{\sqrt{4 b^{2}+4 b x}}$\\
$\frac{\mathrm{d} y}{\mathrm{~d} x}=-\sqrt{\frac{a}{b}}\left(=-\frac{a}{\sqrt{a b}}\right)$ and $\frac{\mathrm{d} y}{\mathrm{~d} x}=\sqrt{\frac{b}{a}}\left(=\frac{b}{\sqrt{a b}}\right)$ (or equivalent)

\section*{EITHER}
$-\sqrt{\frac{a}{b}} \times \sqrt{\frac{b}{a}}=-1$ OR $-\frac{a}{\sqrt{a b}} \times \frac{b}{\sqrt{a b}}=-1$ (or equivalent)\\
OR\\
eg. the negative reciprocal of $-\sqrt{\frac{a}{b}}$ is $\sqrt{\frac{b}{a}}$ (or equivalent)

\section*{OR}
the product of the two gradients is -1

\section*{THEN}
so at point $M$, the curves intersect at right angles

Question 2 continued


\begin{align*}
& \text { (e) (i) } g(x, y)=\frac{-\frac{x}{y}+\tan \frac{\pi}{4}}{1-\left(-\frac{x}{y}\right) \tan \frac{\pi}{4}}  \tag{A1}\\
& g(x, y)=\frac{-\frac{x}{y}+1}{1+\frac{x}{y}}\left(=\frac{\frac{-x+y}{y}}{\frac{y+x}{y}}\right) \\
& \text { so } g(x, y)=\frac{y-x}{y+x}
\end{align*}


\section*{}
continued...

Question 2 continued\\
(ii) let $y=v x$\\
$\frac{\mathrm{d} y}{\mathrm{~d} x}=v+x \frac{\mathrm{~d} v}{\mathrm{~d} x}$\\
$\left(v+x \frac{\mathrm{~d} v}{\mathrm{~d} x}=\right) \frac{v x-x}{v x+x}\left(=\frac{v-1}{v+1}\right)$\\
attempts to express $x \frac{\mathrm{~d} v}{\mathrm{~d} x}$ as a single fraction in $v$\\
$x \frac{\mathrm{~d} v}{\mathrm{~d} x}=-\frac{v^{2}+1}{v+1}$ (or equivalent)\\
attempts to separate variables $x$ and $v$\\
$\int \frac{v+1}{v^{2}+1} \mathrm{~d} v=-\int \frac{1}{x} \mathrm{~d} x$ (or equivalent)\\
$\frac{1}{2} \ln \left(v^{2}+1\right)+\arctan v=-\ln |x|(+d)$ (or equivalent)\\
$\frac{1}{2} \ln \left(\frac{y^{2}}{x^{2}}+1\right)+\arctan \frac{y}{x}+\ln |x|=d$ (or equivalent)

Question 2 continued\\
(f) METHOD 1

$$
g(x, y)=\frac{\frac{1}{\tan \alpha} f(x, y)+1}{\frac{1}{\tan \alpha}-f(x, y)}
$$

\section*{EITHER}
as $\alpha \rightarrow \frac{\pi}{2}, \frac{1}{\tan \alpha} \rightarrow 0$, (hence $g(x, y) \rightarrow-\frac{1}{f(x, y)}$ )

\section*{OR}
as $\alpha \rightarrow \frac{\pi}{2}, \tan \alpha \rightarrow \infty$ and so $g(x, y) \rightarrow \frac{0 \times f(x, y)+1}{0-f(x, y)}$\\
THEN

$$
\lim _{\alpha \rightarrow \frac{\pi}{2}} g(x, y)=-\frac{1}{f(x, y)}
$$

Note: The $\boldsymbol{R} \mathbf{1}$ is dependent on the $\boldsymbol{M} \mathbf{1}$.

\section*{METHOD 2}
uses either $\tan \alpha=\frac{\sin \alpha}{\cos \alpha}$ or $\frac{1}{\tan \alpha}=\frac{\cos \alpha}{\sin \alpha}$ to form $g(x, y)=\frac{\cos \alpha f(x, y)+\sin \alpha}{\cos \alpha-\sin \alpha f(x, y)}$\\
as $\alpha \rightarrow \frac{\pi}{2}, \cos \alpha \rightarrow 0$ and $\sin \alpha \rightarrow 1$ and so $g(x, y) \rightarrow \frac{0 \times f(x, y)+1}{0-f(x, y)}$\\
$\lim _{\alpha \rightarrow \frac{\pi}{2}} g(x, y)=-\frac{1}{f(x, y)}$\\
Note: The $\boldsymbol{R} \mathbf{1}$ is dependent on the $\boldsymbol{M}$ 1.


\end{document}",Calculator Allowed,,,,,,,,,IBDP,,,,,,,,TRUE,2025,
,TRUE,1,27,2021,May,Paper 3,TZ1,"This question asks you to explore the behaviour and key features of cubic polynomials of the form $x^3-3 c x+d$.
Consider the function $f(x)=x^3-3 c x+2$ for $x \in \mathbb{R}$ and where $c$ is a parameter, $c \in \mathbb{R}$.
The graphs of $y=f(x)$ for $c=-1$ and $c=0$ are shown in the following diagrams.
\begin{center}
\includegraphics[scale=0.1,height=8cm]{SV_IBDP_FST_AA HL_May 2021 _Paper 3_TZ1_1.png}
\end{center}
\begin{parts}
\part On separate axes, sketch the graph of $y=f(x)$ showing the value of the $y$-intercept and the coordinates of any points with zero gradient, for
\begin{enumerate}[label=(\roman*)]
\item $c=1$;
\item $c=2$.
\end{enumerate}
\part[1] Write down an expression for $f^{\prime}(x)$. \part Hence, or otherwise, find the set of values of $c$ such that the graph of $y=f(x)$ has
\begin{enumerate}[label=(\roman*)]
\item a point of inflexion with zero gradient ;
\item one local maximum point and one local minimum point ;
\item no points where the gradient is equal to zero.
\end{enumerate}
\part[4] Given that the graph of $y=f(x)$ has one local maximum point and one local minimum point, show that
\begin{enumerate}[label=(\roman*)]
\item the $y$-coordinate of the local maximum point is $2 c^{\frac{3}{2}}+2$;
\item the $y$-coordinate of the local minimum point is $-2 c^{\frac{3}{2}}+2$.
\end{enumerate}
\part Hence, for $c>0$, find the set of values of $c$ such that the graph of $y=f(x)$ has
\begin{enumerate}[label=(\roman*)]
\item exactly one $x$-axis intercept;
\item exactly two $x$-axis intercepts ;
\item exactly three $x$-axis intercepts. 
\end{enumerate}
Consider the function $g(x)=x^3-3 c x+d$ for $x \in \mathbb{R}$ and where $c, d \in \mathbb{R}$.
\part[6] Find all conditions on $c$ and $d$ such that the graph of $y=g(x)$ has exactly one $x$-axis intercept, explaining your reasoning.
\end{parts}
}","Polynomials
Differential Calculus","2. Functions
5. Calculus",HL,"(a) (i) \includegraphics[width=0.4\textwidth]{2024_10_08_1a96bf8be0744d3ebd61g-08}\\
$c=1:$ positive cubic with correct $y$-intercept labelled A1 local maximum point correctly labelled A1\\
local minimum point correctly labelled A1\\


Question 1 continued\\
(ii)\\
\includegraphics[width=0.4\textwidth]{2024_10_08_1a96bf8be0744d3ebd61g-09}\\
$c=2$ : positive cubic with correct $y$-intercept labelled A1\\
local maximum point correctly labelled A1\\
local minimum point correctly labelled A1

Note: Accept the following exact answers:\\
Local maximum point coordinates $(-\sqrt{2}, 2+4 \sqrt{2})$.\\
Local minimum point coordinates $(\sqrt{2}, 2-4 \sqrt{2})$.

Question 1 continued\\
(b) $f^{\prime}(x)=3 x^{2}-3 c$

\section*{Note: Accept $3 x^{2}-3 c$ (an expression).}
(c) (i) $c=0$\\
(ii) considers the number of solutions to their $f^{\prime}(x)=0$

$$
3 x^{2}-3 c=0
$$

$c>0$\\
(iii) $c<0$

Note: The (M1) in part (c)(ii) can be awarded for work shown in either (ii) or (iii).\\
(d) attempts to solve their $f^{\prime}(x)=0$ for $x$

$$
x= \pm \sqrt{c}
$$

Note: Award (A1) if either $x=-\sqrt{c}$ or $x=\sqrt{c}$ is subsequently considered.\\
Award the above (M1)(A1) if this work is seen in part (c).\\
(i) correctly evaluates $f(-\sqrt{c})$\\
$f(-\sqrt{c})=-c^{\frac{3}{2}}+3 c^{\frac{3}{2}}+2(=-c \sqrt{c}+3 c \sqrt{c}+2)$\\
the $y$-coordinate of the local maximum point is $2 c^{\frac{3}{2}}+2$\\
(ii) correctly evaluates $f(\sqrt{c}) \quad$ A1

$$
f(\sqrt{c})=c^{\frac{3}{2}}-3 c^{\frac{3}{2}}+2(=c \sqrt{c}-3 c \sqrt{c}+2)
$$

the $y$-coordinate of the local minimum point is $-2 c^{\frac{3}{2}}+2$

Question 1 continued\\
(e) (i) the graph of $y=f(x)$ will have one $x$-axis intercept if EITHER\\
$-2 c^{\frac{3}{2}}+2>0$ (or equivalent reasoning)

OR\\
the minimum point is above the $x$-axis

Note: Award R1 for a rigorous approach that does not (only) refer to sketched graphs.

THEN\\
$0<c<1$

Note: Condone $c<1$. The $\boldsymbol{A 1}$ is independent of the $\boldsymbol{R 1}$.\\
(ii) the graph of $y=f(x)$ will have two $x$-axis intercepts if EITHER\\
$-2 c^{\frac{3}{2}}+2=0$ (or equivalent reasoning)\\
OR\\
evidence from the graph in part(a)(i)

\section*{THEN}
$c=1$

\section*{Question 1 continued}
(iii) the graph of $y=f(x)$ will have three $x$-axis intercepts if EITHER\\
$-2 c^{\frac{3}{2}}+2<0$ (or equivalent reasoning)\\
OR\\
reasoning from the results in both parts (e)(i) and (e)(ii)

\section*{THEN}
$c>1$

\section*{Question 1 continued}
(f) case 1:\\
$c \leq 0$ (independent of the value of $d$ )

\section*{EITHER}
$g^{\prime}(x)=0$ does not have two solutions (has no solutions or 1 solution)

\section*{OR}
$\Rightarrow g^{\prime}(x) \geq 0$ for $x \in^{\sim}$\\
OR\\
the graph of $y=f(x)$ has no local maximum or local minimum points,\\
hence any vertical translation of this graph $(y=g(x))$ will also have\\
no local maximum or local minimum points

\section*{THEN}
therefore there is only one $x$-axis intercept

Note: Award at most AOR1 if only $c<0$ is considered.

\section*{Question 1 continued}
case 2\\
$c>0$\\
$\left(-\sqrt{c}, 2 c^{\frac{3}{2}}+d\right)$ is a local maximum point and $\left(\sqrt{c},-2 c^{\frac{3}{2}}+d\right)$ is a\\
local minimum point

Note: Award (A1) for a correct $y$-coordinate seen for either the maximum or the minimum.\\
considers the positions of the local maximum point and/or the local minimum point

\section*{EITHER}
considers both points above the $x$-axis or both points below the $x$-axis\\
OR\\
considers either the local minimum point only above the $x$-axis OR the local maximum point only below the $x$-axis

\section*{THEN}
$$
\begin{array}{ll}
d>2 c^{\frac{3}{2}} \text { (both points above the } x \text {-axis) } & \text { A1 } \\
d<-2 c^{\frac{3}{2}} \text { (both points below the } x \text {-axis) } & \text { A1 }
\end{array}
$$

Note: Award at most (A1)(M1)AOAO for case 2 if $c>0$ is not clearly stated.\\",Calculator Allowed,,,,,,,,,IBDP,,,,,,,,TRUE,2025,
,TRUE,2,28,2021,May,Paper 3,TZ1,"This question asks you to examine various polygons for which the numerical value of the area is the same as the numerical value of the perimeter. For example, a 3 by 6 rectangle has an area of 18 and a perimeter of 18.
For each polygon in this question, let the numerical value of its area be $A$ and let the numerical value of its perimeter be $P$.
\begin{parts}
\part[3] Find the side length, $s$, where $s>0$, of a square such that $A=P$.
An $n$-sided regular polygon can be divided into $n$ congruent isosceles triangles. Let $x$ be the length of each of the two equal sides of one such isosceles triangle and let $y$ be the length of the third side. The included angle between the two equal sides has magnitude $\frac{2 \pi}{n}$.
Part of such an $n$-sided regular polygon is shown in the following diagram.
\begin{center}
\includegraphics[scale=0.1,height=8cm]{SV_IBDP_FST_AA HL_May 2021 _Paper 3_TZ1_2.png}
\end{center}
\part[1] Write down, in terms of $x$ and $n$, an expression for the area, $A_T$, of one of these isosceles triangles.
\part[2] Show that $y=2 x \sin \frac{\pi}{n}$.
Consider a $n$-sided regular polygon such that $A=P$.
\part[7] Use the results from parts (b) and (c) to show that $A=P=4 n \tan \frac{\pi}{n}$.
The Maclaurin series for $\tan x$ is $x+\frac{x^3}{3}+\frac{2 x^5}{15}+\ldots$
\part[1] \begin{enumerate}[label=(\roman*)]
\item Use the Maclaurin series for $\tan x$ to find $\lim _{n \rightarrow \infty}\left(4 n \tan \frac{\pi}{n}\right)$. 
\item Interpret your answer to part (e)(i) geometrically.
\end{enumerate}
Consider a right-angled triangle with side lengths $a, b$ and $\sqrt{a^2+b^2}$, where $a \geq b$, such that $A=P$.
\part[7] Show that $a=\frac{8}{b-4}+4$.
\part[1] \begin{enumerate}[label=(\roman*)]
\item By using the result of part (f) or otherwise, determine the three side lengths of the only two right-angled triangles for which $a, b, A, P \in \mathbb{Z}$ .
\item Determine the area and perimeter of these two right-angled triangles. \end{enumerate}
\end{parts}
}","Geometry
Trigonometry
Maclaurin Series","3. Geometry and Trigonometry
5. Calculus",HL,"(a) $A=s^{2}$ and $P=4 s$\\
$A=P \Rightarrow s^{2}=4 s$\\
$s(s-4)=0$\\
$\Rightarrow s=4(s>0)$\\
(b) $\quad A_{T}=\frac{1}{2} x^{2} \sin \frac{2 \pi}{n}$

Note: Award A1 for a correct alternative form expressed in terms of $x$ and $n$ only.\\
For example, using Pythagoras' theorem, $A_{T}=x \sin \frac{\pi}{n} \sqrt{x^{2}-x^{2} \sin ^{2} \frac{\pi}{n}}$ or $A_{T}=2\left(\frac{1}{2}\left(x \sin \frac{\pi}{n}\right)\left(x \cos \frac{\pi}{n}\right)\right)$ or $A_{T}=x^{2} \sin \frac{\pi}{n} \cos \frac{\pi}{n}$.\\
\\
continued...

Question 2 continued\\
(c) METHOD 1\\
uses $\sin \theta=\frac{\text { opp }}{\text { hyp }}$\\
$\frac{\frac{y}{2}}{x}=\sin \frac{\pi}{n}$\\
$y=2 x \sin \frac{\pi}{n}$

\section*{METHOD 2}
uses Pythagoras' theorem $\left(\frac{y}{2}\right)^{2}+h^{2}=x^{2}$ and $h=x \cos \frac{\pi}{n}$\\
$\left(\frac{y}{2}\right)^{2}+\left(x \cos \frac{\pi}{n}\right)^{2}=x^{2}\left(y^{2}=4 x^{2}\left(1-\cos ^{2} \frac{\pi}{n}\right)\right)$\\
$=4 x^{2} \sin ^{2} \frac{\pi}{n}$\\
$y=2 x \sin \frac{\pi}{n}$

Question 2 continued

\section*{METHOD 3}
uses the cosine rule

$$
\begin{aligned}
& y^{2}=2 x^{2}-2 x^{2} \cos \frac{2 \pi}{n}\left(=2 x^{2}\left(1-\cos \frac{2 \pi}{n}\right)\right) \\
& =4 x^{2} \sin ^{2} \frac{\pi}{n} \\
& y=2 x \sin \frac{\pi}{n}
\end{aligned}
$$

\section*{METHOD 4}
uses the sine rule\\
$\frac{y}{\sin \frac{2 \pi}{n}}=\frac{x}{\sin \left(\frac{\pi}{2}-\frac{\pi}{n}\right)}$\\
$y \cos \frac{\pi}{n}=2 x \sin \frac{\pi}{n} \cos \frac{\pi}{n}$\\
$y=2 x \sin \frac{\pi}{n}$

Question 2 continued\\
(d) $\quad A=P \Rightarrow n A_{T}=n y$

Note: Award $\boldsymbol{M} \mathbf{1}$ for equating correct expressions for $A$ and $P$.


\begin{align*}
& \frac{1}{2} n x^{2} \sin \frac{2 \pi}{n}=2 n x \sin \frac{\pi}{n}\left(n x^{2} \sin \frac{\pi}{n} \cos \frac{\pi}{n}=2 n x \sin \frac{\pi}{n}\right) \\
& \frac{1}{2} x^{2} \sin \frac{2 \pi}{n}=2 x \sin \frac{\pi}{n}\left(x^{2} \sin \frac{\pi}{n} \cos \frac{\pi}{n}=2 x \sin \frac{\pi}{n}\right) \tag{M1}
\end{align*}


uses $\sin \frac{2 \pi}{n}=2 \sin \frac{\pi}{n} \cos \frac{\pi}{n}$ (seen anywhere in part (d) or in part (b))\\
$x^{2} \sin \frac{\pi}{n} \cos \frac{\pi}{n}=2 x \sin \frac{\pi}{n}$\\
attempts to either factorise or divide their expression

$$
\begin{aligned}
& x \sin \frac{\pi}{n}\left(x \cos \frac{\pi}{n}-2\right)=0 \\
& x=\frac{2}{\cos \frac{\pi}{n}},\left(x \sin \frac{\pi}{n} \neq 0\right) \text { (or equivalent) }
\end{aligned}
$$

Question 2 continued

\section*{EITHER}
$$
\begin{aligned}
& \text { substitutes } x=\frac{2}{\cos \frac{\pi}{n}} \text { (or equivalent) into } P=n y \\
& P=2 n\left(\frac{2}{\cos \frac{\pi}{n}}\right)\left(\sin \frac{\pi}{n}\right)
\end{aligned}
$$

Note: Other approaches are possible. For example, award A1 for $P=2 n x \cos \frac{\pi}{n} \tan \frac{\pi}{n}$ and $\boldsymbol{M} \boldsymbol{1}$ for substituting $x=\frac{2}{\cos \frac{\pi}{n}}$ into $P$.

\section*{OR}
substitutes $x=\frac{2}{\cos \frac{\pi}{n}}$ (or equivalent) into $A=n A_{T}$\\
$A=\frac{1}{2} n\left(\frac{2}{\cos \frac{\pi}{n}}\right)^{2}\left(\sin \frac{2 \pi}{n}\right)$\\
$A=\frac{1}{2} n\left(\frac{2}{\cos \frac{\pi}{n}}\right)^{2}\left(2 \sin \frac{\pi}{n} \cos \frac{\pi}{n}\right)$

\section*{THEN}
$$
A=P=4 n \tan \frac{\pi}{n}
$$

Question 2 continued\\
(e) (i) attempts to use the Maclaurin series for $\tan x$ with $x=\frac{\pi}{n}$\\
$\tan \frac{\pi}{n}=\frac{\pi}{n}+\frac{\left(\frac{\pi}{n}\right)^{3}}{3}+\frac{2\left(\frac{\pi}{n}\right)^{5}}{15}(+\ldots)$\\
$4 n \tan \frac{\pi}{n}=4 n\left(\frac{\pi}{n}+\frac{\pi^{3}}{3 n^{3}}+\frac{2 \pi^{5}}{15 n^{5}}(+\ldots)\right)$ (or equivalent)\\
$=4\left(\pi+\frac{\pi^{3}}{3 n^{2}}+\frac{2 \pi^{5}}{15 n^{4}}+\ldots\right)$\\
$\Rightarrow \lim _{n \rightarrow \infty}\left(4 n \tan \frac{\pi}{n}\right)=4 \pi$

Note: Award a maximum of $\boldsymbol{M 1 A 1 A O}$ if $\lim _{n \rightarrow \infty}$ is not stated anywhere.\\
(ii) (as $n \rightarrow \infty, P \rightarrow 4 \pi$ and $A \rightarrow 4 \pi$ )\\
the polygon becomes a circle of radius 2\\
R1

Note: Award R1 for alternative responses such as: the polygon becomes a circle of area $4 \pi \mathrm{OR}$ the polygon becomes a circle of perimeter $4 \pi$ OR the polygon becomes a circle with $A=P=4 \pi$.\\
Award $\boldsymbol{R O}$ for polygon becomes a circle.\\
(f) $\quad A=\frac{1}{2} a b$ and $P=a+b+\sqrt{a^{2}+b^{2}}$\\
equates their expressions for $A$ and $P$\\
$A=P \Rightarrow a+b+\sqrt{a^{2}+b^{2}}=\frac{1}{2} a b$\\
$\sqrt{a^{2}+b^{2}}=\frac{1}{2} a b-(a+b)$

Note: Award $\boldsymbol{M} \mathbf{1}$ for isolating $\sqrt{a^{2}+b^{2}}$ or $\pm 2 \sqrt{a^{2}+b^{2}}$. This step may be seen later.

$$
\begin{aligned}
& a^{2}+b^{2}=\left(\frac{1}{2} a b-(a+b)\right)^{2} \\
& a^{2}+b^{2}=\frac{1}{4} a^{2} b^{2}-2\left(\frac{1}{2} a b\right)(a+b)+(a+b)^{2} \\
& \left(=\frac{1}{4} a^{2} b^{2}-a^{2} b-a b^{2}+a^{2}+2 a b+b^{2}\right)
\end{aligned}
$$

Note: Award $\boldsymbol{M} \mathbf{1}$ for attempting to expand their RHS of either $a^{2}+b^{2}=\ldots$ or $4\left(a^{2}+b^{2}\right)=\ldots$

\section*{EITHER}
$$
\begin{aligned}
& a b\left(\frac{1}{4} a b-a-b+2\right)=0(a b \neq 0) \\
& \frac{1}{4} a b-a-b+2=0 \\
& a b-4 a=4 b-8
\end{aligned}
$$

\section*{OR}
$$
\begin{aligned}
& \frac{1}{4} a^{2} b^{2}-a^{2} b-a b^{2}+2 a b=0 \\
& a\left(\frac{1}{4} b^{2}-b\right)+\left(2 b-b^{2}\right)=0\left(a\left(b^{2}-4 b\right)+\left(8 b-4 b^{2}\right)=0\right) \\
& a=\frac{4 b^{2}-8 b}{b^{2}-4 b}
\end{aligned}
$$

Question 2 continued

\section*{THEN}
$$
\begin{array}{ll}
\Rightarrow a=\frac{4 b-8}{b-4} \\
a=\frac{4 b-16+8}{b-4} \\
a=\frac{8}{b-4}+4
\end{array}
$$

Note: Award a maximum of A1A1M1M1MOAOAO for attempting to verify.\\
For example, verifying that $A=P=\frac{16}{b-4}+2 b+4$ gains 4 of the 7 marks.

Question 2 continued\\
(g) (i) using an appropriate method\\
eg substituting values for $b$ or using divisibility properties\\
$(5,12,13)$ and $(6,8,10)$\\
A1A1

Note: Award A1A0 for either one set of three correct side lengths or two sets of two correct side lengths.\\
(ii) $A=P=30$ and $A=P=24 \quad$ A1
",Calculator Allowed,,,,,,,,,IBDP,,,,,,,,TRUE,2025,
,TRUE,1,31,2021,May,Paper 3,TZ2,"This question asks you to explore the behaviour and some key features of the function $f_n(x)=x^n(a-x)^n$, where $a \in \mathbb{R}^{+}$and $n \in \mathbb{Z}^{+}$.
In parts (a) and (b), only consider the case where $a=2$.
Consider $f_1(x)=x(2-x)$.
\begin{parts}
\part[3] Sketch the graph of $y=f_1(x)$, stating the values of any axes intercepts and the coordinates of any local maximum or minimum points.
Consider $f_n(x)=x^n(2-x)^n$, where $n \in \mathbb{Z}^{+}, n>1$
\part[6] Use your graphic display calculator to explore the graph of $y=f_n(x)$ for
\begin{itemize}
\item the odd values $n=3$ and $n=5$;
\item the even values $n=2$ and $n=4$.
\end{itemize}
Hence, copy and complete the following table.
\begin{center}
\begin{tabular}{|l|l|l|l|}
\hline & $\begin{array}{l}\text { Number of local } \\
\text { maximum points }\end{array}$ & $\begin{array}{l}\text { Number of local } \\
\text { minimum points }\end{array}$ & $\begin{array}{l}\text { Number of points of } \\
\text { inflexion with zero gradient }\end{array}$ \\
\hline$n=3$ and $n=5$ & & & \\
\hline$n=2$ and $n=4$ & & & \\
\hline
\end{tabular}
\end{center}
Now consider $f_n(x)=x^n(a-x)^n$ where $a \in \mathbb{R}^{+}$and $n \in \mathbb{Z}^{+}, n>1$.
\part[5] Show that $f_n^{\prime}(x)=n x^{n-1}(a-2 x)(a-x)^{n-1}$.
\part[2] State the three solutions to the equation $f_n^{\prime}(x)=0$.
\part[3] Show that the point $\left(\cfrac{a}{2}, f_n\left(\cfrac{a}{2}\right)\right)$ on the graph of $y=f_n(x)$ is always above the horizontal axis.
\part[2] Hence, or otherwise, show that $f_n^{\prime}\left(\cfrac{a}{4}\right)>0$, for $n \in \mathbb{Z}^{+}$.
\part[2] By using the result from part (f) and considering the sign of $f_n^{\prime}(-1)$, show that the point $(0,0)$ on the graph of $y=f_n(x)$ is
\begin{enumerate}[label=(\roman*)]
\item a local minimum point for even values of $n$, where $n>1$ and $a \in \mathbb{R}^{+}$;
\item a point of inflexion with zero gradient for odd values of $n$, where $n>1$ and $a \in \mathbb{R}^{+}$.
\end{enumerate}
Consider the graph of $y=x^n(a-x)^n-k$, where $n \in \mathbb{Z}^{+}, a \in \mathbb{R}^{+}$and $k \in \mathbb{R}$.
\part[5] State the conditions on $n$ and $k$ such that the equation $x^n(a-x)^n=k$ has four solutions for $x$.
\end{parts}",Differential Calculus,5. Calculus,HL,"(a) \includegraphics[width=0.4\textwidth]{2024_10_08_810f1753bd559676d5f2g-08}\\
inverted parabola extended below the $x$-axis A1\\
$x$-axis intercept values $x=0,2 \quad$ A1
\end{enumerate}

Note: Accept a graph passing through the origin as an indication of $x=0$.\\
local maximum at $(1,1)$

Note: Coordinates must be stated to gain the final $\boldsymbol{A 1}$.\\
Do not accept decimal approximations.\\
(b)

\begin{center}
\begin{tabular}{|l|l|l|l|}
\hline
 & \begin{tabular}{l}
Number of \\
local \\
maximum \\
points \\
\end{tabular} & \begin{tabular}{l}
Number of \\
local \\
minimum \\
points \\
\end{tabular} & \begin{tabular}{l}
Number of \\
points of \\
inflexion \\
with zero \\
gradient \\
\end{tabular} \\
\hline
\begin{tabular}{l}
$n=3$ \\
and \\
$n=5$ \\
\end{tabular} & 1 & 0 & 2 \\
\hline
\begin{tabular}{l}
$n=2$ \\
and \\
$n=4$ \\
\end{tabular} & 1 & 2 & 0 \\
\hline
\end{tabular}
\end{center}

A1A1A1A1A1A1

Note: Award A1 for each correct value.\\
For a table not sufficiently or clearly labelled, assume that their values are in the same order as the table in the question paper and award marks accordingly.

\section*{(c) METHOD 1}
attempts to use the product rule

$$
f_{n}^{\prime}(x)=-n x^{n}(a-x)^{n-1}+n x^{n-1}(a-x)^{n}
$$

Note: Award $\boldsymbol{A} \mathbf{1}$ for a correct $u \frac{\mathrm{~d} v}{\mathrm{~d} x}$ and $\boldsymbol{A} \mathbf{1}$ for a correct $v \frac{\mathrm{~d} u}{\mathrm{~d} x}$.

\section*{EITHER}
attempts to factorise $f_{n}^{\prime}(x)$ (involving at least one of $n x^{n-1}$ or $(a-x)^{n-1}$ )\\
$=n x^{n-1}(a-x)^{n-1}((a-x)-x)$

\section*{OR}
attempts to express $f_{n}^{\prime}(x)$ as the difference of two products with each product containing at least one of $n x^{n-1}$ or $(a-x)^{n-1}$\\
$=(-x)\left(n x^{n-1}\right)(a-x)^{n-1}+(a-x)\left(n x^{n-1}\right)(a-x)^{n-1}$\\
THEN\\
$f_{n}^{\prime}(x)=n x^{n-1}(a-2 x)(a-x)^{n-1}$

Note: Award the final (M1)A1 for obtaining any of the following forms:

$$
\begin{aligned}
f_{n}^{\prime}(x)= & n x^{n}(a-x)^{n}\left(\frac{a-x-x}{x(a-x)}\right) ; \quad f_{n}^{\prime}(x)=\frac{n x^{n}(a-x)^{n}}{x(a-x)}(a-x-x) \\
f_{n}^{\prime}(x) & =n x^{n-1}\left((a-x)^{n}-x(a-x)^{n-1}\right) \\
f_{n}^{\prime}(x) & =(a-x)^{n-1}\left(n x^{n-1}(a-x)^{n}-n x^{n}\right)
\end{aligned}
$$

\section*{METHOD 2}

\begin{align*}
& f_{n}(x)=(x(a-x))^{n}  \tag{M1}\\
& =\left(a x-x^{2}\right)^{n}
\end{align*}


attempts to use the chain rule

$$
f_{n}^{\prime}(x)=n(a-2 x)\left(a x-x^{2}\right)^{n-1}
$$

Note: Award $\boldsymbol{A} \mathbf{1}$ for $n(a-2 x)$ and $\boldsymbol{A} \mathbf{1}$ for $\left(a x-x^{2}\right)^{n-1}$.

$$
f_{n}^{\prime}(x)=n x^{n-1}(a-2 x)(a-x)^{n-1}
$$

(d) $x=0, x=\frac{a}{2}, x=a$

Note: Award $\boldsymbol{A 1}$ for either two correct solutions or for obtaining $x=0, x=-a, x=-\frac{a}{2}$.\\
Award $\boldsymbol{A O}$ otherwise.\\
(e) attempts to find an expression for $f_{n}\left(\frac{a}{2}\right)$\\
$f_{n}\left(\frac{a}{2}\right)=\left(\frac{a}{2}\right)^{n}\left(a-\frac{a}{2}\right)^{n}$\\
$=\left(\frac{a}{2}\right)^{n}\left(\frac{a}{2}\right)^{n}\left(=\left(\frac{a}{2}\right)^{2 n}\right),\left(=\left(\left(\frac{a}{2}\right)^{n}\right)^{2}\right)$

\section*{EITHER}
since $a \in \mathbb{R}^{+},\left(\frac{a}{2}\right)^{2 n}>0$ (for $n \in \mathbb{Z}^{+}, n>1$ and so $f_{n}\left(\frac{a}{2}\right)>0$ )\\
Note: Accept any logically equivalent conditions/statements on $a$ and $n$.\\
Award $\mathbf{R 0}$ if any conditions/statements specified involving $a, n$ or both are incorrect.

\section*{OR}
(since $a \in \mathbb{R}^{+}$), $\frac{a}{2}$ raised to an even power ( $2 n$ ) (or equivalent reasoning) is always positive (and so $f_{n}\left(\frac{a}{2}\right)>0$ )

Note: The condition $a \in \mathbb{R}^{+}$is given in the question. Hence some candidates will assume $a \in \mathbb{R}^{+}$and not state it. In these instances, award $\boldsymbol{R} \mathbf{1}$ for a convincing argument.\\
Accept any logically equivalent conditions/statements on $a$ and $n$.\\
Award $\boldsymbol{R O}$ if any conditions/statements specified involving $a, n$ or both are incorrect.

\section*{THEN}
so $\left(\frac{a}{2}, f_{n}\left(\frac{a}{2}\right)\right)$ is always above the horizontal axis\\
Note: Do not award (M1)AOR1.\\
(f) METHOD 1

$$
f_{n}^{\prime}\left(\frac{a}{4}\right)=n\left(\frac{a}{4}\right)^{n-1}\left(a-\frac{a}{2}\right)\left(a-\frac{a}{4}\right)^{n-1}\left(=n\left(\frac{a}{4}\right)^{n-1}\left(\frac{a}{2}\right)\left(\frac{3 a}{4}\right)^{n-1}\right)
$$

\section*{EITHER}
$$
n\left(\frac{a}{4}\right)^{n-1}\left(\frac{a}{2}\right)\left(\frac{3 a}{4}\right)^{n-1}>0 \text { as } a \in \mathbb{R}^{+} \text {and } n \in \mathbb{Z}^{+}
$$

OR

$$
n\left(\frac{a}{4}\right)^{n-1},\left(a-\frac{a}{2}\right) \text { and }\left(a-\frac{a}{4}\right)^{n-1} \text { are all }>0
$$

\section*{Note: Do not award AOR1.}
Accept equivalent reasoning on correct alternative expressions for $f_{n}^{\prime}\left(\frac{a}{4}\right)$ and accept any logically equivalent conditions/statements on $a$ and $n$.

Exceptions to the above are condone $n>1$ and condone $n>0$.\\
An alternative form for $f_{n}^{\prime}\left(\frac{a}{4}\right)$ is $(2 n)(3)^{n-1}\left(\frac{a}{4}\right)^{2 n-1}$.

\section*{THEN}
hence $f_{n}^{\prime}\left(\frac{a}{4}\right)>0$

\section*{METHOD 2}
$f_{n}(0)=0$ and $f_{n}\left(\frac{a}{2}\right)>0$\\
(since $f_{n}$ is continuous and there are no stationary points between $x=0$ and $\left.x=\frac{a}{2}\right)$\\
the gradient (of the curve) must be positive between $x=0$ and $x=\frac{a}{2}$

Note: Do not award AOR1.\\
hence $f_{n}^{\prime}\left(\frac{a}{4}\right)>0$\\
(g) (i) $\quad f_{n}^{\prime}(-1)=n(-1)^{n-1}(a+2)(a+1)^{n-1}$\\
for $n$ even:\\
$n(-1)^{n-1}(=-n)<0$ (and $(a+2),(a+1)^{n-1}$ are both $>0$ )\\
$f_{n}^{\prime}(-1)<0$\\
R1

A1\\
$f_{n}^{\prime}(0)=0$ and $f_{n}^{\prime}\left(\frac{a}{4}\right)>0$ (seen anywhere)

Note: Candidates can give arguments based on the sign of $(-1)^{n-1}$ to obtain the $R$ mark.\\
For example, award $\boldsymbol{R} \mathbf{1}$ for the following:\\
If $n$ is even, then $n-1$ is odd and hence $(-1)^{n-1}<0(=-1)$.\\
Do not award ROA1.\\
The second $\boldsymbol{A} \mathbf{1}$ is independent of the other two marks.\\
The $\boldsymbol{A}$ marks can be awarded for correct descriptions expressed in words.\\
Candidates can state $(0,0)$ as a point of zero gradient from part (d) or\\
show, state or explain (words or diagram) that $f_{n}^{\prime}(0)=0$. The last $\boldsymbol{A}$ mark can be awarded for a clearly labelled diagram showing changes in the sign of the gradient.\\
The last $\boldsymbol{A} \mathbf{1}$ can be awarded for use of a specific case (e.g. $n=2$ ).\\
(ii) for $n$ odd:\\
$n(-1)^{n-1}(=n)>0$, (and $(a+2),(a+1)^{n-1}$ are both $\left.>0\right)$ so $f_{n}^{\prime}(-1)>0$

Note: Candidates can give arguments based on the sign of $(-1)^{n-1}$ to obtain the $R$ mark.

For example, award $\mathbf{R 1}$ for the following:\\
If $n$ is odd, then $n-1$ is even and hence $(-1)^{n-1}>0(=1)$.

$$
f_{n}^{\prime}(0)=0 \text { and } f_{n}^{\prime}\left(\frac{a}{4}\right)>0 \text { (seen anywhere) }
$$

Note: The $\boldsymbol{A 1}$ is independent of the $\mathbf{R 1}$.\\
Candidates can state $(0,0)$ as a point of zero gradient from part (d) or show, state or explain (words or diagram) that $f_{n}^{\prime}(0)=0$. The last $A$ mark can be awarded for a clearly labelled diagram showing changes in the sign of the gradient.

The last $A 1$ can be awarded for use of a specific case (e.g. $n=3$ ).\\
hence $(0,0)$ is a point of inflexion with zero gradient\\
(h) considers the parity of $n$

Note: Award $\boldsymbol{M} \mathbf{1}$ for stating at least one specific even value of $n$.\\
$n$ must be even (for four solutions)

Note: The above 2 marks are independent of the 3 marks below.

$$
0<k<\left(\frac{a}{2}\right)^{2 n}
$$

Note: Award $\boldsymbol{A 1}$ for the correct lower endpoint, $\boldsymbol{A} \mathbf{1}$ for the correct upper endpoint and $\boldsymbol{A 1}$ for strict inequality signs.\\
The third $\boldsymbol{A} \mathbf{1}$ (strict inequality signs) can only be awarded if $\boldsymbol{A 1} \mathbf{A 1}$ has been awarded.\\
For example, award A1A1AO for $0 \leq k \leq\left(\frac{a}{2}\right)^{2 n}$. Award A1A0AO for $k>0$.\\
Award A1AOAO for $0<k<f_{n}\left(\frac{a}{2}\right)$.\\",Calculator Allowed,,,,,,,,,IBDP,,,,,,,,TRUE,2025,
,TRUE,2,24,2021,May,Paper 3,TZ2,"This question asks you to investigate and prove a geometric property involving the roots of the equation $z^n=1$ where $z \in \mathbb{C}$ for integers $n$, where $n \geq 2$.
The roots of the equation $z^n=1$ where $z \in \mathbb{C}$ are $1, \omega, \omega^2, \ldots, \omega^{n-1}$, where $\omega=\mathrm{e}^{\frac{2 \pi \mathrm{i}}{n}}$. Each root can be represented by a point $\mathrm{P}_0, \mathrm{P}_1, \mathrm{P}_2, \ldots, \mathrm{P}_{n-1}$, respectively, on an Argand diagram.
For example, the roots of the equation $z^2=1$ where $z \in \mathbb{C}$ are 1 and $\omega$. On an Argand diagram, the root 1 can be represented by a point $\mathrm{P}_0$ and the root $\omega$ can be represented by a point $P_1$.
Consider the case where $n=3$.
The roots of the equation $z^3=1$ where $z \in \mathbb{C}$ are $1, \omega$ and $\omega^2$. On the following Argand diagram, the points $\mathrm{P}_0, \mathrm{P}_1$ and $\mathrm{P}_2$ lie on a circle of radius 1 unit with centre $\mathrm{O}(0,0)$.
\begin{center}
\includegraphics[scale=0.1,height=8cm]{SV_IBDP_FST_AA HL_May 2021 _Paper 3_TZ2_1}
\end{center}
\begin{parts}
\part[2] \begin{enumerate}[label=(\roman*)]
\item Show that $(\omega-1)\left(\omega^2+\omega+1\right)=\omega^3-1$.
\item Hence, deduce that $\omega^2+\omega+1=0$.
\end{enumerate}
Line segments $\left[\mathrm{P}_0 \mathrm{P}_1\right]$ and $\left[\mathrm{P}_0 \mathrm{P}_2\right]$ are added to the Argand diagram in part (a) and are shown on the following Argand diagram.
\begin{center}
\includegraphics[scale=0.1,height=8cm]{SV_IBDP_FST_AA HL_May 2021 _Paper 3_TZ2_2.png}
\end{center}
$\mathrm{P}_0 \mathrm{P}_1$ is the length of $\left[\mathrm{P}_0 \mathrm{P}_1\right]$ and $\mathrm{P}_0 \mathrm{P}_2$ is the length of $\left[\mathrm{P}_0 \mathrm{P}_2\right]$.
\part[3] Show that $\mathrm{P}_0 \mathrm{P}_1 \times \mathrm{P}_0 \mathrm{P}_2=3$.
Consider the case where $n=4$.
The roots of the equation $z^4=1$ where $z \in \mathbb{C}$ are $1, \omega, \omega^2$ and $\omega^3$.
\part[2] By factorizing $z^4-1$, or otherwise, deduce that $\omega^3+\omega^2+\omega+1=0$.
On the following Argand diagram, the points $\mathrm{P}_0, \mathrm{P}_1, \mathrm{P}_2$ and $\mathrm{P}_3$ lie on a circle of radius 1 unit with centre $\mathrm{O}(0,0) .\left[\mathrm{P}_0 \mathrm{P}_1\right],\left[\mathrm{P}_0 \mathrm{P}_2\right]$ and $\left[\mathrm{P}_0 \mathrm{P}_3\right]$ are line segments.
\begin{center}
\includegraphics[scale=0.1,height=8cm]{SV_IBDP_FST_AA HL_May 2021 _Paper 3_TZ2_3.png}
\end{center}
\part[4] Show that $\mathrm{P}_0 \mathrm{P}_1 \times \mathrm{P}_0 \mathrm{P}_2 \times \mathrm{P}_0 \mathrm{P}_3=4$.
For the case where $n=5$, the equation $z^5=1$ where $z \in \mathbb{C}$ has roots $1, \omega, \omega^2, \omega^3$ and $\omega^4$.
It can be shown that $\mathrm{P}_0 \mathrm{P}_1 \times \mathrm{P}_0 \mathrm{P}_2 \times \mathrm{P}_0 \mathrm{P}_3 \times \mathrm{P}_0 \mathrm{P}_4=5$.
Now consider the general case for integer values of $n$, where $n \geq 2$.
The roots of the equation $z^n=1$ where $z \in \mathbb{C}$ are $1, \omega, \omega^2, \ldots, \omega^{n-1}$. On an Argand diagram, these roots can be represented by the points $\mathrm{P}_0, \mathrm{P}_1, \mathrm{P}_2, \ldots, \mathrm{P}_{n-1}$ respectively where $\left[\mathrm{P}_0 \mathrm{P}_1\right],\left[\mathrm{P}_0 \mathrm{P}_2\right], \ldots,\left[\mathrm{P}_0 \mathrm{P}_{n-1}\right]$ are line segments. The roots lie on a circle of radius 1 unit with centre $\mathrm{O}(0,0)$.
\part[1] Suggest a value for $\mathrm{P}_0 \mathrm{P}_1 \times \mathrm{P}_0 \mathrm{P}_2 \times \ldots \times \mathrm{P}_0 \mathrm{P}_{n-1}$.
$\mathrm{P}_0 \mathrm{P}_1$ can be expressed as $|1-\omega|$.
\part[1] \begin{enumerate}[label=(\roman*)]
\item Write down expressions for $\mathrm{P}_0 \mathrm{P}_2$ and $\mathrm{P}_0 \mathrm{P}_3$ in terms of $\omega$.$\mathbb{C}$. 
\item Hence, write down an expression for $\mathrm{P}_0 \mathrm{P}_{n-1}$ in terms of $n$ and $\omega$.
\end{enumerate}
Consider $z^n-1=(z-1)\left(z^{n-1}+z^{n-2}+\ldots+z+1\right)$ where $z \in \mathbb{C}$.
\part[4] \begin{enumerate}[label=(\roman*)]
\item Express $z^{n-1}+z^{n-2}+\ldots+z+1$ as a product of linear factors over the set $\mathbb{C}$.
\item Hence, using the part (g)(i) and part (f) results, or otherwise, prove your suggested result to part (e).
\end{enumerate}
\end{parts}
}",Complex Numbers,1. Numbers and Algebra,HL,"(a) (i) METHOD 1\\
attempts to expand $(\omega-1)\left(\omega^{2}+\omega+1\right)$\\
$=\omega^{3}+\omega^{2}+\omega-\omega^{2}-\omega-1$ A1\\
$=\omega^{3}-1$ AG

\section*{METHOD 2}
attempts polynomial division on $\frac{\omega^{3}-1}{\omega-1}$\\
$=\omega^{2}+\omega+1$\\
so $(\omega-1)\left(\omega^{2}+\omega+1\right)=\omega^{3}-1$\\
(ii) (since $\omega$ is a root of $\left.z^{3}=1\right) \Rightarrow \omega^{3}-1=0 \quad \boldsymbol{R} \mathbf{1}$\\
and $\omega \neq 1 \quad$ R1

$$
\Rightarrow \omega^{2}+\omega+1=0
$$AG

Note: In part (a), award marks as appropriate where $\omega$ has been converted into Cartesian, modulus-argument (polar) or Euler form.

\section*{(b) METHOD 1}
attempts to find either $\mathrm{P}_{0} \mathrm{P}_{1}$ or $\mathrm{P}_{0} \mathrm{P}_{2}$\\
accept any valid method\\
e.g. $2 \sin \frac{\pi}{3}, 1^{2}+1^{2}-2 \cos \frac{2 \pi}{3}, \frac{1}{\sin \frac{\pi}{6}}=\frac{\mathrm{P}_{0} \mathrm{P}_{1}}{\sin \frac{2 \pi}{3}}$ from either $\Delta \mathrm{OP}_{0} \mathrm{P}_{1}$ or $\Delta \mathrm{OP}_{0} \mathrm{P}_{2}$\\
e.g. use of Pythagoras' theorem\\
e.g. $\left|1-\mathrm{e}^{\mathrm{i} \frac{2 \pi}{3}}\right|,\left|1-\left(-\frac{1}{2}+\frac{\sqrt{3}}{2} \mathrm{i}\right)\right|$ by calculating the distance between 2 points\\
$\mathrm{P}_{0} \mathrm{P}_{1}=\sqrt{3}$\\
$\mathrm{P}_{0} \mathrm{P}_{2}=\sqrt{3}$

Note: Award a maximum of M1A1A0 for any decimal approximation seen in the calculation of either $\mathrm{P}_{0} \mathrm{P}_{1}$ or $\mathrm{P}_{0} \mathrm{P}_{2}$ or both.\\
so $\mathrm{P}_{0} \mathrm{P}_{1} \times \mathrm{P}_{0} \mathrm{P}_{2}=3$

\section*{METHOD 2}
attempts to find $\mathrm{P}_{0} \mathrm{P}_{1} \times \mathrm{P}_{0} \mathrm{P}_{2}=|1-\omega|\left|1-\omega^{2}\right|$\\
$\mathrm{P}_{0} \mathrm{P}_{1} \times \mathrm{P}_{0} \mathrm{P}_{2}=\left|\omega^{3}-\omega^{2}-\omega+1\right|$\\
$=\left|1-\left(\omega^{2}+\omega+1\right)+2\right|$ and since $\omega^{2}+\omega+1=0$\\
R1\\
so $\mathrm{P}_{0} \mathrm{P}_{1} \times \mathrm{P}_{0} \mathrm{P}_{2}=3$\\
(c) METHOD 1

$$
z^{4}-1=(z-1)\left(z^{3}+z^{2}+z+1\right)
$$A1

( $\omega$ is a root hence) $\omega^{4}-1=0$ and $\omega \neq 1$ ..... R1\\
$\Rightarrow \omega^{3}+\omega^{2}+\omega+1=0$ ..... AG

Note: Condone the use of $\omega$ throughout.

\section*{METHOD 2}
considers the sum of roots of $z^{4}-1=0$\\
the sum of roots is zero (there is no $z^{3}$ term) A1\\
$\Rightarrow \omega^{3}+\omega^{2}+\omega+1=0$

\section*{METHOD 3}
substitutes for $\omega$\\
e.g. LHS $=e^{\mathrm{i} \frac{3 \pi}{2}}+e^{\pi i}+e^{i \frac{\pi}{2}}+1$\\
$=-\mathrm{i}-1+\mathrm{i}+1$

Note: This can be demonstrated geometrically or by using vectors.\\
Accept Cartesian or modulus-argument (polar) form.\\
$\Rightarrow \omega^{3}+\omega^{2}+\omega+1=0$

\section*{METHOD 4}
$\omega^{3}+\omega^{2}+\omega+1=\frac{\omega^{4}-1}{\omega-1}$\\
$=\frac{0}{\omega-1}=0$ as $\omega \neq 1$ R1\\
$\Rightarrow \omega^{3}+\omega^{2}+\omega+1=0$

\section*{(d) METHOD 1}
$\mathrm{P}_{0} \mathrm{P}_{2}=2$\\
attempts to find either $\mathrm{P}_{0} \mathrm{P}_{1}$ or $\mathrm{P}_{0} \mathrm{P}_{3}$

Note: For example, $\mathrm{P}_{0} \mathrm{P}_{1}=|1-\mathrm{i}|$ and $\mathrm{P}_{0} \mathrm{P}_{3}=|1+\mathrm{i}|$.\\
Various geometric and trigonometric approaches can be used by candidates.

$$
\mathrm{P}_{0} \mathrm{P}_{1}=\sqrt{2}, \mathrm{P}_{0} \mathrm{P}_{3}=\sqrt{2}
$$

Note: Award a maximum of A1M1A1AO if labels such as $\mathrm{P}_{0} \mathrm{P}_{1}$ are not clearly shown.\\
Award full marks if the lengths are shown on a clearly labelled diagram. Award a maximum of A1M1A1AO for any decimal approximation seen in the calculation of either $\mathrm{P}_{0} \mathrm{P}_{1}$ or $\mathrm{P}_{0} \mathrm{P}_{3}$ or both.\\
$\mathrm{P}_{0} \mathrm{P}_{1} \times \mathrm{P}_{0} \mathrm{P}_{2} \times \mathrm{P}_{0} \mathrm{P}_{3}=4$

\section*{METHOD 2}
attempts to find $\mathrm{P}_{0} \mathrm{P}_{1} \times \mathrm{P}_{0} \mathrm{P}_{2} \times \mathrm{P}_{0} \mathrm{P}_{3}=|1-\omega|\left|1-\omega^{2}\right|\left|1-\omega^{3}\right|$\\
$\mathrm{P}_{0} \mathrm{P}_{1} \times \mathrm{P}_{0} \mathrm{P}_{2} \times \mathrm{P}_{0} \mathrm{P}_{3}=\left|-\omega^{6}+\omega^{5}+\omega^{4}-\omega^{2}-\omega+1\right|$\\
$=\left|-(-1)+\omega^{5}+1-(-1)-\omega+1\right|$ since $\omega^{6}=\omega^{2}=-1$ and $\omega^{4}=1$\\
$=\left|\omega^{5}-\omega+4\right|$ and since $\omega^{5}=\omega$ R1\\
so $\mathrm{P}_{0} \mathrm{P}_{1} \times \mathrm{P}_{0} \mathrm{P}_{2} \times \mathrm{P}_{0} \mathrm{P}_{3}=4$ AG

\section*{METHOD 3}
$$
\begin{array}{ll}
\mathrm{P}_{0} \mathrm{P}_{2}=2 & \boldsymbol{A 1} \\
\text { attempts to find } \mathrm{P}_{0} \mathrm{P}_{1} \times \mathrm{P}_{0} \mathrm{P}_{3}=|1-\omega|\left|1-\omega^{3}\right| & \boldsymbol{M 1} \\
\mathrm{P}_{0} \mathrm{P}_{1} \times \mathrm{P}_{0} \mathrm{P}_{3}=\left|\omega^{4}-\omega^{3}-\omega+1\right| & \boldsymbol{A 1} \\
=|2-(-\omega)-\omega| \text { since } \omega^{4}=1 \text { and } \omega^{3}=-\omega & \boldsymbol{R 1} \\
\text { so } \mathrm{P}_{0} \mathrm{P}_{1} \times \mathrm{P}_{0} \mathrm{P}_{2} \times \mathrm{P}_{0} \mathrm{P}_{3}=4 & \boldsymbol{A G}
\end{array}
$$

(e) $\left(\mathrm{P}_{0} \mathrm{P}_{1} \times \mathrm{P}_{0} \mathrm{P}_{2} \times \ldots \times \mathrm{P}_{0} \mathrm{P}_{n-1}\right)=n$\\
(f) (i) $\quad \mathrm{P}_{0} \mathrm{P}_{2}=\left|1-\omega^{2}\right|, \mathrm{P}_{0} \mathrm{P}_{3}=\mid 1-\omega^{3}$ A1A1\\
\\
(ii) $\quad \mathrm{P}_{0} \mathrm{P}_{n-1}=\left|1-\omega^{n-1}\right|$ A1

Note: Accept $|1-\omega|$ from symmetry.\\
(g) (i) $z^{n}-1=(z-1)\left(z^{n-1}+z^{n-2}+\ldots+z+1\right)$\\
considers the equation $z^{n-1}+z^{n-2}+\ldots+z+1=0$\\
the roots are $\omega, \omega^{2}, \ldots, \omega^{n-1}$\\
so $(z-\omega)\left(z-\omega^{2}\right) \ldots\left(z-\omega^{n-1}\right)$\\
(ii) METHOD 1\\
substitutes $z=1$ into $(z-\omega)\left(z-\omega^{2}\right) \ldots\left(z-\omega^{n-1}\right) \equiv z^{n-1}+z^{n-2}+\ldots+z+1$\\
$(1-\omega)\left(1-\omega^{2}\right) \ldots\left(1-\omega^{n-1}\right)=n$\\
takes modulus of both sides\\
$\left|(1-\omega)\left(1-\omega^{2}\right) \ldots\left(1-\omega^{n-1}\right)\right|=|n|$\\
$|1-\omega|\left|1-\omega^{2}\right| \ldots\left|1-\omega^{n-1}\right|=n$\\
A1\\
so $\mathrm{P}_{0} \mathrm{P}_{1} \times \mathrm{P}_{0} \mathrm{P}_{2} \times \ldots \times \mathrm{P}_{0} \mathrm{P}_{n-1}=n$

Note: Award a maximum of M1A1FTM1A0 from part (e).

METHOD 2\\
$(1-\omega),\left(1-\omega^{2}\right), \ldots,\left(1-\omega^{n-1}\right)$ are the roots of $(1-v)^{n-1}+(1-v)^{n-2}+\ldots+(1-v)+1=0$ M1\\
coefficient of $v^{n-1}$ is $(-1)^{n-1}$ and the coefficient of 1 is $n \quad$ A1 product of the roots is $\frac{(-1)^{n-1} n}{(-1)^{n-1}}=n$\\
$|1-\omega|\left|1-\omega^{2}\right| \ldots\left|1-\omega^{n-1}\right|=n$ A1\\
so $\mathrm{P}_{0} \mathrm{P}_{1} \times \mathrm{P}_{0} \mathrm{P}_{2} \times \ldots \times \mathrm{P}_{0} \mathrm{P}_{n-1}=n$ AG


\end{document}",Calculator Allowed,,,,,,,,,IBDP,,,,,,,,TRUE,2025,
,TRUE,1,25,2021,Nov,Paper 3,TZ0,"In this question you will explore some of the properties of special functions $f$ and $g$ and their relationship with the trigonometric functions, sine and cosine.
Functions $f$ and $g$ are defined as $f(z)=\cfrac{\mathrm{e}^z+\mathrm{e}^{-z}}{2}$ and $g(z)=\cfrac{\mathrm{e}^z-\mathrm{e}^{-z}}{2}$, where $z \in \mathbb{C}$.
Consider $t$ and $u$, such that $t, u \in \mathbb{R}$.
\begin{parts}
\part[2] Verify that $u=f(t)$ satisfies the differential equation $\cfrac{\mathrm{d}^2 u}{\mathrm{~d} t^2}=u$.
\part[3] Show that $(f(t))^2+(g(t))^2=f(2 t)$.
\part[2] Using $\mathrm{e}^{\mathrm{i} u}=\cos u+\mathrm{i} \sin u$, find expressions, in terms of $\sin u$ and $\cos u$, for
\begin{enumerate}[label=(\roman*)]
\item $f(\mathrm{i} u)$;\;\;\;\;\;\;\;\;\;\;\;\;\;\;\;\;\;\;\;\;\;\;\;\;\;\;\;\;\;\;\;\;\;\;\;\;\;\;\;\;\;\;\;\;\;\;\;\;\;\;\;\;\;\;\;\;\;\;\;\;\;\;\;\;\;\;\;\;\;\;\;\;\;\;\;\;\;\;\;\;\;\;\;\;\;\;\;\;\;\;\;\;\;\;\;\;\;\;\;\;\;\;\;\;\;\;\;\;\;\;\;\;\;\;\;\;\;\;\;\;\;\;\;\;\;\;\;\;\;[3]
\item $g(\mathrm{i} u)$.
\end{enumerate}
\part[2] Hence find, and simplify, an expression for $(f(\mathrm{i} u))^2+(g(\mathrm{i} u))^2$.
\part[4] Show that $(f(t))^2-(g(t))^2=(f(\mathrm{i} u))^2-(g(\mathrm{i} u))^2$.
The functions $\cos x$ and $\sin x$ are known as circular functions as the general point $(\cos \theta, \sin \theta)$ defines points on the unit circle with equation $x^2+y^2=1$.
The functions $f(x)$ and $g(x)$ are known as hyperbolic functions, as the general point $(f(\theta), g(\theta))$ defines points on a curve known as a hyperbola with equation $x^2-y^2=1$. This hyperbola has two asymptotes.
\part[4] Sketch the graph of $x^2-y^2=1$, stating the coordinates of any axis intercepts and the equation of each asymptote.
The hyperbola with equation $x^2-y^2=1$ can be rotated to coincide with the curve defined by $x y=k, k \in \mathbb{R}$.
\part[5] Find the possible values of $k$.
\end{parts}","Complex Numbers
Trigonometry
Differential Calculus","1. Numbers and Algebra
3. Geometry and Trigonometry
5. Calculus",HL,"(a) $f^{\prime}(t)=\frac{\mathrm{e}^{t}-\mathrm{e}^{-t}}{2}$\\
$f^{\prime \prime}(t)=\frac{\mathrm{e}^{t}+\mathrm{e}^{-t}}{2}$\\
$=f(t)$\\
(b) METHOD 1\\
$(f(t))^{2}+(g(t))^{2}$\\
substituting $f$ and $g$

$$
\begin{aligned}
& =\frac{\left(\mathrm{e}^{t}+\mathrm{e}^{-t}\right)^{2}+\left(\mathrm{e}^{t}-\mathrm{e}^{-t}\right)^{2}}{4} \\
& =\frac{\left(\mathrm{e}^{t}\right)^{2}+2+\left(\mathrm{e}^{-t}\right)^{2}+\left(\mathrm{e}^{t}\right)^{2}-2+\left(\mathrm{e}^{-t}\right)^{2}}{4} \\
& =\frac{\left(\mathrm{e}^{t}\right)^{2}+\left(\mathrm{e}^{-t}\right)^{2}}{2}\left(=\frac{\mathrm{e}^{2 t}+\mathrm{e}^{-2 t}}{2}\right) \\
& =f(2 t)
\end{aligned}
$$

\section*{METHOD 2}
$$
\begin{aligned}
& f(2 t)=\frac{\mathrm{e}^{2 t}+\mathrm{e}^{-2 t}}{2} \\
& =\frac{\left(\mathrm{e}^{t}\right)^{2}+\left(\mathrm{e}^{-t}\right)^{2}}{2} \\
& =\frac{\left(\mathrm{e}^{t}+\mathrm{e}^{-t}\right)^{2}+\left(\mathrm{e}^{t}-\mathrm{e}^{-t}\right)^{2}}{4} \\
& =(f(t))^{2}+(g(t))^{2}
\end{aligned}
$$

Note: Accept combinations of METHODS 1 \& 2 that meet at equivalent expressions.\\
(c) (i) substituting $\mathrm{e}^{\mathrm{i} u}=\cos u+\mathrm{i} \sin u$ into the expression for $f$

$$
f(\mathrm{i} u)=\frac{\cos u+\mathrm{i} \sin u+\cos u-\mathrm{i} \sin u}{2}
$$

Note: The $\boldsymbol{M} \mathbf{1}$ can be awarded for the use of sine and cosine being odd and even respectively.\\
$=\frac{2 \cos u}{2}$\\
$=\cos u$\\
(ii) $\quad g(\mathrm{i} u)=\frac{\cos u+\mathrm{i} \sin u-\cos u+\mathrm{i} \sin u}{2}$\\
substituting and attempt to simplify\\
$=\frac{2 \mathrm{isin} u}{2}$\\
$=\mathrm{isin} u$\\
(d) METHOD 1\\
$(f(\mathrm{i} u))^{2}+(g(\mathrm{i} u))^{2}$\\
substituting expressions found in part (c)\\
$=\cos ^{2} u-\sin ^{2} u(=\cos 2 u)$

\section*{METHOD 2}
$$
\begin{aligned}
& f(2 \mathrm{i} u)=\frac{\mathrm{e}^{2 \mathrm{i} u}+\mathrm{e}^{-2 \mathrm{i} u}}{2} \\
& =\frac{\cos 2 u+\mathrm{i} \sin 2 u+\cos 2 u-\mathrm{i} \sin 2 u}{2} \\
& =\cos 2 u
\end{aligned}
$$

Note: Accept equivalent final answers that have been simplified removing all imaginary parts eg $2 \cos ^{2} u-1$ etc\\
(e) $\quad(f(t))^{2}-(g(t))^{2}=\frac{\left(\mathrm{e}^{t}+\mathrm{e}^{-t}\right)^{2}-\left(\mathrm{e}^{t}-\mathrm{e}^{-t}\right)^{2}}{4}$\\
$=\frac{\left(\mathrm{e}^{2 t}+\mathrm{e}^{-2 t}+2\right)-\left(\mathrm{e}^{2 t}+\mathrm{e}^{-2 t}-2\right)}{4}$\\
$=\frac{4}{4}=1$\\
Note: Award A1 for a value of 1 obtained from either LHS or RHS of given expression.

$$
\begin{aligned}
& (f(\mathrm{i} u))^{2}-(g(\mathrm{i} u))^{2}=\cos ^{2} u+\sin ^{2} u \\
& \text { M1 } \\
& =1 \quad\left(\operatorname{hence}(f(t))^{2}-(g(t))^{2}=(f(\mathrm{i} u))^{2}-(g(\mathrm{i} u))^{2}\right)
\end{aligned}
$$

Note: Award full marks for showing that $(f(z))^{2}-(g(z))^{2}=1, \forall z \in \mathbb{C}$.\\
\\
(f)\\
\includegraphics[width=0.4\textwidth]{2024_10_08_a42652f2cd46c2258dc3g-10}

A1A1A1A1

Note: Award A1 for correct curves in the upper quadrants, $\boldsymbol{A} \mathbf{1}$ for correct curves in the lower quadrants, $\boldsymbol{A 1}$ for correct $x$-intercepts of $(-1,0)$ and $(1,0)$ (condone $x=-1$ and 1 ), $\boldsymbol{A} \mathbf{1}$ for $y=x$ and $y=-x$.\\
(g) attempt to rotate by $45^{\circ}$ in either direction

Note: Evidence of an attempt to relate to a sketch of $x y=k$ would be sufficient for this (M1).\\
attempting to rotate a particular point, eg $(1,0)$\\
$(1,0)$ rotates to $\left(\frac{1}{\sqrt{2}}, \pm \frac{1}{\sqrt{2}}\right)$ (or similar)\\
hence $k= \pm \frac{1}{2}$\\",Calculator Allowed,,,,,,,,,IBDP,,,,,,,,TRUE,2025,
,TRUE,2,30,2021,Nov,Paper 3,TZ0,"In this question you will be exploring the strategies required to solve a system of linear differential equations.
Consider the system of linear differential equations of the form:
$$
\cfrac{\mathrm{d} x}{\mathrm{~d} t}=x-y \text { and } \cfrac{\mathrm{d} y}{\mathrm{~d} t}=a x+y
$$
where $x, y, t \in \mathbb{R}^{+}$and $a$ is a parameter.
First consider the case where $a=0$.
\begin{parts}
\part[1] \begin{enumerate}[label=(\roman*)]
\item By solving the differential equation $\cfrac{\mathrm{d} y}{\mathrm{~d} t}=y$, show that $y=A \mathrm{e}^t$ where $A$ is a constant.\;\;\;\;\;\;\;\;\;\;\;\;\;\;\;\;\;\;\;\;\;\;\;\;\;\;\;\;\;\;\;\;\;\;\;\;\;\;\;\;\;\;\;\;\;\;\;\;\;\;\;\;\;\;\;\;\;\;\;\;\;\;\;\;\;\;\;\;\;\;\;\;\;\;\;\;\;\;\;\;\;\;\;\;\;\;\;\;\;\;\;\;\;\;\;\;\;\;\;\;\;\;\;\;\;\;\;\;\;\;\;\;\;\;\;\;\;\;\;\;\;\;\;\;\;\;\;\;\;[3]
\item Show that $\cfrac{\mathrm{d} x}{\mathrm{~d} t}-x=-A \mathrm{e}^t$.
\item Solve the differential equation in part (a)(ii) to find $x$ as a function of $t$.\;\;\;\;\;\;\;\;\;\;\;\;\;\;\;\;\;\;\;\;\;\;\;\;\;\;\;\;\;\;\;\;\;\;\;\;\;[4]
\end{enumerate}
Now consider the case where $a=-1$.
\part[3] \begin{enumerate}[label=(\roman*)]
\item By differentiating $\cfrac{\mathrm{d} y}{\mathrm{~d} t}=-x+y$ with respect to $t$, show that $\cfrac{\mathrm{d}^2 y}{\mathrm{~d} t^2}=2 \cfrac{\mathrm{d} y}{\mathrm{~d} t}$.
\item By substituting $Y=\cfrac{\mathrm{d} y}{\mathrm{~d} t}$, show that $Y=B \mathrm{e}^{2 t}$ where $B$ is a constant.
\item Hence find $y$ as a function of $t$.\quad\quad\quad\quad\quad\quad\quad\quad\quad\quad\quad\quad\quad\quad\quad\quad\quad\quad\quad\quad\quad\quad\quad\;\;\;\;\;\;\;\;\;\;[2]
\item Hence show that $x=-\cfrac{B}{2} \mathrm{e}^{2 t}+C$, where $C$ is a constant.
\end{enumerate}
Now consider the case where $a=-4$.
\part[4] \begin{enumerate}[label=(\roman*)]
\item Show that $\cfrac{\mathrm{d}^2 y}{\mathrm{~d} t^2}-2 \cfrac{\mathrm{d} y}{\mathrm{~d} t}-3 y=0$.\;\;\;\;\;\;\;\;\;\;\;\;\;\;\;\;\;\;\;\;\;\;\;\;\;\;\;\;\;\;\;\;\;\;\;\;\;\;\;\;\;\;\;\;\;\;\;\;\;\;\;\;\;\;\;\;\;\;\;\;\;\;\;\;\;\;\;\;\;\;\;\;\;\;\;\;\;\;\;\;\;\;\;\;\;\;\;\;\;\;\;\;[3]
From previous cases, we might conjecture that a solution to this differential equation is $y=F \mathrm{e}^{\lambda t}, \lambda \in \mathbb{R}$ and $F$ is a constant.
\item Find the two values for $\lambda$ that satisfy $\cfrac{\mathrm{d}^2 y}{\mathrm{~d} t^2}-2 \cfrac{\mathrm{d} y}{\mathrm{~d} t}-3 y=0$.
Let the two values found in part (c)(ii) be $\lambda_1$ and $\lambda_2$.
\item Verify that $y=F \mathrm{e}^{\lambda_1 t}+G \mathrm{e}^{\lambda_2 t}$ is a solution to the differential equation in (c)(i), where $G$ is a constant.
\end{enumerate}
\end{parts}",Differential Equations,5. Calculus,HL,"(a) (i) METHOD 1\\
$\frac{\mathrm{d} y}{\mathrm{dt}}=y$\\
$\int \frac{\mathrm{d} y}{y}=\int \mathrm{dt}$\\
$\ln y=t+c \mathbf{O R} \quad \ln |y|=t+c$\\
Note: Award A1 for $\ln y$ and $\boldsymbol{A 1}$ for $t$ and $c$.\\
$y=A \mathrm{e}^{t}$\\
METHOD 2\\
rearranging to $\frac{\mathrm{d} y}{\mathrm{dt}}-y=0$ AND multiplying by integrating factor $\mathrm{e}^{-t}$\\
$y=A \mathrm{e}^{t}$\\
(ii) substituting $y=A \mathrm{e}^{t}$ into differential equation in $x$\\
$\frac{\mathrm{d} x}{\mathrm{dt}}=x-A \mathrm{e}^{t}$\\
$\frac{\mathrm{d} x}{\mathrm{dt}}-x=-A \mathrm{e}^{t}$\\
(iii) integrating factor (IF) is $\mathrm{e}^{\int-1 d t}$\\
$=\mathrm{e}^{-t}$\\
$\mathrm{e}^{-t} \frac{\mathrm{~d} x}{\mathrm{dt}}-x \mathrm{e}^{-t}=-A$\\
$x \mathrm{e}^{-t}=-A t+D$\\
$x=(-A t+D) \mathrm{e}^{t}$\\
Note: The first constant must be $A$, and the second can be any constant for the final A1 to be awarded. Accept a change of constant applied at the end.\\
(b) (i) $\quad \frac{\mathrm{d}^{2} y}{\mathrm{~d} t^{2}}=-\frac{\mathrm{d} x}{\mathrm{~d} t}+\frac{\mathrm{d} y}{\mathrm{~d} t}$

\section*{EITHER}
$=-x+y+\frac{\mathrm{d} y}{\mathrm{~d} t}$\\
$=\frac{\mathrm{d} y}{\mathrm{~d} t}+\frac{\mathrm{d} y}{\mathrm{~d} t}$\\
OR\\
$=-x+y+(-x+y)$\\
$=2(-x+y)$

\section*{THEN}
$=2 \frac{\mathrm{~d} y}{\mathrm{~d} t}$\\
(ii) $\frac{\mathrm{d} Y}{\mathrm{~d} t}=2 Y \quad \quad \boldsymbol{A 1}$

$$
\int \frac{\mathrm{d} Y}{Y}=\int 2 \mathrm{~d} t
$$M1

$\ln |Y|=2 t+c \quad$ OR $\ln Y=2 t+c$ ..... A1$Y=B e^{2 t}$AG\\
(iii) $\frac{\mathrm{d} y}{\mathrm{~d} t}=B \mathrm{e}^{2 t}$

$$
\begin{aligned}
& y=\int B \mathrm{e}^{2 t} \mathrm{~d} t \\
& y=\frac{B}{2} \mathrm{e}^{2 t}+C
\end{aligned}
$$

Note: The first constant must be $B$, and the second can be any constant for the final $\boldsymbol{A 1}$ to be awarded. Accept a change of constant applied at the end.

\section*{(iv) METHOD 1}
substituting $\frac{\mathrm{d} y}{\mathrm{~d} t}=B \mathrm{e}^{2 t}$ and their (iii) into $\frac{\mathrm{d} y}{\mathrm{~d} t}=-x+y$\\
$B \mathrm{e}^{2 t}=-x+\frac{B}{2} \mathrm{e}^{2 t}+C$\\
$x=-\frac{B}{2} \mathrm{e}^{2 t}+C$\\
Note: Follow through from incorrect part (iii) cannot be awarded if it does not lead to the $A G$.

\section*{METHOD 2}
$\frac{\mathrm{d} x}{\mathrm{~d} t}=x-\frac{B}{2} \mathrm{e}^{2 t}-C$\\
$\frac{\mathrm{d} x}{\mathrm{~d} t}-x=-\frac{B}{2} \mathrm{e}^{2 t}-C$\\
$\frac{\mathrm{d}\left(x \mathrm{e}^{-t}\right)}{\mathrm{d} t}=-\frac{B}{2} \mathrm{e}^{t}-C \mathrm{e}^{-t}$\\
$x \mathrm{e}^{-t}=\int-\frac{B}{2} \mathrm{e}^{t}-C \mathrm{e}^{-t} \mathrm{~d} t$\\
$x \mathrm{e}^{-t}=-\frac{B}{2} \mathrm{e}^{t}+C \mathrm{e}^{-t}+D$\\
$x=-\frac{B}{2} \mathrm{e}^{2 t}+C+D \mathrm{e}^{t}$\\
$\frac{\mathrm{d} y}{\mathrm{~d} t}=-x+y \Rightarrow B \mathrm{e}^{2 t}=\frac{B}{2} \mathrm{e}^{2 t}-C-D \mathrm{e}^{t}+\frac{B}{2} \mathrm{e}^{2 t}+C \Rightarrow D=0$\\
$x=-\frac{B}{2} \mathrm{e}^{2 t}+C$\\
(c) (i) $\frac{\mathrm{d} y}{\mathrm{~d} t}=-4 x+y$\\
$\frac{\mathrm{d}^{2} y}{\mathrm{~d} t^{2}}=-4 \frac{\mathrm{~d} x}{\mathrm{~d} t}+\frac{\mathrm{d} y}{\mathrm{~d} t}$ seen anywhere

\section*{METHOD 1}
$\frac{\mathrm{d}^{2} y}{\mathrm{~d} t^{2}}=-4(x-y)+\frac{\mathrm{d} y}{\mathrm{~d} t}$\\
attempt to eliminate $x$\\
$=-4\left(\frac{1}{4}\left(y-\frac{\mathrm{d} y}{\mathrm{~d} t}\right)-y\right)+\frac{\mathrm{d} y}{\mathrm{~d} t}$\\
$=2 \frac{\mathrm{~d} y}{\mathrm{~d} t}+3 y$\\
$\frac{\mathrm{d}^{2} y}{\mathrm{~d} t^{2}}-2 \frac{\mathrm{~d} y}{\mathrm{~d} t}-3 y=0$

\section*{METHOD 2}
rewriting LHS in terms of $x$ and $y \quad$ M1\\
$\frac{\mathrm{d}^{2} y}{\mathrm{~d} t^{2}}-2 \frac{\mathrm{~d} y}{\mathrm{~d} t}-3 y=(-8 x+5 y)-2(-4 x+y)-3 y \quad$ A1\\
$=0$\\
(ii) $\frac{\mathrm{d} y}{\mathrm{~d} t}=F \lambda \mathrm{e}^{\lambda t}, \frac{\mathrm{~d}^{2} y}{\mathrm{~d} t^{2}}=F \lambda^{2} \mathrm{e}^{\lambda t}$\\
$F \lambda^{2} \mathrm{e}^{\lambda t}-2 F \lambda \mathrm{e}^{\lambda t}-3 F \mathrm{e}^{\lambda t}=0$\\
$\lambda^{2}-2 \lambda-3=0 \quad\left(\right.$ since $\left.\mathrm{e}^{\lambda t} \neq 0\right)$\\
$\lambda_{1}$ and $\lambda_{2}$ are 3 and -1 (either order)\\
(iii) METHOD 1\\
$y=\mathrm{Fe}^{3 t}+\mathrm{Ge}^{-t}$\\
$\frac{\mathrm{d} y}{\mathrm{~d} t}=3 \mathrm{Fe}^{3 t}-\mathrm{Ge}^{-t}, \frac{\mathrm{~d}^{2} y}{\mathrm{~d} t^{2}}=9 \mathrm{Fe}^{3 t}+G \mathrm{e}^{-t}$\\
(A1)(A1)\\
$\frac{\mathrm{d}^{2} y}{\mathrm{~d} t^{2}}-2 \frac{\mathrm{~d} y}{\mathrm{~d} t}-3 y=9 F \mathrm{e}^{3 t}+\mathrm{Ge}^{-t}-2\left(3 \mathrm{Fe}^{3 t}-\mathrm{Ge}^{-t}\right)-3\left(\mathrm{Fe}^{3 t}+\mathrm{Ge}^{-t}\right)$\\
$=9 F \mathrm{e}^{3 t}+\mathrm{Ge}^{-t}-6 \mathrm{Fe}^{3 t}+2 \mathrm{Ge}^{-t}-3 \mathrm{Fe}^{3 t}-3 \mathrm{Ge}^{-t}$\\
$=0$

\section*{METHOD 2}
$y=F \mathrm{e}^{\lambda_{1 t}}+\mathrm{Ge}^{\lambda_{2} t}$

$$
\begin{aligned}
& \frac{\mathrm{d} y}{\mathrm{~d} t}=F \lambda_{1} \mathrm{e}^{\lambda_{1} t}+G \lambda_{2} \mathrm{e}^{\lambda_{2} t}, \frac{\mathrm{~d}^{2} y}{\mathrm{~d} t^{2}}=F \lambda_{1}^{2} \mathrm{e}^{\lambda_{1} t}+G \lambda_{2}^{2} \mathrm{e}^{\lambda_{2} t} \\
& \frac{\mathrm{~d}^{2} y}{\mathrm{~d} t^{2}}-2 \frac{\mathrm{~d} y}{\mathrm{~d} t}-3 y=F \lambda_{1}^{2} \mathrm{e}^{\lambda_{1} t}+G \lambda_{2}^{2} \mathrm{e}^{\lambda_{2} t}-2\left(F \lambda_{1} \mathrm{e}^{\lambda_{1} t}+G \lambda_{2} \mathrm{e}^{\lambda_{2} t}\right)-3\left(F \mathrm{e}^{\lambda_{1} t}+G \mathrm{e}^{\lambda_{2} t}\right) \\
& =F \mathrm{e}^{\lambda_{1} t}\left(\lambda^{2}-2 \lambda-3\right)+G \mathrm{e}^{\lambda_{2} t}\left(\lambda^{2}-2 \lambda-3\right) \\
& =0
\end{aligned}
$$M1
",Calculator Allowed,,,,,,,,,IBDP,,,,,,,,TRUE,2025,
,TRUE,1,27,2022,May,Paper 3,TZ1,"This question asks you to explore some properties of polygonal numbers and to determine and prove interesting results involving these numbers.
A polygonal number is an integer which can be represented as a series of dots arranged in the shape of a regular polygon. Triangular numbers, square numbers and pentagonal numbers are examples of polygonal numbers.
For example, a triangular number is a number that can be arranged in the shape of an equilateral triangle. The first five triangular numbers are $1,3,6,10$ and 15 .
The following table illustrates the first five triangular, square and pentagonal numbers respectively. In each case the first polygonal number is one represented by a single dot.
\begin{center}
\includegraphics[scale=0.1,height=7cm]{SV_IBDP_FST_AA HL_May 2022_Paper 3_TZ1_1.png}
\end{center}
For an $r$-sided regular polygon, where $r \in \mathbb{Z}^{+}, r \geq 3$, the $n$th polygonal number $P_r(n)$ is given by
$$
P_r(n)=\cfrac{(r-2) n^2-(r-4) n}{2}, \text { where } n \in \mathbb{Z}^{+} .
$$
Hence, for square numbers, $P_4(n)=\cfrac{(4-2) n^2-(4-4) n}{2}=n^2$
\begin{parts}
\part[2] \begin{enumerate}[label=(\roman*)]
\item For triangular numbers, verify that $P_3(n)=\cfrac{n(n+1)}{2}$. \hspace{3em} \item The number 351 is a triangular number. Determine which one it is. \end{enumerate}
\part[2] \begin{enumerate}[label=(\roman*)]
\item Show that $P_3(n)+P_3(n+1) \equiv(n+1)^2$.
\item State, in words, what the identity given in part (b)(i) shows for two consecutive triangular numbers.\;\hspace{34em}[1]
\item For $n=4$, sketch a diagram clearly showing your answer to part (b)(ii).\hspace{10em}[1]
\end{enumerate}
\part[3] Show that $8 P_3(n)+1$ is the square of an odd number for all $n \in \mathbb{Z}^{+}$.
The $n$th pentagonal number can be represented by the arithmetic series
$$
P_5(n)=1+4+7+\ldots+(3 n-2)
$$
\part[3] Hence show that $P_5(n)=\cfrac{n(3 n-1)}{2}$ for $n \in \mathbb{Z}^{+}$.
\part[5] By using a suitable table of values or otherwise, determine the smallest positive integer, greater than 1 , that is both a triangular number and a pentagonal number.
A polygonal number, $P_r(n)$, can be represented by the series
$$
\sum_{m=1}^n(1+(m-1)(r-2)) \text { where } r \in \mathbb{Z}^{+}, r \geq 3 \text {. }
$$
\part[8] Use mathematical induction to prove that $P_r(n)=\cfrac{(r-2) n^2-(r-4) n}{2}$ where $n \in \mathbb{Z}^{+}$.
\end{parts}","Sequences and Series
Proofs
Mathematical Induction",1. Numbers and Algebra,HL," (a) (i) $P_{3}(n)=\frac{(3-2) n^{2}-(3-4) n}{2}$ OR $P_{3}(n)=\frac{n^{2}-(-n)}{2}$

$$
P_{3}(n)=\frac{n^{2}+n}{2}
$$

Note: Award AOA1 if $P_{3}(n)=\frac{n^{2}+n}{2}$ only is seen.\\
Do not award any marks for numerical verification.\\
so for triangular numbers, $P_{3}(n)=\frac{n(n+1)}{2}$\\
(ii) METHOD 1\\
uses a table of values to find a positive integer that satisfies $P_{3}(n)=351$\\
for example, a list showing at least 3 consecutive terms ( $\ldots 325$, 351, 378...)

Note: Award (M1) for use of a GDC's numerical solve or graph feature.

$$
n=26 \text { (26th triangular number) }
$$

Note: Award $\boldsymbol{A} \boldsymbol{O}$ for $n=-27,26$. Award $\boldsymbol{A} \boldsymbol{O}$ if additional solutions besides $n=26$ are given.

\section*{METHOD 2}
attempts to solve $\frac{n(n+1)}{2}=351\left(n^{2}+n-702=0\right)$ for $n$\\
$n=\frac{-1 \pm \sqrt{1^{2}-4(1)(-702)}}{2}$ OR $(n-26)(n+27)=0$\\
$n=26$ (26th triangular number)

Note: Award $\boldsymbol{A} \boldsymbol{O}$ for $n=-27,26$. Award $\boldsymbol{A} \boldsymbol{O}$ if additional solutions besides $n=26$ are given.

Question 1 continued\\
(b) (i) attempts to form an expression for $P_{3}(n)+P_{3}(n+1)$ in terms of $n$ EITHER

$$
\begin{aligned}
& P_{3}(n)+P_{3}(n+1) \equiv \frac{n(n+1)}{2}+\frac{(n+1)(n+2)}{2} \\
& \equiv \frac{(n+1)(2 n+2)}{2}\left(\equiv \frac{2(n+1)(n+1)}{2}\right)
\end{aligned}
$$

OR

$$
\begin{aligned}
& P_{3}(n)+P_{3}(n+1) \equiv\left(\frac{n^{2}}{2}+\frac{n}{2}\right)+\left(\frac{(n+1)^{2}}{2}+\frac{n+1}{2}\right) \\
& \equiv\left(\frac{n^{2}+n}{2}\right)+\left(\frac{n^{2}+2 n+1+n+1}{2}\right)\left(\equiv n^{2}+2 n+1\right)
\end{aligned}
$$

\section*{THEN}
$\equiv(n+1)^{2}$\\
(ii) the sum of the $n$th and $(n+1)$ th triangular numbers is the $(n+1)$ th square number

Question 1 continued\\
(iii)

\begin{center}
\begin{tabular}{lllll}
$X$ & $X$ & $X$ & $X$ & $X$ \\
$O$ & $X$ & $X$ & $X$ & $X$ \\
$O$ & $O$ & $X$ & $X$ & $X$ \\
$O$ & $O$ & $O$ & $X$ & $X$ \\
$O$ & $O$ & $O$ & $O$ & $X$ \\
\end{tabular}
\end{center}

Note: Accept equivalent single diagrams, such as the one above, where the 4th and 5th triangular numbers and the 5th square number are clearly shown. Award $\boldsymbol{A 1}$ for a diagram that show $P_{3}(4)$ (a triangle with 10 dots) and $P_{3}(5)$ (a triangle with 15 dots) and $P_{4}(5)$ (a square with 25 dots).

Question 1 continued\\
(c) METHOD 1\\
$8 P_{3}(n)+1=8\left(\frac{n(n+1)}{2}\right)+1(=4 n(n+1)+1)$\\
attempts to expand their expression for $8 P_{3}(n)+1$\\
$=4 n^{2}+4 n+1$\\
$=(2 n+1)^{2}$\\
and $2 n+1$ is odd

\section*{METHOD 2}
$8 P_{3}(n)+1=8\left((n+1)^{2}-P_{3}(n+1)\right)+1\left(=8\left((n+1)^{2}-\frac{(n+1)(n+2)}{2}\right)+1\right)$\\
attempts to expand their expression for $8 P_{3}(n)+1$\\
$8\left(n^{2}+2 n+1\right)-4\left(n^{2}+3 n+2\right)+1\left(=4 n^{2}+4 n+1\right)$\\
$=(2 n+1)^{2}$\\
and $2 n+1$ is odd

Question 1 continued

\section*{METHOD 3}
$8 P_{3}(n)+1=8\left(\frac{n(n+1)}{2}\right)+1\left(=(A n+B)^{2}\right)\left(\right.$ where $\left.A, B \in \mathbb{Z}^{+}\right)$\\
attempts to expand their expression for $8 P_{3}(n)+1$\\
$4 n^{2}+4 n+1\left(=A^{2} n^{2}+2 A B n+B^{2}\right)$\\
now equates coefficients and obtains $B=1$ and $A=2$\\
$=(2 n+1)^{2}$\\
and $2 n+1$ is odd

Question 1 continued\\
(d) EITHER\\
$u_{1}=1$ and $d=3$\\
substitutes their $u_{1}$ and their $d$ into $P_{5}(n)=\frac{n}{2}\left(2 u_{1}+(n-1) d\right)$\\
$P_{5}(n)=\frac{n}{2}(2+3(n-1))\left(=\frac{n}{2}(2+3 n-3)\right)$

\section*{OR}
$u_{1}=1$ and $u_{n}=3 n-2$\\
substitutes their $u_{1}$ and their $u_{n}$ into $P_{5}(n)=\frac{n}{2}\left(u_{1}+u_{n}\right)$\\
$P_{5}(n)=\frac{n}{2}(1+3 n-2)$\\
OR


\begin{align*}
& P_{5}(n)=(3(1)-2)+(3(2)-2)+(3(3)-2)+\ldots+3 n-2 \\
& P_{5}(n)=(3(1)+3(2)+3(3)+\ldots+3 n)-2 n(=3(1+2+3+\ldots+n)-2 n) \tag{A1}
\end{align*}


substitutes $\frac{n(n+1)}{2}$ into their expression for $P_{5}(n)$\\
$P_{5}(n)=3\left(\frac{n(n+1)}{2}\right)-2 n$\\
$P_{5}(n)=\frac{n}{2}(3(n+1)-4)$\\
OR\\
attempts to find the arithmetic mean of $n$ terms\\
$=\frac{1+(3 n-2)}{2}$\\
multiplies the above expression by the number of terms $n$

$$
P_{5}(n)=\frac{n}{2}(1+3 n-2)
$$

\section*{THEN}
so $P_{5}(n)=\frac{n(3 n-1)}{2}$

\section*{Question 1 continued}
(e) METHOD 1\\
forms a table of $P_{3}(n)$ values that includes some values for $n>5$\\
forms a table of $P_{5}(m)$ values that includes some values for $m>5$

Note: Award (M1) if at least one $P_{3}(n)$ value is correct. Award (M1) if at least one $P_{5}(m)$ value is correct. Accept as above for $\left(n^{2}+n\right)$ values and $\left(3 m^{2}-m\right)$ values.\\
$n=20$ for triangular numbers\\
$m=12$ for pentagonal numbers

Note: Award (A1) if $n=20$ is seen in or out of a table. Award (A1) if $m=12$ is seen in or out of a table. Condone the use of the same parameter for triangular numbers and pentagonal numbers, for example, $n=20$ for triangular numbers and $n=12$ for pentagonal numbers.

210 (is a triangular number and a pentagonal number)\\
Note: Award all five marks for 210 seen anywhere with or without working shown.

Question 1 continued

\section*{METHOD 2}
\section*{EITHER}
attempts to express $P_{3}(n)=P_{5}(m)$ as a quadratic in $n$\\
$n^{2}+n+\left(m-3 m^{2}\right)(=0)$ (or equivalent)\\
attempts to solve their quadratic in $n$\\
$n=\frac{-1 \pm \sqrt{12 m^{2}-4 m+1}}{2}\left(=\frac{-1 \pm \sqrt{1^{2}-4\left(m-3 m^{2}\right)}}{2}\right)$

OR\\
attempts to express $P_{3}(n)=P_{5}(m)$ as a quadratic in $m$\\
$3 m^{2}-m-\left(n^{2}+n\right)(=0)$ (or equivalent)\\
attempts to solve their quadratic in $m$\\
$m=\frac{1 \pm \sqrt{12 n^{2}+12 n+1}}{6}\left(=\frac{1 \pm \sqrt{(-1)^{2}+12\left(n^{2}+n\right)}}{6}\right)$

\section*{THEN}
$n=20$ for triangular numbers\\
$m=12$ for pentagonal numbers\\
210 (is a triangular number and a pentagonal number)

Question 1 continued

\section*{METHOD 3}
$$
\frac{n(n+1)}{2}=\frac{m(3 m-1)}{2}
$$

let $n=m+k(n>m)$ and so $3 m^{2}-m=(m+k)(m+k+1)$

$$
2 m^{2}-2(k+1) m-\left(k^{2}+k\right)=0
$$

attempts to find the discriminant of their quadratic\\
and recognises that this must be a perfect square

$$
\begin{aligned}
& \Delta=4(k+1)^{2}+8\left(k^{2}+k\right) \\
& N^{2}=4(k+1)^{2}+8\left(k^{2}+k\right)(=4(k+1)(3 k+1))
\end{aligned}
$$

determines that $k=8$ leading to $2 m^{2}-18 m-72=0 \Rightarrow m=-3,12$ and so $m=12$\\
210 (is a triangular number and a pentagonal number)

\section*{METHOD 4}
$\frac{n(n+1)}{2}=\frac{m(3 m-1)}{2}$\\
let $m=n-k(m<n)$ and so $n^{2}+n=(n-k)(3(n-k)-1)$\\
$2 n^{2}-2(3 k+1) n+\left(3 k^{2}+k\right)=0$\\
attempts to find the discriminant of their quadratic\\
and recognises that this must be a perfect square

$$
\begin{aligned}
& \Delta=4(3 k+1)^{2}-8\left(3 k^{2}+k\right) \\
& N^{2}=4(3 k+1)^{2}-8\left(3 k^{2}+k\right)(=4(k+1)(3 k+1))
\end{aligned}
$$

determines that $k=8$ leading to $2 n^{2}-50 n+200=0 \Rightarrow n=5,20$ and so $n=20$

\section*{Question 1 continued}
(f)

Note: Award a maximum of R1MOMOA1M1A1A1R0 for a 'correct' proof using $n$ and $n+1$.\\
consider $n=1: P_{r}(1)=1+(1-1)(r-2)=1$ and $P_{r}(1)=\frac{(r-2)\left(1^{2}\right)-(r-4)(1)}{2}=1$\\
so true for $n=1$

Note: Accept $P_{r}(1)=1$ and $P_{r}(1)=\frac{(r-2)\left(1^{2}\right)-(r-4)(1)}{2}=1$.\\
Do not accept one-sided considerations such as ' $P_{r}(1)=1$ and so true for $n=1^{\prime}$.\\
Subsequent marks after this $\boldsymbol{R} \mathbf{1}$ are independent of this mark can be awarded.

Assume true for $n=k$, ie. $P_{r}(k)=\frac{(r-2) k^{2}-(r-4) k}{2}$

Note: Award MO for statements such as ""let $n=k$ "". The assumption of truth must be clear.\\
Subsequent marks after this M1 are independent of this mark and can be awarded.

Consider $n=k+1$ :\\
$\left(P_{r}(k+1)\right.$ can be represented by the sum

$$
\begin{aligned}
& \sum_{m=1}^{k+1}(1+(m-1)(r-2))=\sum_{m=1}^{k}(1+(m-1)(r-2))+(1+k(r-2)) \text { and so } \\
& P_{r}(k+1)=\frac{(r-2) k^{2}-(r-4) k}{2}+(1+k(r-2))\left(P_{r}(k+1)=P_{r}(k)+(1+k(r-2))\right) \\
& =\frac{(r-2) k^{2}-(r-4) k+2+2 k(r-2)}{2} \\
& =\frac{(r-2)\left(k^{2}+2 k\right)-(r-4) k+2}{2} \\
& =\frac{(r-2)\left(k^{2}+2 k+1\right)-(r-2)-(r-4) k+2}{2} \\
& =\frac{(r-2)(k+1)^{2}-(r-4) k-(r-4)}{2} \\
& =\frac{(r-2)(k+1)^{2}-(r-4)(k+1)}{2} \\
& \text { hence true for } n=1 \text { and } n=k \text { true } \Rightarrow n=k+1 \text { true } \\
& \text { therefore true for all } n \in \mathbb{Z}^{+}
\end{aligned}
$$

Note: Only award the final $\boldsymbol{R} \mathbf{1}$ if the first five marks have been awarded. Award marks as appropriate for solutions that expand both the LHS and (given) RHS of the equation.\\",Calculator Allowed,,,,,,,,,IBDP,,,,,,,,TRUE,2025,
,TRUE,2,28,2022,May,Paper 3,TZ1,"This question asks you to explore cubic polynomials of the form $(x-r)\left(x^2-2 a x+a^2+b^2\right)$ for $x \in \mathbb{R}$ and corresponding cubic equations with one real root and two complex roots of the form $(z-r)\left(z^2-2 a z+a^2+b^2\right)=0$ for $z \in \mathbb{C}$.
In parts (a), (b) and (c), let $r=1, a=4$ and $b=1$.
Consider the equation $(z-1)\left(z^2-8 z+17\right)=0$ for $z \in \mathbb{C}$.
\begin{parts}
\part[1] \begin{enumerate}[label=(\roman*)]
\item Given that 1 and $4+\mathrm{i}$ are roots of the equation, write down the third root.
\item Verify that the mean of the two complex roots is 4.
\end{enumerate}
Consider the function $f(x)=(x-1)\left(x^2-8 x+17\right)$ for $x \in \mathbb{R}$.
\part[4] Show that the line $y=x-1$ is tangent to the curve $y=f(x)$ at the point $\mathrm{A}(4,3)$.
\part[2] Sketch the curve $y=f(x)$ and the tangent to the curve at point $\mathrm{A}$, clearly showing where the tangent crosses the $x$-axis.
Consider the function $g(x)=(x-r)\left(x^2-2 a x+a^2+b^2\right)$ for $x \in \mathbb{R}$ where $r, a \in \mathbb{R}$ and $b \in \mathbb{R}, b>0$.
\part[6] \begin{enumerate}[label=(\roman*)]
\item Show that $g^{\prime}(x)=2(x-r)(x-a)+x^2-2 a x+a^2+b^2$. \;\;\;\;\;\;\;\;\;\;\;\;\;\;\;\;\;\;\;\;\;\;\;\;\;\;\;\;\;\;\;\;\;\;\;\;\;\;\;\;\;\;\;\;\;\;\;\;\;\;\;\;\;\;\;\;\;\;\;\;\;[2]
\item Hence, or otherwise, prove that the tangent to the curve $y=g(x)$ at the point $\mathrm{A}(a, g(a))$ intersects the $x$-axis at the point $\mathrm{R}(r, 0)$. \end{enumerate}
The equation $(z-r)\left(z^2-2 a z+a^2+b^2\right)=0$ for $z \in \mathbb{C}$ has roots $r$ and $a \pm b$ i where $r, a \in \mathbb{R}$ and $b \in \mathbb{R}, b>0$.
\part[1] Deduce from part (d)(i) that the complex roots of the equation\\ $(z-r)\left(z^2-2 a z+a^2+b^2\right)=0$ can be expressed as $a \pm \mathrm{i} \sqrt{g^{\prime}(a)}$.
On the Cartesian plane, the points $\mathrm{C}_1\left(a, \sqrt{g^{\prime}(a)}\right)$ and $\mathrm{C}_2\left(a,-\sqrt{g^{\prime}(a)}\right)$ represent the real and imaginary parts of the complex roots of the equation $(z-r)\left(z^2-2 a z+a^2+b^2\right)=0$.
The following diagram shows a particular curve of the form $y=(x-r)\left(x^2-2 a x+a^2+16\right)$ and the tangent to the curve at the point $\mathrm{A}(a, 80)$. The curve and the tangent both intersect the $x$-axis at the point $\mathrm{R}(-2,0)$. The points $\mathrm{C}_1$ and $\mathrm{C}_2$ are also shown.
\begin{center}
\includegraphics[scale=0.1,height=8cm]{SV_IBDP_FST_AA HL_May 2022_Paper 3_TZ1_2.png}
\end{center}
\part[1] \begin{enumerate}[label=(\roman*)]
\item Use this diagram to determine the roots of the corresponding equation of the form $(z-r)\left(z^2-2 a z+a^2+16\right)=0$ for $z \in \mathbb{C}$.\;\;\;\;\;\;\;\;\;\;\;\;\;\;\;\;\;\;\;\;\;\;\;\;\;\;\;\;\;\;\;\;\;\;\;\;\;\;\;\;\;\;\;\;\;\;\;\;\;\;\;\;\;\;\;\;\;\;\;\;\;\;\;\;\;\;\;\;\;\;\;\;\;\;\;\;\;\;\;\;\;[4]
\item State the coordinates of $\mathrm{C}_2$.
\end{enumerate}
Consider the curve $y=(x-r)\left(x^2-2 a x+a^2+b^2\right)$ for $a \neq r, b>0$. The points $\mathrm{A}(a, g(a))$ and $\mathrm{R}(r, 0)$ are as defined in part (d)(ii). The curve has a point of inflexion at point $\mathrm{P}$.
\part[1] \begin{enumerate}[label=(\roman*)]
\item Show that the $x$-coordinate of $\mathrm{P}$ is $\cfrac{1}{3}(2 a+r)$.\;\;\;\;\;\;\;\;\;\;\;\;\;\;\;\;\;\;\;\;\;\;\;\;\;\;\;\;\;\;\;\;\;\;\;\;\;\;\;\;\;\;\;\;\;\;\;\;\;\;\;\;\;\;\;\;\;\;\;\;\;\;\;\;\;\;\;\;\;\;\;\;\;\;[2]
\newline
You are not required to demonstrate a change in concavity.
\item Hence describe numerically the horizontal position of point $\mathrm{P}$ relative to the horizontal positions of the points $\mathrm{R}$ and $\mathrm{A}$.
\end{enumerate}
Consider the special case where $a=r$ and $b>0$.
\part[1] \begin{enumerate}[label=(\roman*)]
\item Sketch the curve $y=(x-r)\left(x^2-2 a x+a^2+b^2\right)$ for $a=r=1$ and $b=2$.\;\;\;\;\;\;\;\;\;\;\;\;\;\;\;\;\;\;\;\;\;\;\;\;\;\;\;\;\;[2]
\item For $a=r$ and $b>0$, state in terms of $r$, the coordinates of points $\mathrm{P}$ and $\mathrm{A}$.
\end{enumerate}
\end{parts}
}","Complex Numbers
Polynomials
Differential Equations","1. Numbers and Algebra
2. Functions
5. Calculus",HL,"(a) (i) $4-\mathrm{i}$\\
(ii) mean $=\frac{1}{2}(4+\mathrm{i}+4-\mathrm{i})$\\
$=4$\\
(b) METHOD 1\\
attempts product rule differentiation\\
Note: Award (M1) for attempting to express $f(x)$ as $f(x)=x^{3}-9 x^{2}+25 x-17$\\
$f^{\prime}(x)=(x-1)(2 x-8)+x^{2}-8 x+17\left(f^{\prime}(x)=3 x^{2}-18 x+25\right)$\\
$f^{\prime}(4)=1$\\
Note: Where $f^{\prime}(x)$ is correct, award $\boldsymbol{A 1}$ for solving $f^{\prime}(x)=1$ and obtaining $x=4$.

\section*{EITHER}
$y-3=1(x-4)$

\section*{OR}
$y=x+c$\\
$3=4+c \Rightarrow c=-1$

\section*{OR}
states the gradient of $y=x-1$ is also 1 and verifies that $(4,3)$ lies on the line $y=x-1$

\section*{THEN}
so $y=x-1$ is the tangent to the curve at $A(4,3)$\\
Note: Award a maximum of (M0)A0A1A1 to a candidate who does not attempt to find $f^{\prime}(x)$.

Question 2 continued

\section*{METHOD 2}
sets $f(x)=x-1$ to form $x-1=(x-1)\left(x^{2}-8 x+17\right)$

\section*{EITHER}
$$
(x-1)\left(x^{2}-8 x+16\right)=0\left(x^{3}-9 x^{2}+24 x-16=0\right)
$$

attempts to solve a correct cubic equation\\
$(x-1)(x-4)^{2}=0 \Rightarrow x=1,4$

OR\\
recognises that $x \neq 1$ and forms $x^{2}-8 x+17=1\left(x^{2}-8 x+16=0\right)$\\
attempts to solve a correct quadratic equation

$$
(x-4)^{2}=0 \Rightarrow x=4
$$

\section*{THEN}
$$
x=4 \text { is a double root }
$$R1

so $y=x-1$ is the tangent to the curve at $\mathrm{A}(4,3)$ ..... AG

Note: Candidates using this method are not required to verify that $y=3$.\\
(c)\\
\includegraphics[width=0.4\textwidth]{2024_10_08_e0ce4970c40b310ee6d8g-21}\\
a positive cubic with an $x$-intercept $(x=1)$, and a local maximum and local minimum in the first quadrant both positioned to the left of A

Note: As the local minimum and point A are very close to each other, condone graphs that seem to show these points coinciding.\\
For the point of tangency, accept labels such as A, $(4,3)$ or the point labelled from both axes. Coordinates are not required.\\
a correct sketch of the tangent passing through A and crossing the $x$-axis at the same point $(x=1)$ as the curve

Note: Award A1A0 if both graphs cross the $x$-axis at distinctly different points.

Question 2 continued\\
(d) (i) EITHER

$$
g^{\prime}(x)=(x-r)(2 x-2 a)+x^{2}-2 a x+a^{2}+b^{2}
$$

\section*{OR}
$$
g(x)=x^{3}-(2 a+r) x^{2}+\left(a^{2}+b^{2}+2 a r\right) x-\left(a^{2}+b^{2}\right) r
$$

attempts to find $g^{\prime}(x)$\\
$g^{\prime}(x)=3 x^{2}-2(2 a+r) x+a^{2}+b^{2}+2 a r$\\
$=2 x^{2}-2(a+r) x+2 a r+x^{2}-2 a x+a^{2}+b^{2}$\\
$\left(=2\left(x^{2}-a x-r x+a r\right)+x^{2}-2 a x+a^{2}+b^{2}\right)$

\section*{THEN}
$$
g^{\prime}(x)=2(x-r)(x-a)+x^{2}-2 a x+a^{2}+b^{2}
$$

Question 2 continued\\
(ii) METHOD 1


\begin{align*}
& g(a)=b^{2}(a-r)  \tag{A1}\\
& g^{\prime}(a)=b^{2} \tag{A1}
\end{align*}


attempts to substitute their $g(a)$ and $g^{\prime}(a)$ into $y-g(a)=g^{\prime}(a)(x-a)$\\
$y-b^{2}(a-r)=b^{2}(x-a)$

\section*{EITHER}
$y=b^{2}(x-r)\left(y=b^{2} x-b^{2} r\right)$\\
sets $y=0$ so $b^{2}(x-r)=0$\\
$b>0 \Rightarrow x=r$ OR $b \neq 0 \Rightarrow x=r$

\section*{OR}
sets $y=0$ so $-b^{2}(a-r)=b^{2}(x-a)$\\
$b>0$ OR $b \neq 0 \Rightarrow-(a-r)=x-a$ R1\\
$x=r$

\section*{THEN}
so the tangent intersects the $x$-axis at the point $\mathrm{R}(r, 0)$\\
AG

Question 2 continued

\section*{METHOD 2}
$g^{\prime}(a)=b^{2}$\\
$g(a)=b^{2}(a-r)$\\
attempts to substitute their $g(a)$ and $g^{\prime}(a)$ into $y=g^{\prime}(a) x+c$ and attempts to find $c$ M1\\
$c=-b^{2} r$

\section*{EITHER}
$y=b^{2}(x-r)\left(y=b^{2} x-b^{2} r\right)$\\
sets $y=0$ so $b^{2}(x-r)=0$\\
$b>0 \Rightarrow x=r$ OR $b \neq 0 \Rightarrow x=r$

\section*{OR}
$$
\text { sets } y=0 \text { so } b^{2}(x-r)=0
$$

$b>0$ OR $b \neq 0 \Rightarrow x-r=0$\\
$x=r$

\section*{METHOD 3}
$g^{\prime}(a)=b^{2}$\\
the line through $\mathrm{R}(r, 0)$ parallel to the tangent at a has equation $y=b^{2}(x-r)$\\
sets $g(x)=b^{2}(x-r)$ to form $b^{2}(x-r)=(x-r)\left(x^{2}-2 a x+a^{2}+b^{2}\right)$\\
$b^{2}=x^{2}-2 a x+a^{2}+b^{2},(x \neq r)$\\
$(x-a)^{2}=0$\\
since there is a double root $(x=a)$, this parallel line through\\
$\mathrm{R}(r, 0)$ is the required tangent at A\\
R1

\section*{Question 2 continued}
(e) EITHER

$$
g^{\prime}(a)=b^{2} \Rightarrow b=\sqrt{g^{\prime}(a)}(\text { since } b>0)
$$

Note: Accept $b= \pm \sqrt{g^{\prime}(a)}$.

\section*{OR}
$(a \pm b \mathrm{i}=) a \pm \mathrm{i} \sqrt{b^{2}}$ and $g^{\prime}(a)=b^{2}$

\section*{THEN}
hence the complex roots can be expressed as $a \pm \mathrm{i} \sqrt{g^{\prime}(a)}$\\
(f) (i) $b=4$ (seen anywhere)

\section*{EITHER}
attempts to find the gradient of the tangent in terms of $a$ and equates to 16

OR\\
substitutes $r=-2, x=a$ and $y=80$ to form $80=(a-(-2))\left(a^{2}-2 a^{2}+a^{2}+16\right)$

OR\\
substitutes $r=-2, x=a$ and $y=80$ into $y=16(x-r)$

\section*{THEN}
$$
\frac{80}{a+2}=16 \Rightarrow a=3
$$

roots are -2 (seen anywhere) and $3 \pm 4 \mathrm{i}$

Note: Award $\boldsymbol{A} \mathbf{1}$ for -2 and $\boldsymbol{A} \mathbf{1}$ for $3 \pm 4 \mathrm{i}$. Do not accept coordinates.\\
(ii) $(3,-4)$

Note: Accept "" $x=3$ and $y=-4$ "".\\
Do not award A1FT for $(a,-4)$.

Question 2 continued\\
(g) (i) $g^{\prime}(x)=2(x-r)(x-a)+x^{2}-2 a x+a^{2}+b^{2}$\\
attempts to find $g^{\prime \prime}(x)$\\
$g^{\prime \prime}(x)=2(x-a)+2(x-r)+2 x-2 a(=6 x-2 r-4 a)$\\
sets $g^{\prime \prime}(x)=0$ and correctly solves for $x$\\
for example, obtaining $x-r+2(x-a)=0$ leading to $3 x=2 a+r$\\
so $x=\frac{1}{3}(2 a+r)$\\
Note: Do not award $\boldsymbol{A 1}$ if the answer does not lead to the $\boldsymbol{A G}$.\\
(ii) point P is $\frac{2}{3}$ of the horizontal distance (way) from point R to point A

Note: Accept equivalent numerical statements or a clearly labelled diagram displaying the numerical relationship.\\
Award $\boldsymbol{A} \boldsymbol{O}$ for non-numerical statements such as "" P is between R and A , closer to A"".

Question 2 continued\\
(h) (i) $y=(x-1)\left(x^{2}-2 x+5\right)$\\
\includegraphics[width=0.4\textwidth]{2024_10_08_e0ce4970c40b310ee6d8g-27}\\
a positive cubic with no stationary points and a non-stationary point of inflexion at $x=1$

Note: Graphs may appear approximately linear. Award this A1 if a change of concavity either side of $x=1$ is apparent. Coordinates are not required and the $y$-intercept need not be indicated.\\
(ii) $(r, 0)$


\end{document}",Calculator Allowed,,,,,,,,,IBDP,,,,,,,,TRUE,2025,
,TRUE,1,28,2022,May,Paper 3,TZ2,"This question asks you to explore properties of a family of curves of the type $y^2=x^3+a x+b$ for various values of $a$ and $b$, where $a, b \in \mathbb{N}$.
\begin{parts}
\part[2] On the same set of axes, sketch the following curves for $-2 \leq x \leq 2$ and $-2 \leq y \leq 2$, clearly indicating any points of intersection with the coordinate axes.
\begin{enumerate}[label=(\roman*)]
\item $y^2=x^3, x \geq 0$
\item $y^2=x^3+1, x \geq-1$ \end{enumerate}
\part[1] \begin{enumerate}[label=(\roman*)]
\item Write down the coordinates of the two points of inflexion on the curve $y^2=x^3+1$.
\item By considering each curve from part (a), identify two key features that would distinguish one curve from the other.
\end{enumerate}
Now, consider curves of the form $y^2=x^3+b$, for $x \geq-\sqrt[3]{b}$, where $b \in \mathbb{Z}^{+}$.
\part[2] By varying the value of $b$, suggest two key features common to these curves.
Next, consider the curve $y^2=x^3+x, x \geq 0$.
\part[1] \begin{enumerate}[label=(\roman*)]
\item Show that $\cfrac{\mathrm{d} y}{\mathrm{~d} x}= \pm \cfrac{3 x^2+1}{2 \sqrt{x^3+x}}$, for $x>0$.\;\;\;\;\;\;\;\;\;\;\;\;\;\;\;\;\;\;\;\;\;\;\;\;\;\;\;\;\;\;\;\;\;\;\;\;\;\;\;\;\;\;\;\;\;\;\;\;\;\;\;\;\;\;\;\;\;\;\;\;\;\;\;\;\;\;\;\;\;\;\;\;\;\;\;\;\;\;\;[3]
\item Hence deduce that the curve $y^2=x^3+x$ has no local minimum or maximum points.
\end{enumerate}
The curve $y^2=x^3+x$ has two points of inflexion. Due to the symmetry of the curve these points have the same $x$-coordinate.
\part[7] Find the value of this $x$-coordinate, giving your answer in the form $x=\sqrt{\cfrac{p \sqrt{3}+q}{r}}$, where $p, q, r \in \mathbb{Z}$.
$\mathrm{P}(x, y)$ is defined to be a rational point on a curve if $x$ and $y$ are rational numbers.
The tangent to the curve $y^2=x^3+a x+b$ at a rational point $\mathrm{P}$ intersects the curve at another rational point $Q$.
Let $C$ be the curve $y^2=x^3+2$, for $x \geq-\sqrt[3]{2}$. The rational point $\mathrm{P}(-1,-1)$ lies on $C$.
\part[2] \begin{enumerate}[label=(\roman*)]
\item Find the equation of the tangent to $C$ at $\mathrm{P}$.
\item Hence, find the coordinates of the rational point Q where this tangent intersects $C$, expressing each coordinate as a fraction.
\end{enumerate}
\part[5] The point $\mathrm{S}(-1,1)$ also lies on $C$. The line [QS] intersects $C$ at a further point. Determine the coordinates of this point.
\end{parts}","Differential Calculus
Differential Equations",5. Calculus,HL,"(a) (i)\includegraphics[width=0.4\textwidth]{2024_10_08_8ae813756d37f6f0d895g-08}\\
approximately symmetric about the $x$-axis graph of $y^{2}=x^{3} \quad \boldsymbol{A 1}$\\
including cusp/sharp point at $(0,0) \quad$ A1\\
\\
(ii) approximately symmetric about the $x$-axis graph of $y^{2}=x^{3}+1$ with\\
approximately correct gradient at axes intercepts\\
some indication of position of intersections at $x=-1, y= \pm 1 \quad$ A1\\

\end{enumerate}

Note: Final $\boldsymbol{A 1}$ can be awarded if intersections are in approximate correct place with respect to the axes shown. Award A1A1A1A0 if graphs 'merge' or 'cross' or are discontinuous at $x$-axis but are otherwise correct. Award A1AOAOAO if only one correct branch of both curves are seen.\\
Note: If they sketch graphs on separate axes, award a maximum of 2 marks for the 'best' response seen. This is likely to be A1A1A0A0.

\section*{Question 1 continued}
(b) (i) $(0,1)$ and $(0,-1)$\\
(ii) Any two from:\\
$y^{2}=x^{3}$ has a cusp/sharp point, (the other does not)\\
graphs have different domains\\
$y^{2}=x^{3}+1$ has points of inflexion, (the other does not)\\
graphs have different $x$-axis intercepts (one goes through the origin, and the other does not)\\
graphs have different $y$-axis intercepts

Note: Follow through from their sketch in part (a)(i). In accordance with marking rules, mark their first two responses and ignore any subsequent.\\
(c) Any two from:\\
as $x \rightarrow \infty, y \rightarrow \pm \infty$\\
as $x \rightarrow \infty, y^{2}=x^{3}+b$ is approximated by $y^{2}=x^{3}$ (or similar)\\
they have $x$ intercepts at $x=-\sqrt[3]{b}$\\
they have $y$ intercepts at $y=( \pm) \sqrt{b}$\\
they all have the same range\\
$y=0$ (or $x$-axis) is a line of symmetry\\
they all have the same line of symmetry $(y=0)$\\
they have one $x$-axis intercept\\
they have two $y$-axis intercepts\\
they have two points of inflexion\\
at $x$-axis intercepts, curve is vertical/infinite gradient\\
there is no cusp/sharp point at $x$-axis intercepts

Note: The last example is the only valid answer for things ""not"" present. Do not credit an answer of ""they are all symmetrical"" without some reference to the line of symmetry.\\
Note: Do not allow same/ similar shape or equivalent.\\
Note: In accordance with marking rules, mark their first two responses and ignore any subsequent.

Question 1 continued\\
(d) (i) METHOD 1\\
attempt to differentiate implicitly\\
$2 y \frac{\mathrm{~d} y}{\mathrm{~d} x}=3 x^{2}+1$\\
$\frac{\mathrm{d} y}{\mathrm{~d} x}=\frac{3 x^{2}+1}{2 y} \quad$ OR $\quad( \pm) 2 \sqrt{x^{3}+x} \frac{\mathrm{~d} y}{\mathrm{~d} x}=3 x^{2}+1$\\
$\frac{\mathrm{d} y}{\mathrm{~d} x}= \pm \frac{3 x^{2}+1}{2 \sqrt{x^{3}+x}}$

\section*{METHOD 2}
attempt to use chain rule $y=( \pm) \sqrt{x^{3}+x}$

$$
\frac{\mathrm{d} y}{\mathrm{~d} x}=( \pm) \frac{1}{2}\left(x^{3}+x\right)^{-\frac{1}{2}}\left(3 x^{2}+1\right)
$$

Note: Award $\boldsymbol{A} \mathbf{1}$ for $( \pm) \frac{1}{2}\left(x^{3}+x\right)^{-\frac{1}{2}}, \boldsymbol{A} \mathbf{1}$ for $\left(3 x^{2}+1\right)$.

$$
\frac{\mathrm{d} y}{\mathrm{~d} x}= \pm \frac{3 x^{2}+1}{2 \sqrt{x^{3}+x}}
$$

(ii) EITHER\\
local minima/maxima occur when $\frac{\mathrm{d} y}{\mathrm{~d} x}=0$\\
$1+3 x^{2}=0$ has no (real) solutions (or equivalent)

OR\\
$\left(x^{2} \geq 0 \Rightarrow\right) 3 x^{2}+1>0$, so $\frac{\mathrm{d} y}{\mathrm{~d} x} \neq 0$

THEN\\
so, no local minima/maxima exist

Question 1 continued\\
(e) EITHER\\
attempt to use quotient rule to find $\frac{\mathrm{d}^{2} y}{\mathrm{~d} x^{2}}$


\begin{equation*}
\frac{\mathrm{d}^{2} y}{\mathrm{~d} x^{2}}=( \pm) \frac{12 x \sqrt{x+x^{3}}-\left(1+3 x^{2}\right)\left(x+x^{3}\right)^{-\frac{1}{2}}\left(1+3 x^{2}\right)}{4\left(x+x^{3}\right)} \tag{A1A1}
\end{equation*}


Note: Award A1 for correct $12 x \sqrt{x+x^{3}}$ and correct denominator, $\boldsymbol{A} \mathbf{1}$ for correct $-\left(1+3 x^{2}\right)\left(x+x^{3}\right)^{-\frac{1}{2}}\left(1+3 x^{2}\right)$.\\
Note: Future $\boldsymbol{A}$ marks may be awarded if the denominator is missing or incorrect.\\
stating or using $\frac{\mathrm{d}^{2} y}{\mathrm{~d} x^{2}}=0$ (may be seen anywhere)\\
$12 x \sqrt{x+x^{3}}=\left(1+3 x^{2}\right)\left(x+x^{3}\right)^{-\frac{1}{2}}\left(1+3 x^{2}\right)$

OR\\
attempt to use product rule to find $\frac{\mathrm{d}^{2} y}{\mathrm{~d} x^{2}}$

$$
\frac{\mathrm{d}^{2} y}{\mathrm{~d} x^{2}}=\frac{1}{2}\left(3 x^{2}+1\right)\left(-\frac{1}{2}\right)\left(3 x^{2}+1\right)\left(x^{3}+x\right)^{-\frac{3}{2}}+3 x\left(x^{3}+x\right)^{-\frac{1}{2}}
$$

Note: Award $\boldsymbol{A} \mathbf{1}$ for correct first term, $\boldsymbol{A} \mathbf{1}$ for correct second term.\\
setting $\frac{\mathrm{d}^{2} y}{\mathrm{~d} x^{2}}=0$

Question 1 continued

OR\\
attempts implicit differentiation on $2 y \frac{\mathrm{~d} y}{\mathrm{~d} x}=3 x^{2}+1$\\
$2\left(\frac{\mathrm{~d} y}{\mathrm{~d} x}\right)^{2}+2 y \frac{\mathrm{~d}^{2} y}{\mathrm{~d} x^{2}}=6 x$\\
recognizes that $\frac{\mathrm{d}^{2} y}{\mathrm{~d} x^{2}}=0$\\
$\frac{\mathrm{d} y}{\mathrm{~d} x}= \pm \sqrt{3 x}$\\
$( \pm) \frac{3 x^{2}+1}{2 \sqrt{x^{3}+x}}=( \pm) \sqrt{3 x}$

\section*{THEN}
$$
\begin{aligned}
& 12 x\left(x+x^{3}\right)=\left(1+3 x^{2}\right)^{2} \\
& 12 x^{2}+12 x^{4}=9 x^{4}+6 x^{2}+1 \\
& 3 x^{4}+6 x^{2}-1=0 \\
& \text { attempt to use quadratic formula or equivalent } \\
& x^{2}=\frac{-6 \pm \sqrt{48}}{6} \\
& (x>0 \Rightarrow) x=\sqrt{\frac{2 \sqrt{3}-3}{3}}(p=2, q=-3, r=3)
\end{aligned}
$$A1

attempt to use quadratic formula or equivalent ..... (M1)

Note: Accept any integer multiple of $p, q$ and $r$ (e.g. 4,-6 and 6).

Question 1 continued\\
(f) (i) attempt to find tangent line through ( $-1,-1$ )

$$
y+1=-\frac{3}{2}(x+1) \text { OR } y=-1.5 x-2.5
$$

(ii) attempt to solve simultaneously with $y^{2}=x^{3}+2$

Note: The M1 mark can be awarded for an unsupported correct answer in an incorrect format (e.g. (4.25, -8.875)).

$$
\text { obtain }\left(\frac{17}{4},-\frac{71}{8}\right)
$$

Question 1 continued\\
(g) attempt to find equation of [QS]\\
$\frac{y-1}{x+1}=-\frac{79}{42}(=-1.88095 \ldots)$\\
solve simultaneously with $y^{2}=x^{3}+2$

$$
\begin{aligned}
& x=0.28798 \ldots\left(=\frac{127}{441}\right) \\
& y=-1.4226 \ldots\left(=\frac{13175}{9261}\right)
\end{aligned}
$$

$(0.288,-1.42)$

OR\\
attempt to find vector equation of [QS]\\
$\binom{x}{y}=\binom{-1}{1}+\lambda\binom{\frac{21}{4}}{-\frac{79}{8}}$\\
$x=-1+\frac{21}{4} \lambda$\\
$y=1-\frac{79}{8} \lambda$\\
attempt to solve $\left(1-\frac{79}{8} \lambda\right)^{2}=\left(-1+\frac{21}{4} \lambda\right)^{3}+2$\\
$\lambda=0.2453 \ldots$\\
$x=0.28798 \ldots\left(=\frac{127}{441}\right)$\\
$y=-1.4226 \ldots\left(=\frac{13175}{9261}\right)$\\
$(0.288,-1.42)$\\",Calculator Allowed,,,,,,,,,IBDP,,,,,,,,TRUE,2025,
,TRUE,2,27,2022,May,Paper 3,TZ2,"This question asks you to investigate conditions for the existence of complex roots of polynomial equations of degree 3 and 4.
The cubic equation $x^3+p x^2+q x+r=0$, where $p, q, r \in \mathbb{R}$, has roots $\alpha, \beta$ and $\gamma$.
\begin{parts}
\part[3] By expanding $(x-\alpha)(x-\beta)(x-\gamma)$ show that:
$$
\begin{aligned}
& p=-(\alpha+\beta+\gamma) \\
& q=\alpha \beta+\beta \gamma+\gamma \alpha \\
& r=-\alpha \beta \gamma .
\end{aligned}
$$
\part[3] \begin{enumerate}[label=(\roman*)]
\item Show that $p^2-2 q=\alpha^2+\beta^2+\gamma^2$.
\item Hence show that $(\alpha-\beta)^2+(\beta-\gamma)^2+(\gamma-\alpha)^2=2 p^2-6 q$.
\end{enumerate}
\part[2] Given that $p^2<3 q$, deduce that $\alpha, \beta$ and $\gamma$ cannot all be real.
Consider the equation $x^3-7 x^2+q x+1=0$, where $q \in \mathbb{R}$.
\part[2] Using the result from part (c), show that when $q=17$, this equation has at least one complex root.
Noah believes that if $p^2 \geq 3 q$ then $\alpha, \beta$ and $\gamma$ are all real.
\part[1] \begin{enumerate}[label=(\roman*)]
\item By varying the value of $q$ in the equation $x^3-7 x^2+q x+1=0$, determine the smallest positive integer value of $q$ required to show that Noah is incorrect.\;\;\;\;\;\;\;\;\;\;\;\;\;\;\;\;\;\;\;\;\;\;\;\;\;\;\;\;\;\;\;\;\;\;\;\;\;\;\;\;\;\;\;\;[2]
\item Explain why the equation will have at least one real root for all values of $q$.
\end{enumerate}
Now consider polynomial equations of degree 4 .
The equation $x^4+p x^3+q x^2+r x+s=0$, where $p, q, r, s \in \mathbb{R}$, has roots $\alpha, \beta, \gamma$ and $\delta$. In a similar way to the cubic equation, it can be shown that:
$$
\begin{aligned}
& p=-(\alpha+\beta+\gamma+\delta) \\
& q=\alpha \beta+\alpha \gamma+\alpha \delta+\beta \gamma+\beta \delta+\gamma \delta \\
& r=-(\alpha \beta \gamma+\alpha \beta \delta+\alpha \gamma \delta+\beta \gamma \delta) \\
& s=\alpha \beta \gamma \delta .
\end{aligned}
$$
\part[1] \begin{enumerate}[label=(\roman*)]
\item Find an expression for $\alpha^2+\beta^2+\gamma^2+\delta^2$ in terms of $p$ and $q$.\;\;\;\;\;\;\;\;\;\;\;\;\;\;\;\;\;\;\;\;\;\;\;\;\;\;\;\;\;\;\;\;\;\;\;\;\;\;\;\;\;\;\;\;\;\;\;\;\;\;\;\;\;\;\;[3]
\item Hence state a condition in terms of $p$ and $q$ that would imply $x^4+p x^3+q x^2+r x+s=0$ has at least one complex root.
\end{enumerate}
\part[1] Use your result from part (f)(ii) to show that the equation $x^4-2 x^3+3 x^2-4 x+5=0$ has at least one complex root.
The equation $x^4-9 x^3+24 x^2+22 x-12=0$, has one integer root.
\part[1] \begin{enumerate}[label=(\roman*)]
\item State what the result in part (f)(ii) tells us when considering this equation $x^4-9 x^3+24 x^2+22 x-12=0$.
\item Write down the integer root of this equation.
\item By writing $x^4-9 x^3+24 x^2+22 x-12$ as a product of one linear and one cubic factor, prove that the equation has at least one complex root.\;\;\;\;\;\;\;\;\;\;\;\;\;\;\;\;\;\;\;\;\;\;\;\;\;\;\;\;\;\;\;\;\;\;\;\;\;\;\;\;\;\;\;\;\;\;\;\;\;\;\;\;\;\;\;\;\;\;\;\;\;\;\;\;\;\;\;\;\;[4]
\end{enumerate}
\end{parts}
}","Complex Numbers
Polynomials","1. Numbers and Algebra
2. Functions",HL,"(a) attempt to expand $(x-\alpha)(x-\beta)(x-\gamma)$

$$
=\left(x^{2}-(\alpha+\beta) x+\alpha \beta\right)(x-\gamma) \quad \text { OR }=(x-\alpha)\left(x^{2}-(\beta+\gamma) x+\beta \gamma\right)
$$

$\left(x^{3}+p x^{2}+q x+r\right)=x^{3}-(\alpha+\beta+\gamma) x^{2}+(\alpha \beta+\beta \gamma+\gamma \alpha) x-\alpha \beta \gamma$\\
comparing coefficients:

$$
p=-(\alpha+\beta+\gamma)
$$AG

$q=(\alpha \beta+\beta \gamma+\gamma \alpha)$ ..... AG\\
$r=-\alpha \beta \gamma$AG

Note: For candidates who do not include the $\boldsymbol{A G}$ lines award full marks.\\
(b) (i) $p^{2}-2 q=(\alpha+\beta+\gamma)^{2}-2(\alpha \beta+\beta \gamma+\gamma \alpha)$\\
$=\alpha^{2}+\beta^{2}+\gamma^{2}+2(\alpha \beta+\beta \gamma+\gamma \alpha)-2(\alpha \beta+\beta \gamma+\gamma \alpha)$ or equivalent

$$
=\alpha^{2}+\beta^{2}+\gamma^{2}
$$

Question 2 continued\\
(ii) EITHER\\
attempt to expand $(\alpha-\beta)^{2}+(\beta-\gamma)^{2}+(\gamma-\alpha)^{2}$\\
$=\left(\alpha^{2}+\beta^{2}-2 \alpha \beta\right)+\left(\beta^{2}+\gamma^{2}-2 \beta \gamma\right)+\left(\gamma^{2}+\alpha^{2}-2 \gamma \alpha\right)$\\
$=2\left(\alpha^{2}+\beta^{2}+\gamma^{2}\right)-2(\alpha \beta+\beta \gamma+\gamma \alpha)$\\
$=2\left(p^{2}-2 q\right)-2 q$ or equivalent\\
$=2 p^{2}-6 q$

\section*{OR}
attempt to write $2 p^{2}-6 q$ in terms of $\alpha, \beta, \gamma$\\
$=2\left(p^{2}-2 q\right)-2 q$\\
$=2\left(\alpha^{2}+\beta^{2}+\gamma^{2}\right)-2(\alpha \beta+\beta \gamma+\gamma \alpha) \quad$ A1\\
$=\left(\alpha^{2}+\beta^{2}-2 \alpha \beta\right)+\left(\beta^{2}+\gamma^{2}-2 \beta \gamma\right)+\left(\gamma^{2}+\alpha^{2}-2 \gamma \alpha\right) \quad$ A1\\
$=(\alpha-\beta)^{2}+(\beta-\gamma)^{2}+(\gamma-\alpha)^{2}$

Note: Accept equivalent working where LHS and RHS are expanded to identical expressions.

Question 2 continued\\
(c) $\quad p^{2}<3 q \Rightarrow 2 p^{2}-6 q<0$\\
$\Rightarrow(\alpha-\beta)^{2}+(\beta-\gamma)^{2}+(\gamma-\alpha)^{2}<0$\\
if all roots were real $(\alpha-\beta)^{2}+(\beta-\gamma)^{2}+(\gamma-\alpha)^{2} \geq 0$

Note: Condone strict inequality in the $\boldsymbol{R} \mathbf{1}$ line.\\
Note: Do not award AOR1.\\
$\Rightarrow$ roots cannot all be real\\
(d) $p^{2}=(-7)^{2}=49$ and $3 q=51$\\
so $p^{2}<3 q \Rightarrow$ the equation has at least one complex root\\
R1

Note: Allow equivalent comparisons; e.g. checking $2 p^{2}<6 q$\\
(e) (i) use of GDC (eg graphs or tables)\\
$q=12$\\
(ii) complex roots appear in conjugate pairs (so if complex roots occur the other root will be real OR all 3 roots will be real).\\
OR\\
a cubic curve always crosses the $x$-axis at at least one point.

Question 2 continued\\
(f) (i) attempt to expand $(\alpha+\beta+\gamma+\delta)^{2}$


\begin{align*}
& (\alpha+\beta+\gamma+\delta)^{2}=\alpha^{2}+\beta^{2}+\gamma^{2}+\delta^{2}+2(\alpha \beta+\alpha \gamma+\alpha \delta+\beta \gamma+\beta \delta+\gamma \delta)  \tag{M1}\\
& \Rightarrow \alpha^{2}+\beta^{2}+\gamma^{2}+\delta^{2}=(\alpha+\beta+\gamma+\delta)^{2}-2(\alpha \beta+\alpha \gamma+\alpha \delta+\beta \gamma+\beta \delta+\gamma \delta)  \tag{A1}\\
& \left(\Rightarrow \alpha^{2}+\beta^{2}+\gamma^{2}+\delta^{2}=\right) p^{2}-2 q
\end{align*}


(ii) $p^{2}<2 q$ OR $p^{2}-2 q<0$\\
(g) $4<6$ OR $2^{2}-2 \times 3<0$\\
hence there is at least one complex root.

Note: Allow $\boldsymbol{F T}$ from part (f)(ii) for the $\boldsymbol{R}$ mark provided numerical reasoning is seen.

Question 2 continued\\
(h) (i) $\left(p^{2}>2 q\right)(81>2 \times 24)$ (so) nothing can be deduced

R1\\
Note: Do not allow $\boldsymbol{F T}$ for the $\boldsymbol{R}$ mark.\\
(ii) -1 A1\\
(iii) attempt to express as a product of a linear and cubic factor M1 $(x+1)\left(x^{3}-10 x^{2}+34 x-12\right)$ A1A1

Note: Award A1 for each factor. Award at most A1A0 if not written as a product.\\
since for the cubic, $p^{2}<3 q(100<102) \quad \boldsymbol{R 1}$\\
there is at least one complex root AG\\
\\
[Total: 27 marks]


\end{document}",Calculator Allowed,,,,,,,,,IBDP,,,,,,,,TRUE,2025,