Sl. No.,topic_number,lesson_code,lesson_title,conceptual_focus,lesson_description,skill_emphasis,assessment_context,difficulty_level,learning_outcome,content_type,title,content
2,SL 1.1,SL 1.1a,Understanding Powers of 10 and Place Value,Recognizing how powers of 10 represent scale and position within our number system.,Students explore how repeated multiplication/division by 10 shifts decimal places and connects to exponent notation.,"Understand, represent",Paper 1 (non-calculator),2 / 10,Students should be able to express integers and decimals as powers of 10 and interpret their magnitudes conceptually.,concepts,Place Value and Decimal Movement,"Powers of 10 represent our base-10 number system. Moving one decimal place right divides by 10 (multiply by $10^{-1}$), while moving left multiplies by 10. Each position represents a power: thousands = $10^3$, hundreds = $10^2$, tens = $10^1$, ones = $10^0$, tenths = $10^{-1}$, etc. Understanding this connects place value to exponent rules."
4,SL 1.1,SL 1.1b,Converting Between Standard and Scientific Form,Translating numbers between decimal and scientific representations while maintaining precision.,"Practice expressing quantities as a × 10ᵏ (1 ≤ a < 10, k ∈ ℤ) and back; handle positive and negative exponents accurately.","Apply, convert, estimate",Paper 1 (symbolic accuracy),3 / 10,Students should be able to convert any number between forms and identify correct significant figures and exponents.,concepts,Standard to Scientific Conversion,To convert to scientific notation: (1) Move decimal point to create a number between 1 and 10. (2) Count decimal places moved—this is the exponent. (3) Moving left gives positive exponent; moving right gives negative. Maintain all significant figures. Example: $0.00456 = 4.56 \times 10^{-3}$ (moved 3 places right).
6,SL 1.1,SL 1.1c,Applying Orders of Magnitude in Context,"Using scientific notation to compare, model, and estimate real-world quantities.","Students use scientific notation to compare vastly different scales (atoms, planets, GDP, etc.) and make order-of-magnitude estimates.","Model, interpret, estimate",Paper 2 (contextual application),4 / 10,Students should be able to apply orders of magnitude reasoning to contextual problems and justify the appropriateness of their approximations.,concepts,Orders of Magnitude in Real World,"Orders of magnitude help compare vastly different scales. Atom radius ≈ $10^{-10}$ m, human height ≈ $10^0$ m, Earth radius ≈ $10^7$ m. The exponent difference shows the scale gap. Estimating to nearest power of 10 helps with reasonableness checks and rapid calculations in physics, chemistry, and economics."
8,SL 1.2,SL 1.2a,Introduction to Arithmetic Sequences,Understanding the pattern and structure of arithmetic sequences.,"Students identify common differences, write general terms, and recognize arithmetic sequences in real contexts.","Identify, recognize, apply",Paper 1 (pattern recognition),3 / 10,Students should be able to identify arithmetic sequences and find the common difference and first term.,concepts,Recognizing Arithmetic Patterns,"An arithmetic sequence has a constant difference between consecutive terms. To identify: subtract any term from the next. If this difference ($d$) remains constant, it's arithmetic. Common in real contexts: ticket numbering (101, 102, 103...), linear growth patterns, evenly spaced measurements."
10,SL 1.2,SL 1.2b,Arithmetic Sequence Formulae and Applications,Applying the nth term and sum formulae for arithmetic sequences.,Students derive and use uₙ = u₁ + (n-1)d and Sₙ = n/2[2u₁ + (n-1)d] to solve problems including simple interest.,"Apply, calculate, solve",Paper 1 (formula application),4 / 10,Students should be able to find any term and sum of arithmetic sequences using appropriate formulae.,concepts,Applications of Arithmetic Sequences,"Arithmetic sequences model linear growth. Simple interest: $A = P + nI$ follows arithmetic pattern. Savings plans with fixed monthly deposits create arithmetic sums. The sum formula adds all terms efficiently—key for finding total savings, total distance traveled at constant acceleration, or cumulative production over time periods."
12,SL 1.2,SL 1.2c,Sigma Notation and Arithmetic Series,Understanding and using sigma notation for arithmetic series.,"Students learn to write arithmetic series using Σ notation and evaluate sums, connecting to real-world applications.","Represent, evaluate, interpret",Paper 1 (notation and calculation),5 / 10,Students should be able to express arithmetic series in sigma notation and evaluate sums accurately.,concepts,Understanding Sigma Notation,"Sigma (Σ) notation compactly represents series. $\sum_{k=1}^{n}$ means 'sum from $k=1$ to $k=n$'. The expression after Σ defines each term. For arithmetic series, identify the pattern, express the $k$th term, then sum. This notation is essential for communicating mathematical ideas efficiently and appears throughout higher mathematics."
14,SL 1.3,SL 1.3a,Introduction to Geometric Sequences,Understanding the pattern and structure of geometric sequences.,"Students identify common ratios, write general terms, and recognize geometric sequences in contexts like population growth.","Identify, recognize, apply",Paper 1 (pattern recognition),3 / 10,Students should be able to identify geometric sequences and find the common ratio and first term.,concepts,Recognizing Geometric Patterns,"A geometric sequence has a constant ratio between consecutive terms. To identify: divide any term by the previous term. If this ratio ($r$) remains constant, it's geometric. Common in nature: bacterial growth ($r>1$), radioactive decay ($0<r<1$), compound interest. Unlike arithmetic (add), geometric multiplies each term."
16,SL 1.3,SL 1.3b,Geometric Sequence Formulae and Applications,Applying the nth term and sum formulae for geometric sequences.,"Students derive and use uₙ = u₁r^(n-1) and Sₙ = u₁(r^n - 1)/(r - 1) for r ≠ 1, including compound interest applications.","Apply, calculate, solve",Paper 1 (formula application),4 / 10,Students should be able to find any term and sum of geometric sequences using appropriate formulae.,concepts,Compound Interest as Geometric Growth,"Compound interest follows geometric sequence: initial amount $P$, after each period multiply by $(1+i)$. After $n$ periods: $A = P(1+i)^n$. This is a geometric sequence with $r=(1+i)$. Each term represents balance after that period. The exponential growth explains why starting early with investments is powerful."
18,SL 1.3,SL 1.3c,Sigma Notation and Geometric Series,Understanding and using sigma notation for geometric series.,"Students learn to write geometric series using Σ notation and evaluate sums, connecting to exponential growth models.","Represent, evaluate, interpret",Paper 1 (notation and calculation),5 / 10,Students should be able to express geometric series in sigma notation and evaluate sums accurately.,concepts,Geometric Series in Exponential Models,"Geometric series model exponential growth/decay. Population doubling: $\sum_{k=0}^{n} P_0 \cdot 2^k$ gives cumulative population over generations. Medicine: drug dosage accumulation follows geometric series. Index starts at 0 for $r^0=1$ (first term). Understanding this notation helps analyze compound phenomena in biology, finance, and physics."
20,SL 1.4,SL 1.4a,Financial Applications of Geometric Sequences,Understanding compound interest as a geometric sequence application.,"Students explore how compound interest grows exponentially, connecting geometric sequences to real financial contexts.","Model, interpret, apply",Paper 2 (financial applications),4 / 10,Students should be able to model compound interest problems using geometric sequences and calculate investment values.,concepts,Exponential Growth in Finance,"Compound interest creates exponential growth because interest earns interest. Each period, balance becomes $P(1+r)^n$—a geometric sequence with ratio $(1+r)$. Even small rates compound significantly over time. Example: 7% doubles money in ~10 years. Understanding this is crucial for investment planning, loans, and retirement savings. The 'Rule of 72' approximates doubling time."
22,SL 1.4,SL 1.4b,Annual Depreciation and Investment Analysis,Applying geometric sequences to depreciation and investment calculations.,Students calculate annual depreciation rates and analyze real investment values with inflation considerations.,"Calculate, analyze, interpret",Paper 2 (contextual problems),5 / 10,Students should be able to calculate depreciation and real investment values using geometric sequence principles.,concepts,Depreciation vs. Appreciation,"Depreciation is negative growth ($0 < r < 1$), opposite of compound interest. Assets like cars lose value geometrically. Real investment value accounts for inflation: nominal growth minus inflation rate. A 5% return with 3% inflation gives ~2% real return. Understanding both helps evaluate true investment performance and asset value over time."
24,SL 1.4,SL 1.4c,Technology and Financial Modeling,Using technology to solve complex financial problems involving geometric sequences.,"Students use GDCs and financial packages to model compound interest, depreciation, and investment scenarios.","Use technology, model, solve",Paper 2 (technology applications),6 / 10,Students should be able to use appropriate technology to solve complex financial problems involving geometric sequences.,concepts,Technology in Financial Analysis,"Graphing calculators solve complex problems: finding time to reach target amount, comparing investment strategies, sensitivity analysis. Graph multiple scenarios simultaneously. Tables show detailed period-by-period changes. This technology is essential for real financial planning, mortgage calculations, and retirement modeling where manual calculation is impractical."
26,SL 1.5,SL 1.5a,Introduction to Logarithms,Understanding logarithms as the inverse of exponential functions.,"Students explore the relationship between a^x = b and log_a(b) = x, focusing on base 10 and base e.","Understand, connect, explore",Paper 1 (conceptual understanding),3 / 10,Students should be able to understand the logarithmic relationship and convert between exponential and logarithmic forms.,concepts,Logarithms as Inverse Functions,"Logarithms 'undo' exponentiation. If $a^x = b$, then $\log_a(b) = x$. The logarithm answers: 'To what power must I raise $a$ to get $b$?' Domain: $b > 0$ only (can't take log of negative/zero). This inverse relationship is fundamental: $a^{\log_a(x)} = x$ and $\log_a(a^x) = x$."
28,SL 1.5,SL 1.5b,Evaluating Logarithms Using Technology,Using technology to evaluate logarithms and understanding their properties.,"Students use calculators and technology to find log values, understanding the domain restrictions and special cases.","Use technology, evaluate, understand",Paper 1 (calculation skills),4 / 10,Students should be able to evaluate logarithms using technology and understand their mathematical properties.,concepts,Properties and Restrictions,"Logarithm domain: $x > 0$ only. Special values: $\log_a(1) = 0$ (any base), $\log_a(a) = 1$. Negative results possible: $\log_{10}(0.01) = -2$. Use change of base formula for non-standard bases. Understanding domain prevents errors and helps interpret results in applied contexts."
30,SL 1.5,SL 1.5c,Logarithmic Applications in Context,Applying logarithms to real-world contexts like Richter scale and pH calculations.,"Students solve problems involving logarithmic scales in physics, chemistry, and other scientific contexts.","Apply, solve, interpret",Paper 2 (contextual applications),5 / 10,Students should be able to apply logarithmic concepts to solve real-world problems in various scientific contexts.,concepts,Why Logarithmic Scales?,Logarithmic scales compress huge ranges into manageable numbers. Earthquake intensity varies by billions—Richter scale makes it 1-10. pH measures H+ concentration from $10^{-14}$ to $10^0$ M as 0-14. Sound intensity spans trillions—decibels compress to 0-140. These scales make extreme variations comprehensible and easy to communicate.
32,SL 1.6,SL 1.6a,Introduction to Mathematical Proof,Understanding the nature and structure of mathematical proof.,"Students learn about equality vs identity, LHS to RHS proofs, and the importance of logical reasoning in mathematics.","Understand, reason, justify",Paper 1 (proof structure),4 / 10,Students should be able to understand the basic structure of mathematical proofs and distinguish between equality and identity.,concepts,The Nature of Mathematical Proof,"Proof establishes truth beyond doubt using logical reasoning. Unlike verification (testing examples), proof shows a statement holds universally. Structure: State what to prove, show each logical step with justification, reach conclusion. Proofs build mathematical knowledge—once proven, results become tools for further mathematics. Critical thinking skill applicable beyond math."
34,SL 1.6,SL 1.6b,Simple Deductive Proof Techniques,Developing skills in basic deductive proof methods.,"Students practice LHS to RHS proofs, numerical verification, and algebraic manipulation to establish mathematical truths.","Prove, manipulate, verify",Paper 1 (proof techniques),5 / 10,Students should be able to construct simple deductive proofs using appropriate algebraic techniques.,concepts,Deductive Reasoning in Algebra,"Deductive proof uses accepted rules to show truth. Start with given (LHS), apply valid algebraic operations (each step reversible and justified), arrive at target (RHS). Don't work backwards! Numerical verification (testing values) suggests truth but doesn't prove it—need general algebraic argument. Each step builds logically on previous."
36,SL 1.6,SL 1.6c,Checking and Verifying Results,Learning to verify mathematical results and check one's own work.,"Students develop skills in self-checking, result verification, and identifying errors in mathematical reasoning.","Check, verify, self-assess",Paper 1 (verification skills),4 / 10,Students should be able to check their mathematical results and verify the correctness of their solutions.,concepts,The Importance of Self-Checking,"Mathematical accuracy requires verification. Common errors: sign mistakes, algebraic slips, wrong formula application. Develop habit: after solving, always check. Substitution catches most errors. Estimation prevents absurd answers (e.g., negative distance). In exams, verification can save marks. Professional mathematics demands rigorous checking—error detection is crucial skill."
38,SL 1.7,SL 1.7a,Laws of Exponents with Rational Exponents,Understanding and applying exponent laws to rational exponents.,Students explore a^(m/n) = n√(a^m) and apply exponent laws to expressions with fractional exponents.,"Understand, apply, simplify",Paper 1 (exponent manipulation),4 / 10,Students should be able to simplify expressions with rational exponents using appropriate laws and notation.,concepts,Rational Exponents Connect Powers and Roots,"Fractional exponents unify powers and roots. Denominator indicates root type ($a^{1/2} = \sqrt{a}$), numerator indicates power. This notation allows applying exponent laws to roots. $a^{0.5} = \sqrt{a}$, $a^{0.25} = \sqrt[4]{a}$. Simplification often easier in exponent form than radical form. Understanding this connection is essential for calculus and beyond."
40,SL 1.7,SL 1.7b,Fundamental Laws of Logarithms,Understanding and applying the basic logarithmic identities and laws.,"Students learn and apply log_a(xy) = log_a(x) + log_a(y), log_a(x/y) = log_a(x) - log_a(y), and log_a(x^n) = n·log_a(x).","Apply, manipulate, solve",Paper 1 (logarithmic manipulation),5 / 10,Students should be able to apply logarithmic laws to simplify and solve logarithmic expressions.,concepts,Why Logarithm Laws Work,"Log laws come from exponent laws. Since $\log$ is inverse of exponentiation: $a^m \cdot a^n = a^{m+n}$ becomes $\log_a(xy) = \log_a(x) + \log_a(y)$. Multiplication becomes addition! This property made logarithms essential for calculation before calculators—converting multiplication to easier addition. Today, these laws simplify expressions and solve exponential equations."
42,SL 1.7,SL 1.7c,Change of Base and Logarithmic Equations,Using change of base formula and solving logarithmic equations.,Students apply log_a(x) = log_b(x)/log_b(a) and solve equations involving logarithms with different bases.,"Solve, convert, apply",Paper 1 (equation solving),6 / 10,Students should be able to change logarithmic bases and solve equations involving logarithms.,concepts,Strategy for Logarithmic Equations,To solve log equations: (1) Use log laws to combine into single log. (2) Convert to exponential form. (3) Solve algebraically. (4) CHECK: solution must make original arguments positive (domain!). Change of base allows calculator evaluation of any base. Common mistake: forgetting domain restrictions—always verify $x > 0$ for all log arguments.
44,SL 1.8,SL 1.8a,Infinite Geometric Series and Convergence,Understanding when geometric series converge and their sum formula.,Students explore the condition |r| < 1 for convergence and derive S_∞ = u₁/(1-r) for infinite geometric series.,"Understand, derive, apply",Paper 1 (series convergence),5 / 10,Students should be able to determine convergence of infinite geometric series and calculate their sums.,concepts,Convergence Explained,"Infinite series converges if partial sums approach a limit. For geometric series with $|r| < 1$, each term is smaller than previous—sum approaches finite value. If $|r| \geq 1$, terms don't shrink enough (or grow)—sum becomes infinite. Remarkable: infinitely many terms can sum to finite number! Foundation for calculus and analysis."
46,SL 1.8,SL 1.8b,Applications of Infinite Series,Applying infinite geometric series to real-world problems.,"Students solve problems involving infinite series in contexts like repeating decimals, fractal geometry, and mathematical modeling.","Apply, model, interpret",Paper 2 (contextual applications),6 / 10,Students should be able to apply infinite geometric series to solve real-world problems and interpret results.,concepts,Infinite Series in Nature and Math,"Infinite series appear everywhere: repeating decimals (pure fractions), fractal perimeters (Koch snowflake has infinite perimeter!), drug dosage (accumulation in body), bouncing ball (total distance). Zeno's paradox resolved: infinitely many intervals can sum to finite distance. Understanding infinite series is crucial for advanced mathematics and modeling continuous processes."
48,SL 1.8,SL 1.8c,Modulus and Series Convergence,Understanding the role of modulus in series convergence criteria.,"Students explore |r| < 1 condition, work with negative ratios, and understand the geometric interpretation of convergence.","Understand, analyze, interpret",Paper 1 (conceptual understanding),5 / 10,Students should be able to understand and apply modulus conditions for series convergence.,concepts,Why Modulus Matters,"Modulus $|r|$ measures magnitude regardless of sign. For convergence, terms must shrink in absolute value. $r = -0.5$: terms alternate ($+,-,+,-$) but decrease in size—converges. $r = -2$: terms alternate but grow—diverges. Geometric interpretation: modulus gives distance from zero. $|r| < 1$ means ratio closer to zero than to ±1, ensuring decay."
50,SL 1.9,SL 1.9a,Introduction to the Binomial Theorem,Understanding the expansion of (a + b)^n for positive integer exponents.,"Students explore Pascal's triangle, understand the pattern of coefficients, and learn the basic binomial expansion formula.","Understand, recognize, apply",Paper 1 (pattern recognition),4 / 10,Students should be able to understand the binomial theorem and recognize its applications.,concepts,Pascal's Triangle and Patterns,"Pascal's triangle gives binomial coefficients: each entry is sum of two above. Row $n$ gives coefficients for $(a+b)^n$. Symmetry: $\binom{n}{k} = \binom{n}{n-k}$. Sum of row $n$ is $2^n$. This ancient pattern connects to probability, combinatorics, and algebra. Binomial theorem efficiently expands powers without tedious multiplication."
52,SL 1.9,SL 1.9b,Using Pascal's Triangle and Combinations,Applying Pascal's triangle and combination notation to binomial expansions.,"Students learn to use nCr notation, find specific terms in expansions, and connect combinations to binomial coefficients.","Apply, calculate, find",Paper 1 (calculation skills),5 / 10,Students should be able to use Pascal's triangle and combinations to find specific terms in binomial expansions.,concepts,Combinations in Binomial Expansions,"$\binom{n}{k}$ counts ways to choose $k$ items from $n$—also gives binomial coefficient! This deep connection links algebra and counting. To find specific term: identify power needed, use general term formula. Don't expand entire expression—wasteful! Pascal's triangle works for small $n$; combination formula for larger. Understanding this saves time in exams."
54,SL 1.9,SL 1.9c,Applications of the Binomial Theorem,Applying binomial theorem to solve problems and find specific terms.,"Students solve problems involving binomial expansions, find particular terms, and apply the theorem in various contexts.","Apply, solve, find",Paper 1 (problem solving),6 / 10,Students should be able to apply the binomial theorem to solve problems and find specific terms in expansions.,concepts,Practical Uses of Binomial Theorem,Beyond expansion: (1) Find specific coefficients without full expansion. (2) Approximate calculations: $(1.02)^{10} \approx (1+0.02)^{10} \approx 1 + 10(0.02) = 1.2$ (first two terms). (3) Probability: binomial distribution uses these coefficients. (4) Calculus: foundation for Taylor series. Efficient tool for polynomial manipulation and approximation.
56,AHL 1.10,AHL 1.10a,Counting Principles and Permutations,Understanding fundamental counting principles and permutation concepts.,"Students explore the multiplication principle, factorial notation, and calculate permutations for different arrangements.","Count, calculate, arrange",Paper 1 (counting problems),5 / 10,Students should be able to apply counting principles and calculate permutations in various contexts.,concepts,Understanding Permutations,"Permutations count ordered arrangements. Order matters! Arranging ABC gives 6 permutations: ABC, ACB, BAC, BCA, CAB, CBA. Multiplication principle: first choice ($n$ options), second choice ($n-1$ options), etc. Factorial grows explosively: 10! = 3,628,800. Permutations essential for probability, computer science, and combinatorics."
58,AHL 1.10,AHL 1.10b,Combinations and Selection Problems,Understanding combinations and their applications in selection problems.,"Students learn the difference between permutations and combinations, calculate nCr, and solve selection problems.","Distinguish, calculate, select",Paper 1 (combination problems),6 / 10,Students should be able to distinguish between permutations and combinations and solve selection problems.,concepts,Permutations vs Combinations,"Key difference: ORDER. Permutations: order matters (passwords, race positions). Combinations: order doesn't matter (selecting committee, choosing toppings). Choosing 2 from {A,B,C}: Combinations (3): {A,B}, {A,C}, {B,C}. Permutations (6): AB, BA, AC, CA, BC, CB. Always: $C(n,r) \leq P(n,r)$. Ask: does order matter?"
60,AHL 1.10,AHL 1.10c,Extended Binomial Theorem,Extending the binomial theorem to fractional and negative indices.,"Students explore (a + b)^n for n ∈ ℚ, understand convergence conditions, and apply to approximations.","Extend, understand, approximate",Paper 1 (extended applications),7 / 10,Students should be able to apply the extended binomial theorem to fractional and negative indices.,concepts,Convergence and Applications,"Extended binomial needs $|x| < 1$ to converge—infinite series! Used for approximations: $\sqrt{1.04} = (1+0.04)^{1/2} \approx 1 + \frac{1}{2}(0.04) = 1.02$. Powerful for calculus, Taylor series, and numerical methods. Fractional/negative powers generate infinite expansions—truncate for approximations. Convergence crucial: outside $|x| < 1$, series diverges (meaningless)."
62,AHL 1.11,AHL 1.11a,Introduction to Partial Fractions,Understanding the decomposition of rational expressions into partial fractions.,Students learn to express rational functions as sums of simpler fractions with linear denominators.,"Decompose, express, simplify",Paper 1 (algebraic manipulation),6 / 10,Students should be able to decompose rational expressions into partial fractions with linear denominators.,concepts,Why Partial Fractions?,"Partial fractions reverse the process of adding fractions—decompose complex fraction into simpler parts. Essential for integration: $\int \frac{1}{(x-a)(x-b)}dx$ becomes sum of simple logs. Also used in Laplace transforms, differential equations. Think: 'un-adding' fractions. Makes complex rational expressions manageable for calculus operations."
64,AHL 1.11,AHL 1.11b,Partial Fractions with Two Linear Terms,Working with partial fractions containing two distinct linear factors.,Students practice decomposing expressions like (2x+1)/((x-1)(x+2)) into A/(x-1) + B/(x+2) form.,"Decompose, solve, verify",Paper 1 (partial fraction decomposition),7 / 10,Students should be able to decompose rational expressions with two linear factors into partial fractions.,concepts,Techniques for Decomposition,Two main methods: (1) Substitution method—choose clever $x$ values to eliminate terms. (2) Equating coefficients—expand and match powers of $x$. Substitution faster but needs distinct linear factors. Always verify by adding fractions back! Common error: forgetting to check if fraction is proper (numerator degree < denominator degree).
66,AHL 1.11,AHL 1.11c,Applications of Partial Fractions,Applying partial fractions to integration and other mathematical contexts.,Students connect partial fractions to integration techniques and solve problems involving rational function integration.,"Apply, integrate, solve",Paper 1 (integration applications),7 / 10,Students should be able to apply partial fractions to solve integration problems involving rational functions.,concepts,Partial Fractions in Calculus,"Primary application: integration of rational functions. Without partial fractions, many integrals impossible by hand. Decompose complex fraction → integrate simple terms → combine. Also appears in differential equations, signal processing, control theory. Transforms difficult problem into manageable pieces. Essential technique bridging algebra and calculus."
68,AHL 1.12,AHL 1.12a,Introduction to Complex Numbers,Understanding the imaginary unit i and basic complex number operations.,"Students explore i = √(-1), complex number form a + bi, and basic arithmetic operations with complex numbers.","Understand, operate, represent",Paper 1 (complex arithmetic),5 / 10,Students should be able to perform basic arithmetic operations with complex numbers in Cartesian form.,concepts,Extending the Number System,"Complex numbers extend reals to solve $x^2+1=0$. Revolutionary: $i=\sqrt{-1}$ initially called 'impossible'. Complex numbers are pairs $(a,b)$ written $a+bi$. NOT more abstract—equally valid as negative numbers were once controversial! Essential for electrical engineering, quantum mechanics, signal processing. Complete the number system."
70,AHL 1.12,AHL 1.12b,Complex Plane and Argand Diagrams,Representing complex numbers geometrically in the complex plane.,"Students plot complex numbers, understand real/imaginary parts, conjugates, and geometric interpretations.","Plot, interpret, visualize",Paper 1 (geometric representation),6 / 10,Students should be able to represent complex numbers geometrically and understand their properties in the complex plane.,concepts,Geometric Interpretation,"Argand diagram visualizes complex numbers as points/vectors. Addition: vector addition (parallelogram rule). Conjugate: reflection over real axis. Distance from origin = modulus. This geometric view reveals deep connections: multiplication rotates and scales! Complex plane bridges algebra and geometry, essential for understanding complex analysis."
72,AHL 1.12,AHL 1.12c,Modulus and Argument of Complex Numbers,Understanding the modulus and argument of complex numbers.,"Students calculate |z| and arg(z), understand their geometric meaning, and connect to vector representations.","Calculate, interpret, connect",Paper 1 (modulus and argument),6 / 10,Students should be able to calculate and interpret the modulus and argument of complex numbers.,concepts,Polar Representation Basics,Modulus measures 'size' or magnitude; argument measures direction/angle. Together they give polar coordinates. Principal argument: $-\pi < \theta \leq \pi$. Be careful with quadrants! $\tan^{-1}$ gives wrong quadrant sometimes. Check signs of $a$ and $b$ separately. This polar view essential for multiplication and De Moivre's theorem.
74,AHL 1.13,AHL 1.13a,Polar and Euler Forms of Complex Numbers,"Converting between Cartesian, polar, and Euler forms of complex numbers.","Students learn z = r(cos θ + i sin θ) = r cis θ and z = re^(iθ), understanding the connections between forms.","Convert, represent, understand",Paper 1 (form conversion),6 / 10,"Students should be able to convert complex numbers between Cartesian, polar, and Euler forms.",concepts,Euler's Formula Connection,"Euler's formula $e^{i\theta} = \cos\theta + i\sin\theta$ is one of mathematics' most beautiful results! Links exponentials, trig, and complex numbers. Special case: $e^{i\pi} + 1 = 0$ (Euler's identity). Polar form reveals multiplication structure clearer than Cartesian. Each representation has advantages—choose based on operation needed."
76,AHL 1.13,AHL 1.13b,Operations in Different Complex Forms,Performing arithmetic operations in polar and Euler forms.,"Students add, multiply, and divide complex numbers in polar/Euler forms, understanding geometric interpretations.","Operate, interpret, visualize",Paper 1 (complex operations),7 / 10,Students should be able to perform arithmetic operations with complex numbers in polar and Euler forms.,concepts,Why Polar Form for Multiplication?,"In Cartesian: $(a+bi)(c+di) = (ac-bd) + (ad+bc)i$ —messy! In polar: $r_1\text{cis}\,\theta_1 \times r_2\text{cis}\,\theta_2 = r_1r_2\text{cis}(\theta_1+\theta_2)$ —elegant! Multiplication = scale by $r$ AND rotate by $\theta$. This geometric insight powerful for physics (AC circuits), engineering, fractals. Addition easier in Cartesian; multiplication easier in polar."
78,AHL 1.13,AHL 1.13c,Geometric Interpretation of Complex Operations,Understanding the geometric meaning of complex number operations.,Students explore how multiplication by complex numbers represents rotations and scalings in the complex plane.,"Interpret, visualize, understand",Paper 1 (geometric understanding),7 / 10,Students should be able to interpret complex number operations geometrically in the complex plane.,concepts,Visualization Makes Complex Clear,"Geometric view demystifies complex numbers. Multiplying by $i$ rotates 90°—that's why $i^2=-1$ (180° rotation). Multiplication combines rotation and scaling—powerful for transformations. Used in computer graphics, quantum mechanics, signal processing. The complex plane isn't abstract—it's a geometric tool for understanding rotations and oscillations."
80,AHL 1.14,AHL 1.14a,Complex Roots of Polynomial Equations,Understanding complex conjugate roots of polynomials with real coefficients.,Students explore how complex roots occur in conjugate pairs and solve polynomial equations with complex solutions.,"Solve, understand, apply",Paper 1 (polynomial equations),7 / 10,Students should be able to find complex roots of polynomial equations and understand conjugate pair properties.,concepts,Why Conjugate Pairs?,Real polynomial coefficients force complex roots to appear in conjugate pairs. Why? Real coefficients mean imaginary parts must cancel when expanded. Consequence: real polynomials of odd degree always have at least one real root (pairs use even number of roots). Fundamental Theorem of Algebra: degree $n$ polynomial has exactly $n$ complex roots (counting multiplicity).
82,AHL 1.14,AHL 1.14b,De Moivre's Theorem,Understanding and applying De Moivre's theorem for powers and roots.,Students learn (r cis θ)^n = r^n cis(nθ) and apply it to find powers and roots of complex numbers.,"Apply, calculate, derive",Paper 1 (De Moivre applications),8 / 10,Students should be able to apply De Moivre's theorem to find powers and roots of complex numbers.,concepts,Powers and Roots of Complex Numbers,"De Moivre makes powers trivial: raise modulus to power, multiply argument by $n$. For roots: $n$th roots equally spaced around circle of radius $r^{1/n}$. Example: cube roots of 1 form equilateral triangle! Applications: solving polynomial equations, Fourier analysis, fractals. Elegant connection between algebra and geometry."
84,AHL 1.14,AHL 1.14c,Proof by Induction for De Moivre's Theorem,Proving De Moivre's theorem using mathematical induction.,Students develop proof by induction skills while establishing the validity of De Moivre's theorem for positive integers.,"Prove, induct, establish",Paper 1 (proof by induction),8 / 10,Students should be able to prove De Moivre's theorem using mathematical induction.,concepts,Induction as Domino Effect,"Induction like dominos: prove first falls (base case), prove if $k$th falls then $(k+1)$th falls (inductive step). Then all fall! For De Moivre: base case easy ($n=1$), inductive step uses angle addition. This proof technique powerful—works for many sequence/formula statements. Essential tool in discrete mathematics."
86,AHL 1.15,AHL 1.15a,Mathematical Induction Fundamentals,Understanding the principle and structure of proof by mathematical induction.,"Students learn the base case, inductive hypothesis, and inductive step, applying to simple mathematical statements.","Understand, apply, prove",Paper 1 (induction basics),7 / 10,Students should be able to understand and apply the basic structure of mathematical induction.,concepts,Why Induction Works,"Induction based on well-ordering principle: every non-empty set of positive integers has smallest element. If statement fails somewhere, there's a smallest $n$ where it fails—but inductive step says if true at $k$, true at $k+1$. Contradiction! Powerful for proving formulas, divisibility, inequalities. Foundation of discrete mathematics and computer science."
88,AHL 1.15,AHL 1.15b,Proof by Contradiction,Understanding and applying proof by contradiction techniques.,"Students learn to assume the negation of what they want to prove and derive a contradiction, exploring classic examples.","Assume, derive, contradict",Paper 1 (contradiction proofs),8 / 10,Students should be able to construct proofs by contradiction for various mathematical statements.,concepts,The Power of Contradiction,"Sometimes proving $P$ directly is hard, but assuming $\neg P$ leads to obvious impossibility. Classic example: infinitely many primes (assume finite list, construct contradiction). Indirect but powerful. Used throughout mathematics. Reveals truth by showing alternative is impossible. Requires careful logic—must reach genuine contradiction."
90,AHL 1.15,AHL 1.15c,Counterexamples and Disproof,Using counterexamples to show that statements are not always true.,Students learn to find specific examples that contradict general statements and explain why they serve as counterexamples.,"Find, explain, disprove",Paper 1 (counterexample construction),7 / 10,Students should be able to construct counterexamples to disprove mathematical statements and explain their validity.,concepts,Finding Good Counterexamples,"To disprove, find ONE case where statement fails. Strategy: test boundary cases, special values (0, 1, -1), extremes. Counterexample must be valid (satisfy all conditions except conclusion). Common in exams: given statement, prove or disprove. If suspicious, search for counterexample. Develops critical thinking—question assumptions, test claims."
92,AHL 1.16,AHL 1.16a,Systems of Linear Equations,Understanding and solving systems of linear equations with up to three unknowns.,"Students learn to solve systems using algebraic methods and technology, understanding unique solutions, infinite solutions, and no solutions.","Solve, analyze, interpret",Paper 1 (system solving),6 / 10,Students should be able to solve systems of linear equations and interpret the nature of their solutions.,concepts,Geometric Interpretation,System of 2 equations = 2 lines. Solution = intersection point(s). Unique: lines cross once. Infinite: identical lines. None: parallel lines. For 3 variables: equations represent planes—solution is intersection of planes. Understanding geometry helps interpret solutions. Technology essential for larger systems.
94,AHL 1.16,AHL 1.16b,Matrix Methods and Row Reduction,Using matrices and row reduction to solve systems of linear equations.,"Students learn matrix representation of systems, row reduction techniques, and technological methods for solving linear systems.","Represent, reduce, solve",Paper 1 (matrix methods),7 / 10,Students should be able to use matrix methods and row reduction to solve systems of linear equations.,concepts,Why Matrices for Systems?,Matrices organize coefficients systematically. Row operations = algebraic manipulations. RREF makes solution obvious. Scalable: same method works for 2 or 200 equations! GDC/calculator does heavy lifting for large systems. Understanding process crucial even when using technology. Foundation for linear algebra and computer science.
96,AHL 1.16,AHL 1.16c,General Solutions and Inconsistent Systems,Understanding general solutions for systems with infinite solutions and identifying inconsistent systems.,Students learn to find general solutions for systems with infinitely many solutions and recognize when systems have no solutions.,"Find, recognize, interpret",Paper 1 (solution analysis),7 / 10,Students should be able to find general solutions and identify inconsistent systems of linear equations.,concepts,Understanding Solution Sets,"Infinite solutions: underdetermined system (more unknowns than equations or dependent equations). Express with parameters. No solution: contradictory equations (parallel planes never meet). Recognize from row of zeros equaling nonzero. Real applications: engineering constraints, economics optimization. Understanding solution types crucial for modeling."
98,SL 2.1,SL 2.1a,Equations of Straight Lines,Understanding different forms of linear equations and their applications.,"Students learn y = mx + c, ax + by + d = 0, and y - y₁ = m(x - x₁) forms, connecting to real-world contexts like gradients of roads.","Understand, apply, connect",Paper 1 (linear equations),3 / 10,Students should be able to write equations of straight lines in various forms and apply them to real-world problems.,concepts,Choosing the Right Form,"Different forms useful for different purposes. $y = mx + c$: see gradient and intercept immediately. Point-gradient: when you know a point and slope. General form: standard, works for vertical lines ($x = k$). Real context: road gradient (m), initial value (c). Converting between forms develops algebraic fluency."
100,SL 2.1,SL 2.1b,Gradients and Intercepts,"Understanding and calculating gradients, intercepts, and their geometric meaning.","Students learn to find gradients, x and y intercepts, and understand their significance in linear relationships and real contexts.","Calculate, interpret, apply",Paper 1 (gradient analysis),4 / 10,Students should be able to calculate gradients and intercepts and interpret their meaning in various contexts.,concepts,Meaning of Gradient and Intercepts,"Gradient = rate of change. Positive: increasing; negative: decreasing. Steeper = larger |m|. y-intercept = starting value when $x=0$. Real contexts: $m$ = speed (distance vs time), cost per item (total vs quantity); $c$ = fixed cost, initial height. Understanding these meanings essential for modeling and interpretation."
102,SL 2.1,SL 2.1c,Parallel and Perpendicular Lines,Understanding the relationships between gradients of parallel and perpendicular lines.,"Students learn m₁ = m₂ for parallel lines and m₁ × m₂ = -1 for perpendicular lines, applying to geometric and real-world problems.","Understand, apply, solve",Paper 1 (line relationships),4 / 10,Students should be able to determine and use relationships between gradients of parallel and perpendicular lines.,concepts,Geometric Relationships,"Parallel: never intersect, same steepness. Perpendicular: intersect at 90°, gradients are negative reciprocals. If $m_1 = 3$, then $m_2 = -\frac{1}{3}$ for perpendicular. Special cases: horizontal ($m=0$) perpendicular to vertical (undefined $m$). Applications: geometry problems, coordinate proofs, architecture, engineering."
104,SL 2.2,SL 2.2a,Concept of Functions,Understanding the fundamental concept of functions as mathematical models.,"Students explore function notation f(x), domain, range, and the concept of functions as mappings from inputs to outputs.","Understand, define, represent",Paper 1 (function concepts),3 / 10,Students should be able to understand and represent functions using appropriate notation and identify their domains and ranges.,concepts,Understanding Functions,"Function = rule assigning each input to exactly one output. 'Machine' analogy: input → process → output. NOT a function if one input gives multiple outputs (vertical line test fails). Domain restrictions: can't divide by zero, can't take $\sqrt{\text{negative}}$ (in reals). Functions model relationships: temperature vs time, cost vs quantity."
106,SL 2.2,SL 2.2b,Inverse Functions,Understanding the concept and properties of inverse functions.,"Students learn about one-to-one functions, inverse notation f⁻¹(x), and the relationship between a function and its inverse.","Understand, find, relate",Paper 1 (inverse functions),4 / 10,Students should be able to understand inverse functions and find inverses of one-to-one functions.,concepts,Inverse Function Properties,"Inverse 'undoes' the function. $f(f^{-1}(x)) = x$ and $f^{-1}(f(x)) = x$. Only one-to-one functions have inverses (horizontal line test). Domain of $f$ = range of $f^{-1}$ and vice versa. Graphs: $f$ and $f^{-1}$ are reflections in line $y=x$. Essential concept: encoding/decoding, temperature conversion."
108,SL 2.2,SL 2.2c,Graphical Representation of Functions,Understanding how to represent functions graphically and interpret their features.,"Students learn to sketch functions, understand the relationship between f(x) and f⁻¹(x) as reflections in y = x, and interpret graphs.","Sketch, interpret, relate",Paper 1 (graphical representation),4 / 10,Students should be able to sketch functions and understand the graphical relationship between functions and their inverses.,concepts,Reading Graphs Effectively,"Graph shows ALL function behavior at once. Sketch (label key features) vs accurate plot. Interpret: where increasing/decreasing, positive/negative. Inverse graphs: if point $(a,b)$ on $f$, then $(b,a)$ on $f^{-1}$. Visual understanding complements algebraic—see patterns, predict behavior. Essential skill for modeling and analysis."
110,SL 2.3,SL 2.3a,Graphing Functions and Technology,Using technology to graph functions and understanding the equation y = f(x).,"Students learn to use graphing technology, transfer graphs from screen to paper, and understand the difference between 'draw' and 'sketch'.","Use technology, transfer, understand",Paper 1 (graphing skills),4 / 10,Students should be able to use technology to graph functions and transfer graphical information accurately.,concepts,Technology as a Tool,"GDC reveals function behavior quickly. Adjust window to see relevant features. Technology explores 'what if' scenarios. BUT: understand mathematics, don't just press buttons! Sketch should communicate understanding—label axes, scale, key points. In exams: technology allowed on Paper 2, often restricted on Paper 1. Practice both ways."
112,SL 2.3,SL 2.3b,Creating Sketches from Information,Developing skills to create function sketches from given information or context.,"Students learn to sketch functions from verbal descriptions, context clues, and mathematical information, labeling all key features.","Sketch, label, interpret",Paper 1 (sketching skills),5 / 10,Students should be able to create accurate function sketches from given information and context.,concepts,From Words to Graph,"Context gives clues: 'initial value' → y-intercept; 'decreasing' → negative gradient; 'levels off' → horizontal asymptote. Real scenario: population growth starts slow, increases rapidly, then levels (logistic curve). Sketching tests understanding—can you visualize the mathematics? Communication skill: your sketch tells the story. Practice converting verbal descriptions to visual representations."
114,SL 2.3,SL 2.3c,Graphing Sums and Differences of Functions,Understanding how to graph combinations of functions using technology.,"Students explore how to graph f(x) + g(x) and f(x) - g(x) using technology, understanding the graphical effects of function operations.","Combine, graph, understand",Paper 1 (function combinations),5 / 10,Students should be able to graph sums and differences of functions using appropriate technology.,concepts,Visualizing Function Operations,"Adding functions: add $y$-coordinates at each $x$. Where $f$ and $g$ both positive: sum higher than either. Where opposite signs: can cancel. Graphically builds intuition for function algebra. Real application: combining waves (sound), adding costs (economics). Technology makes exploration easy—try different combinations, observe patterns."
116,SL 2.4,SL 2.4a,Key Features of Function Graphs,Identifying and analyzing key features of function graphs.,"Students learn to identify maximum/minimum values, intercepts, symmetry, vertices, zeros, and asymptotes using graphing technology.","Identify, analyze, interpret",Paper 1 (graph analysis),5 / 10,Students should be able to identify and interpret key features of function graphs.,concepts,Reading Graphs for Information,"Each feature tells something: zeros = solutions to $f(x)=0$; max/min = optimization points; asymptotes = boundaries. Symmetry simplifies analysis. Use GDC to find exact coordinates. Context interpretation: max profit, min cost, break-even points (zeros). Graph reading is data literacy—essential for STEM and beyond."
118,SL 2.4,SL 2.4b,Intersection Points and Technology,Finding points of intersection between curves and lines using technology.,"Students learn to use technology to find intersection points, understanding the graphical and algebraic significance of these points.","Find, interpret, connect",Paper 1 (intersection analysis),5 / 10,Students should be able to find intersection points using technology and interpret their meaning.,concepts,Intersection = Equation Solution,"Graphical solution mirrors algebraic. Intersection point solves $f(x) = g(x)$. Visual: see how many solutions (number of intersections). Technology powerful when algebra difficult. Real contexts: break-even point (cost = revenue), equilibrium (supply = demand). Multiple intersections → multiple solutions. No intersection → no solution."
120,SL 2.4,SL 2.4c,Asymptotes and Graph Behavior,Understanding vertical and horizontal asymptotes and their graphical significance.,"Students learn to identify asymptotes using graphing technology, understanding how they affect the behavior of functions.","Identify, understand, analyze",Paper 1 (asymptote analysis),6 / 10,Students should be able to identify and understand the significance of asymptotes in function graphs.,concepts,Asymptotic Behavior,"Asymptote = line graph approaches but never touches (usually). Vertical: division by zero, function 'blows up'. Horizontal: end behavior, function 'levels off'. Graph behavior near asymptotes crucial for understanding function. Real contexts: carrying capacity (population), terminal velocity. Technology shows behavior clearly—zoom to see approach."
122,SL 2.5,SL 2.5a,Composite Functions,Understanding and working with composite functions f ∘ g(x) = f(g(x)).,"Students learn to compose functions, understand the order of operations, and work with composite function notation.","Compose, understand, apply",Paper 1 (function composition),5 / 10,Students should be able to compose functions and understand the notation and order of operations.,concepts,Function Composition as Chaining,"Composition chains functions: output of one becomes input of next. Like machines in series: $x$ → $g$ → $g(x)$ → $f$ → $f(g(x))$. Order matters! Read right to left: $f \circ g$ means 'do $g$, then $f$'. Real applications: temperature conversion chains (°C → K → °F), data transformations. Powerful for building complex operations from simple ones."
124,SL 2.5,SL 2.5b,Identity Function and Function Properties,Understanding the identity function and its role in function operations.,"Students explore the identity function f(x) = x, understand f ∘ f⁻¹(x) = f⁻¹ ∘ f(x) = x, and work with function properties.","Understand, explore, apply",Paper 1 (function properties),5 / 10,Students should be able to understand the identity function and its role in function operations.,concepts,The Role of Identity,Identity function is the 'do nothing' function. Acts like zero in addition or 1 in multiplication. Composing with identity changes nothing: $f \circ I = I \circ f = f$. With inverses: applying function then inverse returns to start. Fundamental in abstract algebra and functional programming. Simple but essential concept.
126,SL 2.5,SL 2.5c,Existence of Inverse Functions,Understanding when inverse functions exist and their properties.,"Students learn about one-to-one functions, the conditions for inverse existence, and how to determine if a function has an inverse.","Understand, determine, analyze",Paper 1 (inverse existence),6 / 10,Students should be able to determine when functions have inverses and understand the conditions for inverse existence.,concepts,One-to-One Requirement,"Not all functions have inverses! Need one-to-one: each output comes from exactly one input. $x^2$ not one-to-one: both $2$ and $-2$ give $4$. Horizontal line test: if any horizontal line crosses twice, not one-to-one. Solution: restrict domain to make one-to-one. Understanding this prevents errors when finding inverses."
128,SL 2.6,SL 2.6a,Quadratic Functions and Their Graphs,Understanding the properties and graphs of quadratic functions.,"Students explore f(x) = ax² + bx + c, learn about parabolas, y-intercepts, and axis of symmetry in quadratic functions.","Understand, graph, analyze",Paper 1 (quadratic functions),4 / 10,Students should be able to understand and graph quadratic functions and identify their key properties.,concepts,Understanding Parabolas,"Parabola is U-shaped curve. Coefficient $a$ controls: direction (up/down) and width (narrow/wide). Larger $|a|$ → narrower parabola. All parabolas symmetric about vertical axis through vertex. Ubiquitous: projectile motion, profit models, optics. Graph shows all solutions to $f(x) = k$ at once. Visual power of quadratics."
130,SL 2.6,SL 2.6b,Forms of Quadratic Functions,Working with different forms of quadratic functions and their applications.,"Students learn f(x) = a(x-p)(x-q) for x-intercepts and f(x) = a(x-h)² + k for vertex form, converting between forms.","Convert, apply, understand",Paper 1 (quadratic forms),5 / 10,Students should be able to work with different forms of quadratic functions and convert between them.,concepts,Choosing the Right Form,"Each form reveals different information. Factored: see roots immediately. Vertex: see turning point and max/min value. Standard: general form, easy to differentiate. Converting between forms is key skill. Match form to question: finding roots? Use factored. Finding max/min? Use vertex. Flexibility essential for problem-solving."
132,SL 2.6,SL 2.6c,Vertex and Axis of Symmetry,Understanding the vertex and axis of symmetry in quadratic functions.,"Students learn to find vertices (h,k) from vertex form, understand the axis of symmetry x = h, and connect to real-world applications.","Find, understand, apply",Paper 1 (vertex analysis),5 / 10,Students should be able to find vertices and axes of symmetry of quadratic functions.,concepts,Vertex as Optimization Point,"Vertex represents turning point—maximum or minimum. Applications: maximum height of projectile, minimum cost, maximum profit. Axis of symmetry divides parabola into mirror images. Understanding vertex crucial for optimization problems. Real contexts: best pricing strategy, optimal design dimensions. Vertex tells the 'best' value and when it occurs."
134,SL 2.7,SL 2.7a,Solving Quadratic Equations,Understanding methods for solving quadratic equations.,"Students learn factorization, completing the square, and the quadratic formula to solve quadratic equations in various contexts.","Solve, apply, choose",Paper 1 (equation solving),5 / 10,Students should be able to solve quadratic equations using appropriate methods.,concepts,Choosing Solution Methods,"Factorization: fastest if obvious factors. Quadratic formula: always works, use when factoring difficult. Completing square: useful for deriving vertex form. Graphical: technology, approximate solutions. Strategic choice saves time. Practice recognizing which method suits each equation. Multiple methods provide checks—different paths to same answer builds confidence."
136,SL 2.7,SL 2.7b,The Quadratic Formula and Discriminant,Understanding the quadratic formula and discriminant analysis.,"Students learn x = (-b ± √(b²-4ac))/2a, understand the discriminant Δ = b²-4ac, and analyze the nature of roots.","Apply, analyze, interpret",Paper 1 (quadratic formula),6 / 10,Students should be able to use the quadratic formula and analyze the nature of roots using the discriminant.,concepts,Discriminant Determines Root Nature,Discriminant reveals root type without solving! Saves time: check $\Delta$ first to know what to expect. Graphically: $\Delta > 0$ means parabola crosses x-axis twice; $\Delta = 0$ means touches once (vertex on axis); $\Delta < 0$ means doesn't cross (no real roots). Essential for analysis and problem-solving strategy.
138,SL 2.7,SL 2.7c,Quadratic Inequalities,Understanding and solving quadratic inequalities.,"Students learn to solve quadratic inequalities, understand the relationship to quadratic equations, and represent solutions graphically.","Solve, represent, interpret",Paper 1 (inequality solving),6 / 10,Students should be able to solve quadratic inequalities and represent their solutions appropriately.,concepts,Graphical Approach to Inequalities,"Inequality asks: where is function above/below x-axis? Sketch shows solution regions clearly. Between roots or outside roots? Depends on parabola opening and inequality sign. Number line representation shows solution set. Real contexts: profitable production levels, safe operating ranges. Visual method prevents sign errors."
140,SL 2.8,SL 2.8a,Reciprocal Functions,Understanding the reciprocal function f(x) = 1/x and its properties.,"Students explore the graph of 1/x, understand its self-inverse nature, and identify key features like asymptotes.","Understand, graph, analyze",Paper 1 (reciprocal functions),5 / 10,Students should be able to understand and graph reciprocal functions and identify their key properties.,concepts,Understanding Reciprocal Behavior,"Reciprocal 'flips' numbers: large → small, small → large. As $x \to 0$, $f(x) \to \infty$ (vertical asymptote). As $x \to \infty$, $f(x) \to 0$ (horizontal asymptote). Two branches (positive and negative quadrants). Self-inverse property special: applying twice returns original. Foundation for rational functions. Real applications: inverse relationships (speed vs time)."
142,SL 2.8,SL 2.8b,Rational Functions,Working with rational functions of the form f(x) = (ax+b)/(cx+d).,"Students learn to graph rational functions, find asymptotes, and understand the behavior of these functions.","Graph, find, understand",Paper 1 (rational functions),6 / 10,Students should be able to graph rational functions and identify their asymptotes and behavior.,concepts,Behavior of Rational Functions,"Rational functions are ratios of polynomials. Near vertical asymptote: function shoots to $\pm\infty$. Far from origin: approaches horizontal asymptote. Can cross horizontal asymptote (unlike vertical). Graph has two or more distinct regions. Real applications: concentration dilution, average cost, rates. Understanding asymptotes key to graphing."
144,SL 2.8,SL 2.8c,Asymptotes of Rational Functions,Understanding vertical and horizontal asymptotes in rational functions.,"Students learn to find vertical asymptotes x = -d/c and horizontal asymptotes y = a/c, understanding their significance.","Find, understand, interpret",Paper 1 (asymptote analysis),6 / 10,Students should be able to find and interpret asymptotes of rational functions.,concepts,Interpreting Asymptotes,"Vertical asymptote: function undefined, physical/mathematical boundary. Horizontal asymptote: long-term behavior, limiting value. Real examples: carrying capacity (population can't exceed), concentration approaches equilibrium. Asymptotes define 'envelope' of function behavior. Understanding these guides graphing and contextual interpretation."
146,SL 2.9,SL 2.9a,Exponential Functions,Understanding exponential functions and their properties.,"Students explore f(x) = a^x where a > 0, learn about exponential growth and decay, and understand the relationship to logarithms.","Understand, explore, connect",Paper 1 (exponential functions),5 / 10,Students should be able to understand and work with exponential functions and their properties.,concepts,Exponential Growth and Decay,"Exponential functions model rapid change. Growth ($a > 1$): population, investments, epidemics. Decay ($0 < a < 1$): radioactive decay, drug elimination, cooling. Key property: constant percentage change per unit time. Inverse of logarithm. Fastest-growing elementary function. Understanding exponentials essential for modeling natural phenomena."
148,SL 2.9,SL 2.9b,Graphs of Exponential Functions,Understanding the graphs and behavior of exponential functions.,"Students learn to graph exponential functions, understand asymptotes, and analyze the effects of different bases on the graph.","Graph, analyze, understand",Paper 1 (exponential graphs),5 / 10,Students should be able to graph exponential functions and analyze their behavior.,concepts,Comparing Exponential Bases,"Larger base = steeper growth. $2^x$ doubles each unit; $10^x$ multiplies by 10. All growth exponentials pass through $(0,1)$ and increase to right. Decay functions mirror: $a^{-x} = (1/a)^x$. Base $e$ is 'natural'—appears in calculus, natural growth. Understanding base effects helps choose appropriate model for context."
150,SL 2.9,SL 2.9c,Exponential Equations and Applications,Solving exponential equations and applying them in context.,"Students learn to solve exponential equations using logarithms, understand exponential models, and apply them to real-world problems.","Solve, apply, model",Paper 1 (exponential equations),6 / 10,Students should be able to solve exponential equations and apply exponential models to real-world situations.,concepts,Exponential Modeling Applications,"Exponential equations model growth/decay: population $P(t) = P_0 e^{rt}$, radioactive decay $N(t) = N_0 e^{-\lambda t}$, Newton's cooling. Solving finds 'when': when population doubles? when half-life reached? Logarithms essential tool—linearize exponential relationship. Real power: predict future, estimate past. Foundation for differential equations."
152,SL 2.10,SL 2.10a,Logarithmic Functions,Understanding logarithmic functions and their relationship to exponentials.,"Students explore f(x) = log_a(x), understand the inverse relationship with exponential functions, and learn about common and natural logarithms.","Understand, explore, connect",Paper 1 (logarithmic functions),5 / 10,Students should be able to understand logarithmic functions and their relationship to exponential functions.,concepts,Logarithms Invert Exponentials,"Logarithm is mirror image of exponential. If $y = a^x$, then $x = \log_a(y)$. Exponential compresses input, expands output; logarithm reverses this. Domain restriction: log only defined for positive numbers (exponential only gives positive outputs). This inverse relationship fundamental to solving exponential equations."
154,SL 2.10,SL 2.10b,Graphs of Logarithmic Functions,Understanding the graphs and properties of logarithmic functions.,"Students learn to graph logarithmic functions, understand their domain and range, and analyze the effects of different bases.","Graph, analyze, understand",Paper 1 (logarithmic graphs),5 / 10,Students should be able to graph logarithmic functions and understand their properties.,concepts,Logarithmic Graph Behavior,"Log graphs grow slowly—opposite of exponential. As $x \to 0^+$, $f(x) \to -\infty$ (vertical asymptote). As $x \to \infty$, $f(x) \to \infty$ but slowly. Passes through $(1, 0)$ always. Mirror of exponential across $y=x$. Real applications: pH scale, decibels, Richter scale. Understanding graph helps interpret these scales."
156,SL 2.10,SL 2.10c,Logarithmic Equations and Applications,Solving logarithmic equations and applying them in context.,"Students learn to solve logarithmic equations, understand logarithmic models, and apply them to real-world problems.","Solve, apply, model",Paper 1 (logarithmic equations),6 / 10,Students should be able to solve logarithmic equations and apply logarithmic models to real-world situations.,concepts,Applications and Domain Checking,"Logarithmic models: Richter scale, pH, sound intensity. Solving finds critical values. CRUCIAL: check domain! All log arguments must be positive. Reject solutions making arguments negative or zero. Common exam error: accepting invalid solutions. Always verify in original equation. Domain awareness separates strong students from weak."
158,SL 2.11,SL 2.11a,Function Transformations,Understanding transformations of functions and their effects.,"Students learn about vertical and horizontal translations, reflections, and stretches/compressions, and how they affect function graphs.","Understand, apply, transform",Paper 1 (function transformations),6 / 10,Students should be able to understand and apply transformations to function graphs.,concepts,Understanding Transformations,Transformations modify graphs systematically. Inside function ($x$) affects horizontal; outside affects vertical. Sign confusion: $f(x-3)$ shifts RIGHT (opposite of intuition). $f(2x)$ compresses horizontally (divide x-coordinates by 2). Master these to sketch complicated functions from basic shapes. Essential for understanding families of functions.
160,SL 2.11,SL 2.11b,Combining Transformations,Working with multiple transformations applied to functions.,"Students learn to combine multiple transformations, understand the order of operations, and predict the effects on function graphs.","Combine, predict, analyze",Paper 1 (combined transformations),6 / 10,Students should be able to combine multiple transformations and predict their effects on function graphs.,concepts,Transformation Composition,"Multiple transformations = composition of changes. Apply systematically, tracking each effect. Start with parent function (basic shape), apply transformations in order. Check key points: apply transformation to known coordinates. Understanding order prevents errors. Common mistake: mixing up horizontal shift direction. Practice with basic functions (quadratic, exponential) builds intuition."
162,SL 2.11,SL 2.11c,Transformation Applications,Applying transformations to solve problems and model situations.,"Students learn to use transformations to solve problems, model real-world situations, and understand the practical applications of function transformations.","Apply, model, solve",Paper 1 (transformation applications),6 / 10,Students should be able to apply transformations to solve problems and model real-world situations.,concepts,Real-World Transformation Modeling,"Transformations model real changes: time zone shift (horizontal translation), currency conversion (vertical stretch), temperature scale (linear transformation). Understanding transformations lets you adapt standard models to specific situations. Efficient problem-solving: modify known function rather than start from scratch. Thinking in transformations is powerful mathematical tool."
164,AHL 2.12,AHL 2.12a,Polynomial Functions,Understanding polynomial functions and their properties.,"Students explore polynomial functions of degree n, learn about their graphs, end behavior, and fundamental properties of polynomials.","Understand, explore, analyze",Paper 1 (polynomial functions),6 / 10,Students should be able to understand polynomial functions and their fundamental properties.,concepts,Polynomial Characteristics,"Polynomials are 'nice' functions: smooth, continuous, defined everywhere. Degree determines: number of turns (at most $n-1$), number of roots (at most $n$), end behavior. Odd degree: opposite infinities at ends. Even degree: same infinities. No breaks, holes, or asymptotes. Foundation of algebra—all operations stay in polynomial family."
166,AHL 2.12,AHL 2.12b,The Factor Theorem,Understanding the factor theorem and its applications.,"Students learn that if f(a) = 0, then (x-a) is a factor of f(x), and use this to factor polynomials and find roots.","Apply, factor, find",Paper 1 (factor theorem),7 / 10,Students should be able to apply the factor theorem to factor polynomials and find roots.,concepts,Using Factor Theorem Strategically,"Factor theorem connects roots and factors. Find one root → get one factor → polynomial division → lower degree. Try simple values: $\pm 1, \pm 2, \pm 3$. Rational root theorem gives candidates. Each factor found reduces problem difficulty. Essential for solving higher-degree polynomials. Systematic approach: test, factor, reduce, repeat."
168,AHL 2.12,AHL 2.12c,The Remainder Theorem,Understanding the remainder theorem and polynomial division.,"Students learn that when f(x) is divided by (x-a), the remainder is f(a), and apply this to polynomial division problems.","Apply, divide, find",Paper 1 (remainder theorem),7 / 10,Students should be able to apply the remainder theorem to polynomial division problems.,concepts,Remainder Theorem Applications,"Remainder theorem avoids long division! Just evaluate function. Find remainder quickly without dividing. Useful for checking divisibility: if $f(a) = 0$, divides exactly. Combine with factor theorem for complete factoring strategy. Real application: error-checking codes, polynomial interpolation. Simple but powerful shortcut."
170,AHL 2.13,AHL 2.13a,Advanced Rational Functions,Working with more complex rational functions and their properties.,"Students explore rational functions with higher degree polynomials, learn about multiple asymptotes, and analyze their behavior.","Explore, analyze, understand",Paper 1 (advanced rational functions),7 / 10,Students should be able to work with complex rational functions and analyze their properties.,concepts,Complex Rational Function Behavior,Higher degree rational functions: more complex behavior. Multiple vertical asymptotes possible (each root of denominator). Degree comparison determines horizontal asymptote existence. Can have holes (common factors in numerator/denominator). Behavior between asymptotes varies. Understanding polynomial degrees essential for analysis. More realistic for modeling complex phenomena.
172,AHL 2.13,AHL 2.13b,Oblique Asymptotes,Understanding oblique asymptotes in rational functions.,"Students learn to find oblique asymptotes using polynomial long division, understand when they occur, and analyze their significance.","Find, understand, analyze",Paper 1 (oblique asymptotes),7 / 10,Students should be able to find and analyze oblique asymptotes in rational functions.,concepts,Oblique Asymptotes Explained,"Oblique (slant) asymptotes are diagonal lines. Occur when numerator degree exceeds denominator by exactly 1. Graph approaches this line as $x \to \pm\infty$. Polynomial division reveals quotient (asymptote) and remainder (deviation). Unlike horizontal asymptotes, these are tilted. Shows more sophisticated end behavior. Real applications: optimization with constraints."
174,AHL 2.13,AHL 2.13c,Advanced Rational Function Applications,Applying advanced rational function concepts to solve complex problems.,"Students learn to solve complex problems involving rational functions, including optimization and modeling applications.","Solve, apply, model",Paper 1 (rational applications),7 / 10,Students should be able to apply advanced rational function concepts to solve complex problems.,concepts,Rational Functions in Real Problems,"Rational functions model rates, averages, concentrations. Average cost approaches marginal cost (horizontal asymptote). Dilution problems: concentration = amount/volume. Optimization: minimize average cost, maximize efficiency. Understanding asymptotes gives long-term behavior. These functions everywhere in economics, chemistry, engineering. Connect algebra to real applications."
176,AHL 2.14,AHL 2.14a,Advanced Composite Functions,Working with complex composite functions and their properties.,"Students learn to work with composite functions involving multiple operations, understand domain restrictions, and analyze their behavior.","Compose, analyze, understand",Paper 1 (advanced composition),7 / 10,Students should be able to work with complex composite functions and understand their properties.,concepts,Composite Domain Restrictions,"Composite function domains trickier than simple functions. Must satisfy BOTH: inner function defined AND outer function accepts result. Chain of constraints. Example: $\sqrt{\ln(x)}$ requires $x > 0$ (for ln) AND $\ln(x) \geq 0$ (for sqrt), so $x \geq 1$. Careful analysis prevents domain errors. Essential for complex function work."
178,AHL 2.14,AHL 2.14b,Advanced Inverse Functions,Understanding inverse functions for complex functions and their properties.,"Students learn to find inverses of complex functions, understand domain and range restrictions, and work with inverse function properties.","Find, understand, apply",Paper 1 (advanced inverses),7 / 10,Students should be able to find and work with inverse functions of complex functions.,concepts,Finding Complex Inverses,"For complex functions, method: replace $y$, swap, solve—but watch domain! Composite inverses: reverse order of operations. Like putting on socks then shoes: to undo, remove shoes first! Restrict domain if needed for one-to-one. Understanding composition helps deconstruct complex functions. Essential for advanced function analysis."
180,AHL 2.14,AHL 2.14c,Function Composition and Inversion Applications,Applying advanced function composition and inversion to solve problems.,Students learn to apply advanced concepts of function composition and inversion to solve complex mathematical problems.,"Apply, solve, model",Paper 1 (composition applications),7 / 10,Students should be able to apply advanced function composition and inversion concepts to solve problems.,concepts,Advanced Function Applications,"Composition and inversion solve complex problems. Cryptography: encrypt (compose), decrypt (inverse). Iterative processes: repeatedly apply function. Fixed points: equilibrium values. Understanding these concepts enables modeling multi-step processes, analyzing stability, solving nested equations. Abstract but powerful—foundation for dynamics, chaos theory."
182,AHL 2.15,AHL 2.15a,Advanced Rational Function Inequalities,Understanding and solving complex rational function inequalities.,"Students learn to solve rational function inequalities, understand the relationship to rational equations, and represent solutions graphically.","Solve, represent, interpret",Paper 1 (rational inequalities),7 / 10,Students should be able to solve complex rational function inequalities and represent their solutions appropriately.,concepts,Sign Analysis Method,Rational inequalities need careful sign analysis. Critical points divide number line into intervals. Function can only change sign at zeros or asymptotes. Test one value per interval. Be careful: can't multiply by denominator (might be negative!). Graphical view confirms: where is graph above/below axis? Number line method systematic and reliable.
184,AHL 2.15,AHL 2.15b,Rational Function Domain and Range,Understanding domain and range restrictions in rational functions.,"Students learn to find domain and range of rational functions, understand restrictions, and analyze the effects of asymptotes.","Find, analyze, understand",Paper 1 (domain range analysis),7 / 10,Students should be able to find and analyze domain and range of rational functions.,concepts,Understanding Range Restrictions,"Range harder than domain to find. Horizontal asymptotes often indicate excluded values. Algebraic method: swap $x$ and $y$, solve for $y$—valid $x$ values give range. Graphical: look at all $y$ values covered. Some rational functions have complete range; others have gaps. Understanding range essential for inverse function existence."
186,AHL 2.15,AHL 2.15c,Rational Function Optimization,Applying rational functions to optimization problems.,"Students learn to use rational functions in optimization problems, understand constraints, and find maximum/minimum values.","Apply, optimize, solve",Paper 1 (rational optimization),7 / 10,Students should be able to apply rational functions to optimization problems.,concepts,Real Optimization with Rationals,"Rational functions model many optimization scenarios: minimize average cost, maximize efficiency, optimal box dimensions. Calculus finds exact optima. Understanding asymptotes: often limiting cases aren't optimal. Real constraints: domain restrictions matter. Common pattern: cost has fixed and variable parts. Applications: economics, engineering design, resource allocation."
188,AHL 2.16,AHL 2.16a,Advanced Function Transformations,Understanding complex transformations of functions and their effects.,"Students learn about advanced transformations including dilations, rotations, and combinations of multiple transformations.","Understand, apply, transform",Paper 1 (advanced transformations),7 / 10,Students should be able to understand and apply advanced transformations to function graphs.,concepts,Complex Transformation Effects,"Advanced transformations create sophisticated graphs. Absolute value creates V-shapes or removes negative parts. Dilations from non-origin points. Multiple compositions build complexity. Understanding these extends basic transformation toolkit. Real applications: signal processing (absolute value), computer graphics. Master basic transformations first, then build complexity."
190,AHL 2.16,AHL 2.16b,Transformation Matrices,Understanding matrix representations of transformations.,"Students learn to represent transformations using matrices, understand matrix operations, and apply them to function transformations.","Represent, understand, apply",Paper 1 (transformation matrices),7 / 10,Students should be able to represent and apply transformations using matrices.,concepts,Matrices Encode Transformations,"Matrices provide algebraic representation of geometric transformations. Each transformation = specific matrix. Composition = matrix multiplication. Inverse transformation = matrix inverse. This linear algebra connection powerful: systematic, computable, generalizable to higher dimensions. Foundation for computer graphics, robotics, data science. Elegant unification of geometry and algebra."
192,AHL 2.16,AHL 2.16c,Advanced Transformation Applications,Applying advanced transformations to solve complex problems.,Students learn to use advanced transformations to solve complex mathematical problems and model real-world situations.,"Apply, solve, model",Paper 1 (advanced transformation applications),7 / 10,Students should be able to apply advanced transformations to solve complex problems.,concepts,Applied Transformation Analysis,"Advanced transformations model sophisticated phenomena: signal processing (frequency/amplitude shifts), image transformations (computer graphics), economic models (scaling/shifting data). Understanding transformation decomposition: identify each component's effect. Build complex from simple. Real skill: recognize transformation pattern in context, build appropriate model. Bridges pure and applied mathematics."
194,SL 3.1,SL 3.1a,Three-Dimensional Coordinate Systems,Understanding three-dimensional coordinate systems and spatial geometry.,"Students learn about 3D coordinate systems, distance formula in 3D, and basic spatial relationships between points.","Understand, calculate, analyze",Paper 1 (3D coordinates),5 / 10,Students should be able to work with three-dimensional coordinate systems and calculate distances.,concepts,Visualizing 3D Space,"3D extends 2D by adding height/depth. Three mutually perpendicular axes. Points need three coordinates. Distance formula extends Pythagoras to three dimensions. Harder to visualize but same principles. Applications: architecture, physics, computer graphics, navigation. Practice: sketch simple 3D diagrams. Understanding spatial relationships crucial for geometry and vectors."
196,SL 3.1,SL 3.1b,Equations of Planes,Understanding equations of planes in three-dimensional space.,"Students learn to find equations of planes using points and normal vectors, understand different forms of plane equations.","Find, understand, apply",Paper 1 (plane equations),6 / 10,Students should be able to find equations of planes in three-dimensional space.,concepts,Understanding Planes in 3D,"Plane is flat 2D surface in 3D space. Infinite extent. Defined by: (1) three non-collinear points, or (2) point and normal vector. Normal vector perpendicular to plane—crucial concept. Equation $ax + by + cz = d$ describes all points satisfying relationship. Applications: structural design, geology (rock layers), computer graphics. Fundamental 3D geometry object."
198,SL 3.1,SL 3.1c,Intersection of Planes and Lines,Understanding intersections between planes and lines in 3D space.,"Students learn to find intersections between planes and lines, understand different cases of intersection, and solve related problems.","Find, understand, solve",Paper 1 (plane line intersections),6 / 10,Students should be able to find intersections between planes and lines in three-dimensional space.,concepts,3D Intersection Analysis,"Line-plane intersection: usually one point. Special cases: parallel (no intersection) or line lies in plane (infinite). Two planes: usually intersect in a line. Three planes: can meet at point, line, or nowhere. System of equations approach. Understanding these cases essential for 3D problem-solving. Applications: flight paths, structural engineering."
200,SL 3.2,SL 3.2a,Trigonometric Ratios,Understanding basic trigonometric ratios and their properties.,"Students learn about sine, cosine, and tangent ratios, understand their definitions in right triangles, and apply them to solve problems.","Understand, apply, solve",Paper 1 (trigonometric ratios),4 / 10,Students should be able to understand and apply basic trigonometric ratios to solve problems.,concepts,Right Triangle Trigonometry,"Trig ratios connect angles to side ratios in right triangles. SOHCAHTOA mnemonic helps remember. Each ratio is dimensionless (length/length). Inverse process: given ratio, find angle using $\sin^{-1}$, $\cos^{-1}$, $\tan^{-1}$. Foundation for all trigonometry. Applications: navigation, surveying, engineering. Understanding these ratios opens world of angle-based problems."
202,SL 3.2,SL 3.2b,Special Angles and Exact Values,Understanding special angles and their exact trigonometric values.,"Students learn the exact values of trigonometric ratios for 30°, 45°, 60°, and 90°, and apply them in calculations.","Learn, apply, calculate",Paper 1 (special angles),5 / 10,Students should be able to recall and apply exact values of trigonometric ratios for special angles.,concepts,Memorizing Special Angles,"30-60-90 triangle (sides 1, √3, 2) gives 30° and 60° values. 45-45-90 triangle (sides 1, 1, √2) gives 45° values. These exact values essential for non-calculator work. Pattern: $\sin$ increases, $\cos$ decreases from 0° to 90°. Understanding triangle derivation helps recall. Used throughout trigonometry—worth memorizing!"
204,SL 3.2,SL 3.2c,Applications of Trigonometric Ratios,Applying trigonometric ratios to solve real-world problems.,"Students learn to apply trigonometric ratios to solve problems involving angles of elevation, depression, and other real-world situations.","Apply, solve, model",Paper 1 (trigonometric applications),5 / 10,Students should be able to apply trigonometric ratios to solve real-world problems.,concepts,Real-World Trig Applications,"Trigonometry solves indirect measurement problems. Can't measure building height directly? Use angle and distance. Navigation: bearings use trig. Engineering: slopes, forces, structural analysis. Drawing clear diagram crucial—label known/unknown, identify right triangle. Choose ratio containing both given and unknown. Real skill: translating words to mathematical model."
206,SL 3.3,SL 3.3a,The Unit Circle,Understanding the unit circle and its relationship to trigonometric functions.,"Students learn about the unit circle, understand how it relates to trigonometric ratios, and work with angles in radians and degrees.","Understand, relate, convert",Paper 1 (unit circle),5 / 10,Students should be able to understand the unit circle and its relationship to trigonometric functions.,concepts,Unit Circle Power,"Unit circle revolutionizes trigonometry: extends from 0-90° to all angles. Coordinates ARE the trig ratios! $x = \cos\theta$, $y = \sin\theta$. Quadrant determines sign. Angles > 90° now meaningful. Reference angles connect all quadrants. Foundation for periodic functions, waves, circular motion. Visualizing trig on unit circle builds deep understanding."
208,SL 3.3,SL 3.3b,Radians and Degrees,Understanding the relationship between radians and degrees.,"Students learn to convert between radians and degrees, understand the relationship π radians = 180°, and apply this in calculations.","Convert, understand, apply",Paper 1 (radian degree conversion),5 / 10,Students should be able to convert between radians and degrees and apply this in calculations.,concepts,Why Radians?,"Radians are 'natural' angle measure. 1 radian = angle subtending arc length equal to radius. Full circle: circumference $2\pi r$ at radius $r$ → $2\pi$ radians. In calculus, radians essential: $\frac{d}{dx}\sin x = \cos x$ ONLY in radians. Cleaner formulas. Most advanced math uses radians. Degrees historical; radians mathematical."
210,SL 3.3,SL 3.3c,Arc Length and Sector Area,Understanding arc length and sector area calculations.,"Students learn to calculate arc length s = rθ and sector area A = ½r²θ, and apply these formulas to solve problems.","Calculate, apply, solve",Paper 1 (arc length sector area),5 / 10,Students should be able to calculate arc length and sector area using appropriate formulas.,concepts,Circle Sector Geometry,"Arc length proportional to angle: fraction of circumference. Sector area proportional to angle: fraction of circle area. MUST use radians for these formulas! Degree formulas messier. Applications: pendulums, circular motion, gear design. Understanding these connects angle measure to physical distance and area. Essential for circular geometry."
212,SL 3.4,SL 3.4a,Trigonometric Identities,Understanding fundamental trigonometric identities.,"Students learn about sin²θ + cos²θ = 1, tanθ = sinθ/cosθ, and other fundamental identities, and apply them to simplify expressions.","Learn, apply, simplify",Paper 1 (trigonometric identities),6 / 10,Students should be able to understand and apply fundamental trigonometric identities.,concepts,Understanding Trig Identities,"Identities are equations true for ALL angle values. Pythagorean identity comes from unit circle: $x^2 + y^2 = 1$. These are tools—not just facts to memorize. Use to: simplify expressions, solve equations, prove other identities. Fundamental identities generate many others. Recognition key skill: see when to apply which identity."
214,SL 3.4,SL 3.4b,Simplifying Trigonometric Expressions,Simplifying complex trigonometric expressions using identities.,"Students learn to use trigonometric identities to simplify expressions, factor trigonometric expressions, and solve related problems.","Simplify, factor, solve",Paper 1 (trigonometric simplification),6 / 10,Students should be able to simplify trigonometric expressions using identities.,concepts,Simplification Techniques,Goal: simpler form using identities. Strategy: convert everything to sin/cos often helps. Look for Pythagorean patterns ($\sin^2 + \cos^2$). Factoring reveals hidden structure. Like algebraic simplification but with trig functions. Practice recognizes patterns quickly. Essential skill for solving trig equations and proving identities. Multiple paths possible—choose clearest.
216,SL 3.4,SL 3.4c,Proving Trigonometric Identities,Understanding how to prove trigonometric identities.,"Students learn techniques for proving trigonometric identities, understand logical reasoning, and develop proof-writing skills.","Prove, reason, develop",Paper 1 (trigonometric proofs),6 / 10,Students should be able to prove trigonometric identities using appropriate techniques.,concepts,Proof Techniques and Logic,"Proving identities develops rigorous thinking. Each step must be justified. Common approach: convert to sin/cos. Sometimes: multiply by conjugate, factor creatively. Don't assume what proving—circular logic! Show one side transforms to other. Multiple valid proofs possible. Skills transfer: logical reasoning, seeing structure, strategic manipulation. Essential practice for mathematical maturity."
218,SL 3.5,SL 3.5a,Graphs of Sine and Cosine,Understanding the graphs of sine and cosine functions.,"Students learn to graph y = sin(x) and y = cos(x), understand their periodic nature, amplitude, and period, and analyze their key features.","Graph, understand, analyze",Paper 1 (sine cosine graphs),5 / 10,Students should be able to graph sine and cosine functions and understand their properties.,concepts,Periodic Wave Behavior,"Sine and cosine are wave functions. Repeat every $2\pi$ (period). Oscillate between -1 and 1 (amplitude). Model periodic phenomena: seasons, tides, sound waves, AC current. Smooth, continuous oscillations. Cosine = sine shifted left $\frac{\pi}{2}$. Understanding these graphs essential for physics, engineering, signal processing."
220,SL 3.5,SL 3.5b,Amplitude and Period,Understanding amplitude and period in trigonometric functions.,"Students learn about amplitude |a| and period 2π/b in y = a sin(bx) and y = a cos(bx), and how these parameters affect the graphs.","Understand, analyze, apply",Paper 1 (amplitude period),5 / 10,Students should be able to understand and analyze amplitude and period in trigonometric functions.,concepts,Understanding Wave Parameters,"Amplitude controls height (loudness of sound, voltage of AC). Period controls cycle length (pitch of sound, seasons). Larger $b$ → more cycles in same space → shorter period. These parameters describe any wave phenomenon. Real modeling: match amplitude to physical range, period to time scale. Adjusting $a$ and $b$ adapts basic wave to specific context."
222,SL 3.5,SL 3.5c,Phase Shift and Vertical Shift,Understanding phase shift and vertical shift in trigonometric functions.,"Students learn about phase shift c and vertical shift d in y = a sin(b(x-c)) + d, and how these transformations affect the graphs.","Understand, analyze, apply",Paper 1 (phase vertical shift),5 / 10,Students should be able to understand and analyze phase shift and vertical shift in trigonometric functions.,concepts,Complete Wave Transformation,"All four parameters describe any sinusoidal wave: $a$ (amplitude), $b$ (frequency), $c$ (phase), $d$ (midline). Phase shift slides wave horizontally. Vertical shift moves midline from $y=0$ to $y=d$. Real modeling: tides oscillate around mean sea level (vertical shift), high tide timing varies (phase shift). Master all four to model any periodic phenomenon."
224,SL 3.6,SL 3.6a,Graphs of Tangent and Cotangent,Understanding the graphs of tangent and cotangent functions.,"Students learn to graph y = tan(x) and y = cot(x), understand their periodic nature, asymptotes, and analyze their key features.","Graph, understand, analyze",Paper 1 (tangent cotangent graphs),5 / 10,Students should be able to graph tangent and cotangent functions and understand their properties.,concepts,Tangent Function Behavior,"Tangent different from sin/cos: unbounded (no max/min), has asymptotes, shorter period ($\pi$ not $2\pi$). Increases through each period. Asymptotes where $\cos x = 0$ (division by zero). S-shaped curves between asymptotes. Applications: slopes, angles of inclination. Understanding tangent completes trig function family."
226,SL 3.6,SL 3.6b,Asymptotes in Trigonometric Functions,Understanding asymptotes in trigonometric functions.,"Students learn to identify vertical asymptotes in tangent and cotangent functions, understand their significance, and analyze function behavior.","Identify, understand, analyze",Paper 1 (trigonometric asymptotes),5 / 10,Students should be able to identify and understand asymptotes in trigonometric functions.,concepts,Asymptotes from Ratios,Tangent and cotangent have asymptotes because they're ratios. Asymptote occurs where denominator equals zero. $\tan x = \frac{\sin x}{\cos x}$: undefined when $\cos x = 0$. Between asymptotes: continuous curve. Understanding why asymptotes occur (not just memorizing) builds deeper comprehension. Asymptotes mark boundaries of each period.
228,SL 3.6,SL 3.6c,Period and Transformations,Understanding period and transformations in tangent and cotangent functions.,"Students learn about period π/b in y = a tan(bx) and y = a cot(bx), and how transformations affect these functions.","Understand, analyze, apply",Paper 1 (tangent transformations),5 / 10,Students should be able to understand and analyze period and transformations in tangent and cotangent functions.,concepts,Tangent Transformation Effects,"Tangent period is $\pi$ (half of sin/cos). Coefficient $b$ changes frequency. $a$ stretches vertically but no bounded amplitude. Asymptote spacing determined by period. Phase shifts move entire pattern. Understanding these transformations lets you model periodic unbounded phenomena (rare but important in optics, engineering)."
230,SL 3.7,SL 3.7a,Circular Functions,Understanding circular functions and their relationship to trigonometric functions.,"Students learn about circular functions, understand their relationship to trigonometric functions, and work with their properties.","Understand, relate, work",Paper 1 (circular functions),5 / 10,Students should be able to understand circular functions and their relationship to trigonometric functions.,concepts,From Angles to Arc Length,"Circular functions broaden trig from angles to any real number. Input = distance traveled around unit circle (arc length). Output = coordinates. Periodic because circle repeats. This view essential for calculus: functions of real variables. No longer limited to geometric angles. Applications: circular motion, waves, oscillations. Modern view of trigonometry."
232,SL 3.7,SL 3.7b,Graphs of Circular Functions,Understanding the graphs of circular functions.,"Students learn to graph circular functions, understand their periodic nature, and analyze their key features and behavior.","Graph, understand, analyze",Paper 1 (circular function graphs),5 / 10,Students should be able to graph circular functions and understand their properties.,concepts,Graphical Properties,"Circular function graphs identical to trig function graphs—just different interpretation. Input is real number (not necessarily angle). Periodic behavior from circular nature. Use these graphs to analyze oscillations, waves, repeating patterns. Visual understanding crucial: see periodicity, amplitude, phase. Foundation for Fourier analysis and signal processing."
234,SL 3.7,SL 3.7c,Applications of Circular Functions,Applying circular functions to solve problems and model situations.,"Students learn to apply circular functions to solve problems, model periodic phenomena, and understand their real-world applications.","Apply, model, understand",Paper 1 (circular function applications),5 / 10,Students should be able to apply circular functions to solve problems and model real-world situations.,concepts,Modeling Periodic Phenomena,"Circular functions model anything repeating: tides, day length, business cycles, heartbeats, planetary motion. Extract parameters from context: measure maximum, minimum (find $a$, $d$), identify cycle length (find $b$), note when maximum occurs (find $c$). Skill: translate physical pattern to mathematical model. This is mathematical modeling in action!"
236,SL 3.8,SL 3.8a,Inverse Trigonometric Functions,Understanding inverse trigonometric functions and their properties.,"Students learn about arcsin, arccos, and arctan functions, understand their domains and ranges, and work with their properties.","Understand, work, apply",Paper 1 (inverse trigonometric functions),6 / 10,Students should be able to understand and work with inverse trigonometric functions.,concepts,Understanding Inverse Trig,"Inverse trig answers: 'what angle gives this ratio?' Restricted ranges needed (trig not one-to-one without restriction). Principal values: $\sin^{-1}$ gives $[-\frac{\pi}{2}, \frac{\pi}{2}]$, $\cos^{-1}$ gives $[0, \pi]$. Calculator gives principal value only. Understanding domain/range restrictions crucial. Essential for solving trig equations."
238,SL 3.8,SL 3.8b,Graphs of Inverse Trigonometric Functions,Understanding the graphs of inverse trigonometric functions.,"Students learn to graph inverse trigonometric functions, understand their restricted domains, and analyze their key features.","Graph, understand, analyze",Paper 1 (inverse trig graphs),6 / 10,Students should be able to graph inverse trigonometric functions and understand their properties.,concepts,Inverse Trig Graph Features,"Inverse trig graphs are reflections of restricted trig graphs across $y = x$. $\sin^{-1}$ and $\tan^{-1}$ increasing, $\cos^{-1}$ decreasing. Bounded outputs (angles). $\tan^{-1}$ has horizontal asymptotes (approaches but never reaches $\pm\frac{\pi}{2}$). Understanding these graphs helps solve trig equations graphically and interpret inverse trig values."
240,SL 3.8,SL 3.8c,Applications of Inverse Trigonometric Functions,Applying inverse trigonometric functions to solve problems.,"Students learn to apply inverse trigonometric functions to solve problems, understand their practical applications, and work with related calculations.","Apply, solve, understand",Paper 1 (inverse trig applications),6 / 10,Students should be able to apply inverse trigonometric functions to solve problems.,concepts,Finding Angles from Ratios,"Inverse trig essential for 'find the angle' problems. Given side ratio, need angle. Real applications: finding bearing from coordinates, elevation angle from height/distance, slope angle from gradient. Remember: calculator gives principal value—may need other solutions. Understanding periodicity helps find all solutions. Bridge from ratio back to angle."
242,AHL 3.9,AHL 3.9a,Reciprocal Trigonometric Functions,Understanding reciprocal trigonometric functions and their properties.,"Students learn about cosecant, secant, and cotangent functions, understand their relationships to sine, cosine, and tangent, and work with their properties.","Understand, relate, work",Paper 1 (reciprocal trig functions),6 / 10,Students should be able to understand and work with reciprocal trigonometric functions.,concepts,Completing the Trig Family,"Six trig functions total: three basic (sin, cos, tan) and three reciprocal (csc, sec, cot). Reciprocals flip ratios: where sin is small, csc is large. Undefined where denominator is zero. Less common but useful in certain identities and integrals. Understanding all six provides complete trig toolkit. Pythagorean identities extend to reciprocals."
244,AHL 3.9,AHL 3.9b,Graphs of Reciprocal Trigonometric Functions,Understanding the graphs of reciprocal trigonometric functions.,"Students learn to graph reciprocal trigonometric functions, understand their asymptotes and behavior, and analyze their key features.","Graph, understand, analyze",Paper 1 (reciprocal trig graphs),6 / 10,Students should be able to graph reciprocal trigonometric functions and understand their properties.,concepts,Reciprocal Graph Behavior,"Reciprocal graphs mirror behavior: where sin/cos = 0, reciprocal has asymptote. Where sin/cos = ±1, reciprocal also ±1. Between: reciprocal curves away from zero. U-shaped or inverted-U curves between asymptotes. Understanding reciprocal relationship: small → large, large → small. Less commonly graphed but conceptually important."
246,AHL 3.9,AHL 3.9c,Advanced Inverse Trigonometric Functions,Understanding advanced properties of inverse trigonometric functions.,"Students learn about advanced properties of inverse trigonometric functions, understand their relationships, and work with complex problems.","Understand, relate, work",Paper 1 (advanced inverse trig),7 / 10,Students should be able to understand advanced properties of inverse trigonometric functions.,concepts,Inverse Trig Relationships,"Inverse trig functions related by complementary angle relationships. $\sin^{-1}$ and $\cos^{-1}$ sum to $\frac{\pi}{2}$ (complementary). Symmetry properties (odd/even) extend to inverses. These identities simplify complex expressions, solve equations. Understanding relationships reveals deeper structure. Advanced applications in calculus, complex analysis."
248,AHL 3.10,AHL 3.10a,Compound Angle Formulae,Understanding compound angle formulae in trigonometry.,"Students learn about sin(A±B), cos(A±B), and tan(A±B) formulae, understand their derivations, and apply them to solve problems.","Learn, understand, apply",Paper 1 (compound angle formulae),7 / 10,Students should be able to understand and apply compound angle formulae.,concepts,Understanding Compound Angles,"Compound formulas let you find trig of sums/differences. $\sin(A + B) \neq \sin A + \sin B$! These formulas non-intuitive but essential. Derivable from geometry or complex numbers. Applications: wave interference, phase shifts, angle addition in navigation. Memorize these—used constantly in advanced trig. Sign patterns matter: practice to internalize."
250,AHL 3.10,AHL 3.10b,Double Angle Formulae,Understanding double angle formulae in trigonometry.,"Students learn about sin(2A), cos(2A), and tan(2A) formulae, understand their derivations, and apply them to solve problems.","Learn, understand, apply",Paper 1 (double angle formulae),7 / 10,Students should be able to understand and apply double angle formulae.,concepts,Double Angle Applications,"Double angle formulas are compound angle special cases (set $B = A$). Multiple forms for $\cos(2A)$—choose based on context. Power reduction formulas reverse process. Applications: integration (reducing powers), solving trig equations, simplifying expressions. Essential in physics (wave doubling, frequency). Derive from compound angles but memorize for efficiency."
252,AHL 3.10,AHL 3.10c,Applications of Compound and Double Angle Formulae,Applying compound and double angle formulae to solve problems.,Students learn to apply compound and double angle formulae to solve complex trigonometric problems and prove identities.,"Apply, solve, prove",Paper 1 (angle formula applications),7 / 10,Students should be able to apply compound and double angle formulae to solve problems and prove identities.,concepts,Strategic Use of Angle Formulas,"Angle formulas expand trig toolkit dramatically. Find exact values for non-standard angles. Simplify products to sums (reverse process also useful). Solve equations involving multiple angles. Prove complex identities. Key skill: recognize when to apply which formula. Real applications: wave interference, Fourier analysis. These formulas unlock advanced trigonometry."
254,AHL 3.11,AHL 3.11a,Trigonometric Symmetry,Understanding symmetry properties in trigonometric functions.,"Students learn about even and odd functions, understand symmetry properties of trigonometric functions, and apply these concepts to solve problems.","Understand, apply, solve",Paper 1 (trigonometric symmetry),7 / 10,Students should be able to understand and apply symmetry properties in trigonometric functions.,concepts,Even and Odd Symmetry,"Even functions symmetric about y-axis (cos, sec). Odd functions symmetric about origin (sin, tan, csc, cot). This affects: simplification, integration (odd over symmetric interval = 0), solving equations. Understanding symmetry reduces calculation—exploit patterns. Graph symmetry immediately visible. Essential property for function analysis."
256,AHL 3.11,AHL 3.11b,Periodicity and Symmetry,Understanding the relationship between periodicity and symmetry in trigonometric functions.,"Students learn about periodic properties, understand how symmetry relates to periodicity, and analyze these relationships in trigonometric functions.","Understand, relate, analyze",Paper 1 (periodicity symmetry),7 / 10,Students should be able to understand the relationship between periodicity and symmetry in trigonometric functions.,concepts,Combining Period and Symmetry,"Periodicity + symmetry generate all angle relationships. Reference angles use these properties. Any angle reducible to $[0, \frac{\pi}{2}]$ using period and symmetry. Example: $\sin(240°) = \sin(180° + 60°) = -\sin(60°)$. Understanding these patterns essential for exact value problems, simplification, solving equations. Navigation around unit circle."
258,AHL 3.11,AHL 3.11c,Applications of Trigonometric Symmetry,Applying symmetry properties to solve trigonometric problems.,"Students learn to use symmetry properties to simplify calculations, solve trigonometric equations, and prove identities.","Apply, simplify, solve",Paper 1 (symmetry applications),7 / 10,Students should be able to apply symmetry properties to solve trigonometric problems.,concepts,Exploiting Symmetry,"Symmetry = computational shortcut. Odd function integrated over symmetric interval? Zero! Finding multiple solutions? Use symmetry. Proving identity? Apply even/odd property. Understanding symmetry reveals structure, reduces work. Common pattern recognition: see symmetry, exploit it. Advanced: Fourier series uses even/odd decomposition. Symmetry is powerful mathematical tool."
260,AHL 3.12,AHL 3.12a,Vector Concepts,Understanding basic vector concepts and operations.,"Students learn about vectors, understand vector notation, magnitude, and direction, and work with basic vector operations.","Understand, work, apply",Paper 1 (vector concepts),6 / 10,Students should be able to understand basic vector concepts and perform vector operations.,concepts,Understanding Vectors,"Vectors have magnitude AND direction (unlike scalars: just magnitude). Represent: displacement, velocity, force. Geometric: arrow with length and direction. Algebraic: components in each direction. Position independent: same vector anywhere if magnitude/direction match. Essential for physics, engineering. Vectors model directed quantities mathematically."
262,AHL 3.12,AHL 3.12b,Vector Operations,"Understanding vector addition, subtraction, and scalar multiplication.","Students learn to add, subtract, and multiply vectors by scalars, understand the geometric interpretation of these operations.","Learn, understand, apply",Paper 1 (vector operations),6 / 10,Students should be able to perform vector operations and understand their geometric interpretation.,concepts,Geometric Vector Operations,"Addition: place vectors tip-to-tail, resultant from start to end (parallelogram law). Scalar multiplication: stretch by $|k|$, reverse if $k < 0$. Subtraction: vector from second to first. These geometric interpretations make vector algebra visual. Applications: combining forces (physics), navigation (resultant displacement). Understanding both algebraic and geometric views essential."
264,AHL 3.12,AHL 3.12c,Vector Applications,Applying vectors to solve problems in geometry and physics.,"Students learn to apply vectors to solve problems involving displacement, velocity, forces, and other physical quantities.","Apply, solve, model",Paper 1 (vector applications),6 / 10,Students should be able to apply vectors to solve problems in geometry and physics.,concepts,Vectors in Real Problems,"Vectors natural for physics: velocity has speed and direction, force has magnitude and direction. Displacement different from distance (straight line vs path). Vector addition: combine velocities (relative motion), forces (equilibrium). Real applications: navigation (ground speed = air speed + wind), projectile motion. Vectors make multi-dimensional problems manageable."
266,AHL 3.13,AHL 3.13a,Linear Systems,Understanding systems of linear equations and their solutions.,"Students learn about systems of linear equations, understand different types of solutions, and work with methods to solve them.","Understand, work, solve",Paper 1 (linear systems),6 / 10,Students should be able to understand and solve systems of linear equations.,concepts,Linear System Structure,"Linear systems fundamental in mathematics and applications. Each equation represents constraint. Solution satisfies ALL constraints simultaneously. Understanding solution types crucial: unique (consistent), none (inconsistent), infinite (dependent). Geometric interpretation helps: equations as planes/lines, solution as intersection. Foundation for linear algebra, optimization."
268,AHL 3.13,AHL 3.13b,Matrix Methods,Understanding matrix methods for solving linear systems.,"Students learn to use matrices to solve linear systems, understand Gaussian elimination, and work with matrix operations.","Learn, understand, apply",Paper 1 (matrix methods),7 / 10,Students should be able to use matrix methods to solve linear systems.,concepts,Gaussian Elimination Process,Systematic algorithm for solving systems. Row operations preserve solutions. Forward elimination: create zeros below diagonal. Back substitution: create zeros above. RREF reveals solution structure immediately. Scalable: computers use this for huge systems. Understanding process important even when using technology. Foundation of numerical linear algebra.
270,AHL 3.13,AHL 3.13c,Applications of Linear Systems,Applying linear systems to solve real-world problems.,"Students learn to model real-world situations using linear systems, solve optimization problems, and understand practical applications.","Apply, model, solve",Paper 1 (linear system applications),7 / 10,Students should be able to apply linear systems to solve real-world problems.,concepts,Real-World Linear Models,"Linear systems everywhere: balancing chemical equations, analyzing circuits, optimizing production, resource allocation. Each constraint becomes equation. Solution gives optimal/feasible point. Understanding when problem is linear crucial. Matrix methods handle complexity. Real skill: translate problem to mathematical system. Connect abstract algebra to concrete applications."
272,AHL 3.14,AHL 3.14a,Advanced Vector Operations,Understanding advanced vector operations including dot and cross products.,"Students learn about dot product, cross product, and their geometric interpretations, and apply these concepts to solve problems.","Learn, understand, apply",Paper 1 (advanced vector operations),7 / 10,Students should be able to understand and apply advanced vector operations.,concepts,Dot vs Cross Product,"Dot product: measures alignment, gives scalar. $\mathbf{u} \cdot \mathbf{v} = 0$ means perpendicular. Cross product: measures perpendicularity, gives vector perpendicular to both. Right-hand rule for direction. $|\mathbf{u} \times \mathbf{v}|$ = parallelogram area. Applications: work (dot), torque (cross), physics. Two different multiplications with different meanings!"
274,AHL 3.14,AHL 3.14b,Vector Geometry,Understanding the geometric applications of vectors in three-dimensional space.,"Students learn to use vectors to solve geometric problems, understand vector equations of lines and planes, and work with spatial relationships.","Learn, understand, work",Paper 1 (vector geometry),7 / 10,Students should be able to use vectors to solve geometric problems in three-dimensional space.,concepts,Vectors Describe Geometry,"Vector equations elegant for 3D geometry. Lines: point + parameter × direction. Planes: all points satisfying dot product condition. These forms reveal geometric structure. Intersections: solve vector equations. Distances: use dot product. Angles: use dot product formula. Vector approach unifies 2D/3D geometry, generalizes easily. Essential for spatial analysis."
276,AHL 3.14,AHL 3.14c,Applications of Advanced Vectors,Applying advanced vector concepts to solve complex problems.,"Students learn to apply advanced vector concepts to solve problems in physics, engineering, and other fields requiring spatial analysis.","Apply, solve, analyze",Paper 1 (advanced vector applications),7 / 10,Students should be able to apply advanced vector concepts to solve complex problems.,concepts,Vectors in Physics and Engineering,"Dot product: work, power, projections. Cross product: torque, angular momentum, magnetic force. Vector calculus: gradient, divergence, curl. Essential for: mechanics, electromagnetism, fluid dynamics, computer graphics. Vectors provide coordinate-free formulations. Understanding vector operations unlocks physics. Mathematical tool for multidimensional analysis."
278,AHL 3.15,AHL 3.15a,Advanced Linear Systems,Understanding advanced concepts in linear systems and their solutions.,"Students learn about consistent and inconsistent systems, dependent and independent systems, and advanced solution methods.","Understand, learn, apply",Paper 1 (advanced linear systems),7 / 10,Students should be able to understand and work with advanced linear systems.,concepts,System Analysis Theory,"Rank determines solution type. Consistent if equations not contradictory. Dependent if equations not all independent (some redundant). Understanding these concepts theoretical but practical: predicts solution behavior before solving. Applications: determining if constraints are feasible, identifying redundant information. Linear algebra foundation."
280,AHL 3.15,AHL 3.15b,Matrix Algebra,Understanding matrix algebra and its applications to linear systems.,"Students learn about matrix operations, determinants, and their applications to solving linear systems and understanding system properties.","Learn, understand, apply",Paper 1 (matrix algebra),7 / 10,Students should be able to understand matrix algebra and its applications.,concepts,Matrices as Algebraic Objects,"Matrices: rectangular arrays of numbers with defined operations. Not commutative: $AB \neq BA$ generally! Determinant: measures scaling factor, zero if singular (no inverse). Inverse matrix 'undoes' multiplication. Applications: solving systems ($Ax = b \Rightarrow x = A^{-1}b$), transformations, data analysis. Abstract algebra connects to geometry."
282,AHL 3.15,AHL 3.15c,Applications of Advanced Linear Systems,Applying advanced linear system concepts to solve complex problems.,"Students learn to model complex real-world situations using advanced linear systems, solve optimization problems, and understand practical applications.","Apply, model, solve",Paper 1 (advanced linear applications),7 / 10,Students should be able to apply advanced linear system concepts to solve complex problems.,concepts,Complex Linear Applications,"Advanced linear systems model: network flow (traffic, internet), portfolio optimization (finance), resource scheduling (operations), structural analysis (engineering). Large-scale: thousands of variables/equations. Computer algorithms essential. Understanding theory guides setup, interpretation. Real impact: logistics, planning, design. Mathematics drives decision-making."
284,AHL 3.16,AHL 3.16a,Vector Spaces,Understanding vector spaces and their properties.,"Students learn about vector spaces, subspaces, linear independence, and basis, and understand their fundamental properties and applications.","Learn, understand, apply",Paper 1 (vector spaces),7 / 10,Students should be able to understand vector spaces and their fundamental properties.,concepts,Abstraction of Vector Concept,"Vector space abstracts 'vector-like' behavior. Not just arrows! Polynomials, functions, matrices can be 'vectors'. Any collection satisfying axioms. This abstraction powerful: same theorems apply to different objects. Basis provides coordinate system. Dimension counts degrees of freedom. Abstract but unifying—reveals deep mathematical structure."
286,AHL 3.16,AHL 3.16b,Linear Transformations,Understanding linear transformations and their properties.,"Students learn about linear transformations, their matrix representations, and how they relate to vector spaces and linear systems.","Learn, understand, relate",Paper 1 (linear transformations),7 / 10,Students should be able to understand linear transformations and their properties.,concepts,Linear Transformations Explained,"Linear transformation preserves vector operations: transforms sums to sums, scales to scales. Every linear transformation on $\mathbb{R}^n$ is matrix multiplication! Kernel: what maps to zero. Image: all possible outputs. Understanding these concepts: rotations, projections, reflections are linear. Non-linear: exponential, trigonometric. Foundation for functional analysis, quantum mechanics."
288,AHL 3.16,AHL 3.16c,Applications of Vector Spaces and Linear Transformations,Applying vector space and linear transformation concepts to solve problems.,"Students learn to apply vector space and linear transformation concepts to solve problems in mathematics, physics, and engineering.","Apply, solve, model",Paper 1 (vector space applications),7 / 10,Students should be able to apply vector space and linear transformation concepts to solve problems.,concepts,Linear Algebra Applications,"Vector spaces and transformations everywhere: computer graphics (transformations), data science (principal component analysis), quantum mechanics (state spaces), control theory (system dynamics). Abstract theory enables concrete applications. Eigenvalues crucial for: stability analysis, Google PageRank, vibration modes. Understanding linear algebra unlocks modern STEM."
290,SL 4.1,SL 4.1a,Data Collection and Types,Understanding different types of data and data collection methods.,"Students learn about qualitative and quantitative data, discrete and continuous data, and various methods of data collection including surveys and experiments.","Understand, classify, collect",Paper 1 (data types),4 / 10,Students should be able to understand different types of data and data collection methods.,concepts,Understanding Data Types,"Data type determines analysis method. Categorical: count frequencies, mode. Quantitative: calculate mean, median. Discrete: bar charts. Continuous: histograms. Collection method affects validity: census (complete), sample (subset). Understanding data types foundation for statistics. Proper classification crucial for appropriate analysis."
292,SL 4.1,SL 4.1b,Data Representation,Understanding how to represent data effectively using tables and graphs.,"Students learn to create frequency tables, histograms, bar charts, and other graphical representations of data, and interpret their meaning.","Create, interpret, analyze",Paper 1 (data representation),4 / 10,Students should be able to create and interpret various representations of data.,concepts,Effective Data Visualization,"Good graph communicates clearly: labeled axes, title, appropriate scale, clear legend. Different displays emphasize different features. Histogram shows distribution shape. Box plot shows spread and outliers. Scatter plot shows correlation. Misleading graphs: truncated axes, wrong chart type. Critical skill: create honest, informative displays. Statistics is communication."
294,SL 4.1,SL 4.1c,Data Analysis and Interpretation,Understanding how to analyze and interpret data from various sources.,"Students learn to analyze data, identify patterns and trends, and draw meaningful conclusions from statistical information.","Analyze, identify, conclude",Paper 1 (data analysis),4 / 10,Students should be able to analyze and interpret data effectively.,concepts,From Data to Insight,"Analysis transforms raw numbers to understanding. Look for patterns, not just calculate. Context crucial: what do numbers mean? Outliers: errors or important information? Trends suggest relationships but don't prove causation. Critical thinking: question data quality, sampling method, conclusions. Statistical literacy essential in data-driven world."
296,SL 4.2,SL 4.2a,Sampling Methods,Understanding different sampling methods and their applications.,"Students learn about random sampling, stratified sampling, systematic sampling, and cluster sampling, and understand their advantages and disadvantages.","Understand, compare, apply",Paper 1 (sampling methods),5 / 10,Students should be able to understand different sampling methods and their applications.,concepts,Choosing Sampling Methods,"Different methods for different purposes. Random: unbiased, representative. Stratified: ensures subgroup representation (age groups, regions). Systematic: easier than random. Cluster: cost-effective for dispersed populations. Trade-offs: cost, bias, practicality. Understanding methods crucial for survey design and evaluating studies. Sampling method affects validity."
298,SL 4.2,SL 4.2b,Sampling Bias and Errors,Understanding sampling bias and errors in data collection.,"Students learn about different types of bias, sampling errors, and how to minimize them in data collection and analysis.","Understand, identify, minimize",Paper 1 (sampling bias),5 / 10,Students should be able to understand and identify sampling bias and errors.,concepts,Avoiding Bias in Research,"Bias undermines validity. Recognize sources: who's excluded? How questions phrased? Who responded? Minimize: random sampling, neutral wording, high response rate, careful measurement. All studies have some bias—question is how much. Critical evaluation: assess bias before accepting conclusions. Essential for research literacy and conducting good studies."
300,SL 4.2,SL 4.2c,Sample Size and Reliability,Understanding the relationship between sample size and reliability of results.,"Students learn about the importance of sample size, confidence levels, and how sample size affects the reliability of statistical conclusions.","Understand, relate, evaluate",Paper 1 (sample size reliability),5 / 10,Students should be able to understand the relationship between sample size and reliability.,concepts,Sample Size Trade-offs,"Larger sample → more reliable estimate but costs more (time, money). Diminishing returns: doubling reliability requires quadrupling sample. Choose based on: required precision, budget, population variability. Very large samples can detect trivial differences. Understanding $n$ effects crucial for study design. Balance precision needs with practical constraints."
302,SL 4.3,SL 4.3a,Descriptive Statistics,Understanding descriptive statistics and their applications.,"Students learn about measures of central tendency (mean, median, mode) and measures of spread (range, standard deviation), and how to calculate and interpret them.","Learn, calculate, interpret",Paper 1 (descriptive statistics),5 / 10,Students should be able to calculate and interpret descriptive statistics.,concepts,Summarizing Data,"Descriptive statistics condense data into key numbers. Central tendency: 'typical' value. Spread: variability, consistency. Together they describe distribution. Mean + SD describes normal distributions well. Median + IQR better for skewed data. Understanding these measures essential for data communication and comparison."
304,SL 4.3,SL 4.3b,Measures of Central Tendency,Understanding and calculating measures of central tendency.,"Students learn to calculate mean, median, and mode for different types of data, understand their properties, and choose appropriate measures for different situations.","Calculate, understand, choose",Paper 1 (central tendency),5 / 10,Students should be able to calculate and understand measures of central tendency.,concepts,Choosing the Right Average,"Mean: uses all data, affected by outliers. Median: resistant to outliers, better for skewed distributions. Mode: categorical data, multimodal possible. Context determines choice: income (median—skewed), test scores (mean—symmetric). Understanding strengths/weaknesses essential. Don't just calculate—interpret! Each tells different story about 'center'."
306,SL 4.3,SL 4.3c,Measures of Spread,Understanding and calculating measures of spread and variability.,"Students learn to calculate range, interquartile range, standard deviation, and variance, and understand their significance in data analysis.","Calculate, understand, analyze",Paper 1 (measures of spread),5 / 10,Students should be able to calculate and understand measures of spread and variability.,concepts,Understanding Variability,"Spread measures data consistency. Low spread: values clustered, predictable. High spread: values scattered, variable. Range: simple but affected by outliers. IQR: middle 50%, resistant to outliers. SD: average deviation from mean, most common. Understanding spread essential: manufacturing (consistency), medicine (treatment reliability). Spread + center fully describe simple distributions."
308,SL 4.4,SL 4.4a,Correlation and Scatter Plots,Understanding correlation and creating scatter plots.,"Students learn about correlation between variables, how to create and interpret scatter plots, and understand the relationship between correlation and causation.","Understand, create, interpret",Paper 1 (correlation scatter plots),5 / 10,Students should be able to understand correlation and create and interpret scatter plots.,concepts,Correlation vs Causation,Correlation: variables change together. Causation: one causes the other. Correlation ≠ causation! Third variable might cause both. Spurious correlations exist (ice cream sales and drownings—both caused by summer). Scatter plot reveals relationship visually. Understanding this distinction critical for scientific thinking. Don't assume cause from correlation alone!
310,SL 4.4,SL 4.4b,Linear Regression,Understanding linear regression and line of best fit.,"Students learn to find the line of best fit, understand the least squares method, and interpret the equation of the regression line.","Find, understand, interpret",Paper 1 (linear regression),5 / 10,Students should be able to find and interpret linear regression lines.,concepts,Least Squares Method,Regression line minimizes sum of squared vertical distances from points. 'Best fit' in least squares sense. Slope $b$: change in $y$ per unit change in $x$. Intercept $a$: predicted $y$ when $x = 0$ (if meaningful). Use for prediction within data range. Extrapolation risky! Understanding regression fundamental for data modeling.
312,SL 4.4,SL 4.4c,Correlation Coefficient,Understanding and calculating the correlation coefficient.,"Students learn to calculate and interpret the correlation coefficient r, understand its range and meaning, and use it to assess the strength of linear relationships.","Calculate, interpret, assess",Paper 1 (correlation coefficient),5 / 10,Students should be able to calculate and interpret the correlation coefficient.,concepts,Interpreting Correlation Strength,"$r$ quantifies linear relationship strength. $|r| > 0.8$: strong, $|r| < 0.3$: weak (rough guidelines). $r^2$ = proportion of variance explained by relationship. Important: $r$ measures LINEAR correlation only! Can be zero with strong nonlinear relationship. Use with scatter plot. Understanding $r$ essential for assessing relationships scientifically."
314,SL 4.5,SL 4.5a,Basic Probability Concepts,Understanding fundamental probability concepts and terminology.,"Students learn about sample spaces, events, outcomes, and basic probability rules, and understand how to calculate simple probabilities.","Understand, learn, calculate",Paper 1 (basic probability),4 / 10,Students should be able to understand basic probability concepts and calculate simple probabilities.,concepts,Understanding Probability,"Probability quantifies uncertainty. $P(A) = 0$: impossible. $P(A) = 1$: certain. Between: degrees of likelihood. Classical: count outcomes (equally likely). Empirical: from data/experiments. Subjective: expert judgment. Understanding probability foundation for risk assessment, decision-making. Essential for navigating uncertain world."
316,SL 4.5,SL 4.5b,Probability Rules,Understanding and applying probability rules and properties.,"Students learn about the addition rule, multiplication rule, complement rule, and other fundamental probability properties, and apply them to solve problems.","Learn, understand, apply",Paper 1 (probability rules),5 / 10,Students should be able to understand and apply probability rules and properties.,concepts,Applying Probability Rules,Rules combine simple probabilities into complex ones. 'Or' → add (careful: subtract overlap). 'And' → multiply (if independent). Complement useful: sometimes easier to find probability of 'not'. Venn diagrams visualize. Understanding when events independent crucial. These rules foundation for all probability calculations.
318,SL 4.5,SL 4.5c,Probability Applications,Applying probability concepts to solve real-world problems.,"Students learn to apply probability concepts to solve problems involving games, surveys, and other real-world situations.","Apply, solve, model",Paper 1 (probability applications),5 / 10,Students should be able to apply probability concepts to solve real-world problems.,concepts,Probability in Decision-Making,"Probability guides decisions under uncertainty. Expected value: long-run average. Risk assessment: low probability but high impact events. Insurance: probability × cost. Quality control: acceptable defect probability. Understanding probability essential for: finance, medicine, engineering, policy. Quantifying uncertainty enables rational decisions."
320,SL 4.6,SL 4.6a,Conditional Probability,Understanding conditional probability and its applications.,"Students learn about conditional probability P(A|B), understand the concept of independence, and apply conditional probability to solve problems.","Understand, apply, solve",Paper 1 (conditional probability),6 / 10,Students should be able to understand and apply conditional probability concepts.,concepts,Understanding Conditional Probability,"Conditional probability: probability in restricted sample space. 'Given B occurred' means consider only B outcomes. Changes the sample space! Example: probability of ace given card is red (26 outcomes, not 52). Independence: knowing B doesn't change probability of A. Essential for sequential events. Applications: medical testing, fault diagnosis, Bayesian reasoning."
322,SL 4.6,SL 4.6b,Independent and Dependent Events,Understanding independent and dependent events in probability.,"Students learn to identify independent and dependent events, understand their properties, and apply this knowledge to solve probability problems.","Identify, understand, apply",Paper 1 (independent dependent events),6 / 10,Students should be able to identify and work with independent and dependent events.,concepts,Recognizing Independence,"Independent: one outcome doesn't affect other. Coin flips, dice rolls (separate), replaced draws. Dependent: outcome affects next. Cards without replacement, conditional on previous result. Test: does $P(A|B) = P(A)$? Real importance: correct probability calculation. Assuming independence when dependent is common error. Context determines independence."
324,SL 4.6,SL 4.6c,Combined Probability Problems,Solving complex probability problems involving multiple events.,"Students learn to solve problems involving combinations of events, use tree diagrams and other methods, and apply probability rules to complex situations.","Solve, use, apply",Paper 1 (combined probability),6 / 10,Students should be able to solve complex probability problems involving multiple events.,concepts,Systematic Probability Problem-Solving,"Tree diagrams organize complex problems. Each branch = outcome, probability on branch. Multiply for AND, add for OR. Works for dependent (update probabilities) and independent (same probabilities). Alternative: tables, counting. Systematic approach prevents errors. Practice: many paths to solution, choose clearest method. Organization key to solving complex probability."
326,SL 4.7,SL 4.7a,Discrete Random Variables,Understanding discrete random variables and their properties.,"Students learn about discrete random variables, probability distributions, and how to calculate expected values and variance for discrete distributions.","Understand, calculate, analyze",Paper 1 (discrete random variables),6 / 10,Students should be able to understand and work with discrete random variables.,concepts,Random Variables Quantify Outcomes,"Random variable assigns number to each outcome. Allows numerical analysis of random events. Discrete: countable values (dice roll, number of defects). Probability distribution lists all values and their probabilities. Different from deterministic variable—value unknown until experiment. Foundation for probability models. Essential for statistical inference."
328,SL 4.7,SL 4.7b,Continuous Random Variables,Understanding continuous random variables and their properties.,"Students learn about continuous random variables, probability density functions, and how to work with continuous probability distributions.","Understand, work, analyze",Paper 1 (continuous random variables),6 / 10,Students should be able to understand and work with continuous random variables.,concepts,Continuous vs Discrete,"Continuous: uncountable values (height, time, temperature). Probability density function (PDF), not individual probabilities. Probability = area under curve. Exact value has P = 0 (infinitely many values). CDF gives cumulative probability. Integration replaces summation. Different conceptually from discrete but similar calculations. Model measurements and continuous processes."
330,SL 4.7,SL 4.7c,Expected Value and Variance,Understanding expected value and variance for random variables.,"Students learn to calculate expected value E(X) and variance Var(X) for both discrete and continuous random variables, and understand their significance.","Calculate, understand, analyze",Paper 1 (expected value variance),6 / 10,Students should be able to calculate and understand expected value and variance for random variables.,concepts,Interpreting E(X) and Var(X),"Expected value: long-run average, center of distribution. NOT necessarily a possible value! Variance: average squared deviation, measures spread. Large variance: high uncertainty. These summarize entire distribution. Applications: expected profit, average waiting time. Understanding these transforms random variables to understandable quantities. Foundation for decision theory."
332,SL 4.8,SL 4.8a,Binomial Distribution,Understanding the binomial distribution and its properties.,"Students learn about the binomial distribution, understand its parameters n and p, and learn to calculate probabilities using the binomial formula.","Understand, calculate, apply",Paper 1 (binomial distribution),6 / 10,Students should be able to understand and work with the binomial distribution.,concepts,When to Use Binomial,"Binomial models: fixed number of independent yes/no trials with constant probability. Examples: coin flips, defective items, multiple-choice guessing, medical tests. NOT binomial if: trials not independent, probability changes, more than two outcomes. Recognizing binomial situations key skill. Most important discrete distribution."
334,SL 4.8,SL 4.8b,Binomial Probability Calculations,Calculating probabilities using the binomial distribution.,"Students learn to calculate binomial probabilities using the formula P(X = k) = C(n,k) × p^k × (1-p)^(n-k), and use technology for calculations.","Calculate, use, apply",Paper 1 (binomial calculations),6 / 10,Students should be able to calculate binomial probabilities using appropriate methods.,concepts,Technology for Binomial,Formula tedious for large $n$. Use GDC! Understand formula but calculate with technology. For ranges: use cumulative. $P(X \leq k)$ directly from binomcdf. $P(X \geq k) = 1 - P(X \leq k-1)$. Understanding formula + using technology = powerful combination. Check: probabilities sum to 1.
336,SL 4.8,SL 4.8c,Binomial Distribution Applications,Applying the binomial distribution to solve real-world problems.,"Students learn to identify situations that follow a binomial distribution, model real-world problems, and solve problems involving binomial probabilities.","Identify, model, solve",Paper 1 (binomial applications),6 / 10,Students should be able to apply the binomial distribution to solve real-world problems.,concepts,Real Binomial Applications,"Binomial widespread: quality control (defects), medicine (treatment success), genetics (traits), testing (guessing). Key: identify $n$ and $p$ from context. Interpret results meaningfully. Expected successes: $np$. Variability: $\sqrt{np(1-p)}$. Understanding binomial essential for analyzing repeated trials. Links combinatorics to probability."
338,SL 4.9,SL 4.9a,Normal Distribution,Understanding the normal distribution and its properties.,"Students learn about the normal distribution, understand its bell-shaped curve, and learn about the parameters μ (mean) and σ (standard deviation).","Understand, learn, analyze",Paper 1 (normal distribution),6 / 10,Students should be able to understand the normal distribution and its properties.,concepts,The Normal Distribution,"Most important continuous distribution. Bell curve appears everywhere: heights, test scores, measurement errors (Central Limit Theorem). Symmetric, unimodal. Mean = median = mode. Fully determined by $\mu$ and $\sigma$. Many natural phenomena approximately normal. Foundation for statistical inference. Understanding normal distribution essential for statistics."
340,SL 4.9,SL 4.9b,Standard Normal Distribution,Understanding the standard normal distribution and z-scores.,"Students learn about the standard normal distribution (μ = 0, σ = 1), understand z-scores, and learn to use standard normal tables or technology.","Understand, learn, use",Paper 1 (standard normal),6 / 10,Students should be able to understand and work with the standard normal distribution.,concepts,Z-Scores Standardize,"Z-score: how many standard deviations from mean. $z = 2$: two SD above mean. Positive: above mean; negative: below. Standardization allows: comparing different distributions, using standard tables. All normals equivalent after standardization. Understanding z-scores essential for hypothesis testing, comparing scores across different tests. Fundamental statistical tool."
342,SL 4.9,SL 4.9c,Normal Distribution Applications,Applying the normal distribution to solve real-world problems.,"Students learn to apply the normal distribution to model real-world situations, solve problems involving normal probabilities, and understand the 68-95-99.7 rule.","Apply, solve, understand",Paper 1 (normal applications),6 / 10,Students should be able to apply the normal distribution to solve real-world problems.,concepts,Normal Distribution in Practice,"Normal models continuous measurements: heights, weights, test scores, errors. 68-95-99.7 rule for quick estimates. Inverse problems: find value given probability (use invNorm on GDC). Applications: quality control (within specifications?), grading (percentile ranks). Central Limit Theorem: averages tend to normal. Most powerful distribution in statistics."
344,SL 4.10,SL 4.10a,Advanced Correlation Analysis,Understanding advanced correlation analysis and its applications.,"Students learn about different types of correlation, understand correlation vs causation, and learn to interpret correlation results in context.","Understand, interpret, analyze",Paper 1 (advanced correlation),6 / 10,Students should be able to understand and interpret advanced correlation analysis.,concepts,Advanced Correlation Concepts,"Strong correlation doesn't mean causation. Could be: A causes B, B causes A, C causes both, or coincidence. Examine: mechanism, time order, confounding variables. Correlation strength depends on variability. Outliers influence correlation. Understanding context crucial. Critical thinking: question whether correlation meaningful. Essential for research evaluation."
346,SL 4.10,SL 4.10b,Regression Analysis,Understanding regression analysis and its applications.,"Students learn about regression analysis, understand the assumptions of linear regression, and learn to interpret regression results and residuals.","Understand, interpret, analyze",Paper 1 (regression analysis),6 / 10,Students should be able to understand and interpret regression analysis results.,concepts,Regression Assumptions and Limitations,"Linear regression assumes: linear relationship, independent observations, constant variance, normal residuals. Check with residual plot. Outliers influence regression. Interpolation safer than extrapolation. $r^2$ doesn't prove causation. Understanding limitations prevents misuse. Regression powerful but not magic—requires careful application and interpretation."
348,SL 4.10,SL 4.10c,Correlation and Regression Applications,Applying correlation and regression analysis to solve problems.,"Students learn to apply correlation and regression analysis to real-world problems, understand limitations, and make appropriate conclusions.","Apply, understand, conclude",Paper 1 (correlation regression applications),6 / 10,Students should be able to apply correlation and regression analysis to solve problems.,concepts,Using Regression Wisely,"Regression for prediction and understanding relationships. But: doesn't prove causation, limited to linear, sensitive to outliers. Always check residuals. Interpret slope in context. Prediction intervals acknowledge uncertainty. Real applications: forecasting, trend analysis, relationship quantification. Understanding when/how to use regression essential for data science."
350,SL 4.11,SL 4.11a,Advanced Conditional Probability,Understanding advanced conditional probability concepts and applications.,"Students learn about Bayes theorem, understand more complex conditional probability problems, and apply these concepts to solve problems.","Learn, understand, apply",Paper 1 (advanced conditional probability),6 / 10,Students should be able to understand and apply advanced conditional probability concepts.,concepts,Bayes' Theorem Applications,"Bayes updates probabilities with new information. Prior → Evidence → Posterior. Classic: medical testing (false positives!), spam filtering, machine learning. Counterintuitive results common: rare disease, accurate test, but P(disease|positive) still low! Understanding Bayes essential for: diagnosis, AI, decision-making under uncertainty. Foundation of Bayesian statistics."
352,SL 4.11,SL 4.11b,Probability Trees and Diagrams,Using probability trees and diagrams to solve complex problems.,"Students learn to create and use probability trees, Venn diagrams, and other visual aids to solve complex probability problems.","Create, use, solve",Paper 1 (probability trees),6 / 10,Students should be able to create and use probability trees and diagrams to solve problems.,concepts,Organizing Complex Probability,"Visual aids manage complexity. Trees: sequential events, conditional probability. Venn: set relationships, overlaps. Tables: two categorical variables. Choose tool based on problem structure. Drawing diagram often reveals solution path. Systematic organization prevents errors. These tools essential for complex probability—worth mastering."
354,SL 4.11,SL 4.11c,Advanced Probability Applications,Applying advanced probability concepts to solve complex problems.,"Students learn to apply advanced probability concepts to solve complex real-world problems, including problems involving multiple events and conditions.","Apply, solve, model",Paper 1 (advanced probability applications),6 / 10,Students should be able to apply advanced probability concepts to solve complex problems.,concepts,Real-World Complex Probability,"Advanced problems combine multiple concepts. Medical testing: sensitivity, specificity, prevalence, Bayes. Reliability: series/parallel systems, multiple failures. Game theory: optimal strategies. Insurance: compound risks. Understanding how concepts interact crucial. Real applications never isolated—synthesis required. This is probability in practice."
356,SL 4.12,SL 4.12a,Standardization and Z-Scores,Understanding standardization and z-scores in normal distributions.,"Students learn to standardize normal distributions, understand z-scores, and use standardization to solve problems involving normal distributions.","Learn, understand, use",Paper 1 (standardization z-scores),6 / 10,Students should be able to understand and use standardization and z-scores.,concepts,Z-Score Applications,"Standardization enables: comparing across different distributions, using standard normal table, finding percentiles. Z-score answers 'how unusual is this value?' Used in: grading (curve), quality control (control charts), research (outlier detection). Understanding z-scores bridges descriptive and inferential statistics. Essential tool for normal distribution work."
358,SL 4.12,SL 4.12b,Normal Distribution Calculations,Performing calculations with normal distributions.,"Students learn to calculate probabilities for normal distributions, use technology and tables, and solve problems involving normal distribution calculations.","Calculate, use, solve",Paper 1 (normal calculations),6 / 10,Students should be able to perform calculations with normal distributions.,concepts,Technology for Normal Calculations,"GDC essential for normal calculations. normalcdf: area under curve. invNorm: reverse (find value from probability). Master these functions! Understand process: standardize mentally, let calculator do arithmetic. Check: probabilities reasonable? Common errors: wrong interval bounds, forgetting to standardize. Practice with technology for efficiency."
360,SL 4.12,SL 4.12c,Normal Distribution Applications,Applying normal distribution concepts to solve real-world problems.,"Students learn to apply normal distribution concepts to model real-world situations, solve problems involving normal probabilities, and understand practical applications.","Apply, solve, understand",Paper 1 (normal distribution applications),6 / 10,Students should be able to apply normal distribution concepts to solve real-world problems.,concepts,Normal Models Everywhere,"Normal distribution appears everywhere measurement varies randomly: biological (heights, blood pressure), manufacturing (dimensions), educational (test scores), financial (returns). Central Limit Theorem explains ubiquity. Use to: set specifications, identify outliers, make predictions. Understanding when normal appropriate crucial. Not everything normal—check data!"
362,AHL 4.13,AHL 4.13a,Advanced Conditional Probability,Understanding advanced conditional probability concepts and Bayes theorem.,"Students learn about Bayes theorem, understand more complex conditional probability problems, and apply these concepts to solve advanced problems.","Learn, understand, apply",Paper 1 (advanced conditional probability),7 / 10,Students should be able to understand and apply advanced conditional probability concepts including Bayes theorem.,concepts,Bayesian Thinking,"Bayesian approach: start with prior belief, update with evidence. Different from frequentist (long-run frequency). Powerful for: incorporating expert knowledge, sequential updating, decision analysis. Modern AI heavily Bayesian. Understanding both approaches important. Bayes theorem mathematically simple but conceptually deep. Foundation of modern statistical inference."
364,AHL 4.13,AHL 4.13b,Probability Distributions,Understanding advanced probability distributions and their properties.,"Students learn about various probability distributions, understand their properties and applications, and work with complex probability problems.","Learn, understand, work",Paper 1 (probability distributions),7 / 10,Students should be able to understand and work with advanced probability distributions.,concepts,Choosing Right Distribution,Each distribution models specific random process. Binomial: fixed trials. Poisson: rare events over interval. Normal: continuous measurements. Exponential: waiting times. Uniform: equal probability. Understanding which fits context crucial for correct modeling. Wrong distribution → wrong conclusions. Distribution theory unifies random phenomena under mathematical framework.
366,AHL 4.13,AHL 4.13c,Advanced Probability Applications,Applying advanced probability concepts to solve complex problems.,"Students learn to apply advanced probability concepts to solve complex real-world problems, including problems involving multiple events and conditions.","Apply, solve, model",Paper 1 (advanced probability applications),7 / 10,Students should be able to apply advanced probability concepts to solve complex problems.,concepts,Sophisticated Probability Models,"Advanced applications combine distributions, conditioning, transformations. Reliability: exponential lifetimes, series/parallel systems. Queuing: Poisson arrivals, exponential service. Finance: normal returns, portfolio theory. Epidemiology: disease spread models. Understanding advanced probability enables modeling complex real systems. Mathematics meets reality."
368,AHL 4.14,AHL 4.14a,Advanced Random Variables,Understanding advanced concepts in random variables and their properties.,"Students learn about advanced random variable concepts, understand their properties and applications, and work with complex probability problems.","Learn, understand, work",Paper 1 (advanced random variables),7 / 10,Students should be able to understand and work with advanced random variable concepts.,concepts,Advanced RV Theory,"Transformations change distributions. Understanding these is powerful: derive new distributions, simplify calculations. Linear transformations preserve normality. Sums of independent RVs: distributions combine. MGF uniquely determines distribution. Abstract but essential for: portfolio theory, signal processing, statistical theory. Foundation of advanced probability."
370,AHL 4.14,AHL 4.14b,Continuous Probability Distributions,Understanding continuous probability distributions and their applications.,"Students learn about various continuous probability distributions, understand their properties and applications, and work with complex probability problems.","Learn, understand, work",Paper 1 (continuous distributions),7 / 10,Students should be able to understand and work with continuous probability distributions.,concepts,Continuous Distribution Applications,"Uniform: random number generation, lack of information. Exponential: time between events, radioactive decay, service times. Normal: measurements, errors, averages (CLT). Chi-square, t, F: statistical inference. Understanding which distribution fits context crucial. Each has unique properties suited for specific phenomena. Rich mathematical structure."
372,AHL 4.14,AHL 4.14c,Advanced Probability Applications,Applying advanced probability concepts to solve complex problems.,"Students learn to apply advanced probability concepts to solve complex real-world problems, including problems involving continuous distributions and advanced techniques.","Apply, solve, model",Paper 1 (advanced probability applications),7 / 10,Students should be able to apply advanced probability concepts to solve complex problems.,concepts,Computational Probability,"When analytical solutions difficult, simulate! Modern probability computational. Generate random samples, observe outcomes, estimate probabilities. Applications: finance (option pricing), physics (particle systems), operations (complex queues). Understanding probability theory + computational methods = powerful combination. Essential for modern applied mathematics."
374,SL 5.1,SL 5.1a,Introduction to Limits,Understanding the concept of limits and their intuitive meaning.,"Students learn about limits, understand the intuitive meaning of limits, and learn to evaluate simple limits using algebraic methods.","Learn, understand, evaluate",Paper 1 (introduction to limits),5 / 10,Students should be able to understand the concept of limits and evaluate simple limits.,concepts,Understanding Limits,"Limit describes behavior near point, not necessarily at point. $f(a)$ might not equal $\lim_{x \to a} f(x)$. Limit captures 'approach' idea. Foundation of calculus: derivative and integral defined as limits. Intuitive: what value does function tend toward? Formal definition subtle but intuitive idea straightforward. Essential for understanding continuity, derivatives, integrals."
376,SL 5.1,SL 5.1b,Limit Laws and Properties,Understanding limit laws and their applications.,"Students learn about limit laws, understand how to apply them to evaluate limits, and work with limits of sums, differences, products, and quotients.","Learn, understand, apply",Paper 1 (limit laws),5 / 10,Students should be able to understand and apply limit laws to evaluate limits.,concepts,Using Limit Laws,"Limit laws let you break complex limits into simpler pieces. Evaluate simple limits, combine using laws. Like algebra but for limits. Powerful: reduces difficult limit to easier ones. Indeterminate forms ($\frac{0}{0}$, $\frac{\infty}{\infty}$) need different techniques (factoring, L'Hôpital). Understanding laws essential for systematic limit evaluation."
378,SL 5.1,SL 5.1c,Introduction to Differentiation,Understanding the concept of differentiation and the derivative.,"Students learn about the derivative as the limit of the difference quotient, understand the geometric meaning of the derivative, and learn basic differentiation concepts.","Learn, understand, apply",Paper 1 (introduction to differentiation),5 / 10,Students should be able to understand the concept of differentiation and the derivative.,concepts,The Derivative Concept,"Derivative = instantaneous rate of change. From average rate over interval to instantaneous at point (limit as interval → 0). Geometrically: tangent slope. Physically: velocity, acceleration, growth rate. Central concept in calculus. Transforms static functions to dynamic rates. Understanding derivative opens: optimization, motion analysis, change modeling. Revolution in mathematics."
380,SL 5.2,SL 5.2a,Basic Differentiation Rules,Understanding basic differentiation rules and their applications.,"Students learn about the power rule, constant rule, and sum/difference rules for differentiation, and apply these rules to find derivatives of simple functions.","Learn, understand, apply",Paper 1 (basic differentiation rules),5 / 10,Students should be able to understand and apply basic differentiation rules.,concepts,Differentiation Shortcuts,"Rules make differentiation mechanical—no limits needed! Power rule most important: bring power down, reduce power by 1. Linearity: derivative of sum = sum of derivatives. Combine rules for polynomials. These shortcuts derived from limit definition but memorize for speed. Foundation: all differentiation builds on these basic rules."
382,SL 5.2,SL 5.2b,Derivatives of Polynomial Functions,Understanding how to find derivatives of polynomial functions.,"Students learn to find derivatives of polynomial functions using the power rule, understand the relationship between degree and derivative, and apply these concepts.","Learn, understand, apply",Paper 1 (polynomial derivatives),5 / 10,Students should be able to find derivatives of polynomial functions.,concepts,Polynomial Derivative Patterns,"Differentiating polynomial: term-by-term using power rule. Each derivative reduces degree by 1. Eventually reach constant, then zero. Nth derivative of degree-n polynomial is constant. Understanding this pattern useful for higher derivatives. Polynomials easiest to differentiate—entirely mechanical process."
384,SL 5.2,SL 5.2c,Applications of Basic Differentiation,Applying basic differentiation to solve problems.,"Students learn to apply basic differentiation to solve problems involving rates of change, slopes of curves, and other applications.","Apply, solve, understand",Paper 1 (basic differentiation applications),5 / 10,Students should be able to apply basic differentiation to solve problems.,concepts,Derivatives Measure Change,"Derivative quantifies rate of change in any context. Economics: marginal analysis (cost, revenue, profit). Physics: velocity, acceleration, power. Biology: population growth rate. Engineering: rates of heat transfer, reaction rates. Understanding derivative as rate of change connects abstract calculus to concrete applications. Essential problem-solving tool."
386,SL 5.3,SL 5.3a,Product and Quotient Rules,Understanding the product and quotient rules for differentiation.,"Students learn about the product rule and quotient rule for differentiation, understand when to apply each rule, and practice using these rules.","Learn, understand, practice",Paper 1 (product quotient rules),6 / 10,Students should be able to understand and apply the product and quotient rules for differentiation.,concepts,When Products and Quotients,Product rule: when multiplying two functions. Quotient rule: when dividing. DON'T distribute derivative: $(fg)' \neq f'g'$! Common error. Quotient can use product rule with negative power (sometimes easier). Practice recognizing form. These rules extend differentiation beyond simple polynomials. Essential for rational and mixed functions.
388,SL 5.3,SL 5.3b,Chain Rule,Understanding the chain rule for differentiation.,"Students learn about the chain rule for differentiation, understand how to identify composite functions, and apply the chain rule to find derivatives.","Learn, understand, apply",Paper 1 (chain rule),6 / 10,Students should be able to understand and apply the chain rule for differentiation.,concepts,Chain Rule for Composition,Chain rule differentiates composite functions. 'Outside derivative times inside derivative'. Leibniz notation reveals structure: $\frac{dy}{dx} = \frac{dy}{du}\frac{du}{dx}$ (symbols 'cancel'). Essential for nested functions. Most functions in practice are composites! Master chain rule to differentiate complex functions. Most powerful differentiation rule.
390,SL 5.3,SL 5.3c,Applications of Advanced Differentiation,Applying advanced differentiation rules to solve problems.,"Students learn to apply the product, quotient, and chain rules to solve problems involving rates of change, optimization, and other applications.","Apply, solve, understand",Paper 1 (advanced differentiation applications),6 / 10,Students should be able to apply advanced differentiation rules to solve problems.,concepts,Real Derivative Applications,"Differentiation solves real problems: optimize (max profit, min cost), analyze motion (physics), find rates (chemistry), predict (marginal analysis). Combining rules handles complexity. Understanding which rule when becomes automatic with practice. Calculus transforms real problems to mathematical ones with systematic solution methods. Power of mathematical modeling."
392,SL 5.4,SL 5.4a,Implicit Differentiation,Understanding implicit differentiation and its applications.,"Students learn about implicit differentiation, understand how to find derivatives of implicitly defined functions, and apply this technique to solve problems.","Learn, understand, apply",Paper 1 (implicit differentiation),6 / 10,Students should be able to understand and apply implicit differentiation.,concepts,Why Implicit Differentiation?,"Some relations can't be solved for $y$ explicitly (circles, ellipses, complex curves). Implicit differentiation finds slope without solving for $y$! Treat $y$ as function of $x$, apply chain rule. Powerful technique: expands differentiation to implicit relations. Applications: related rates, curves not functions. Essential tool when explicit form unavailable."
394,SL 5.4,SL 5.4b,Related Rates,Understanding related rates problems and their solutions.,"Students learn about related rates problems, understand how to set up and solve these problems, and apply this technique to real-world situations.","Learn, understand, apply",Paper 1 (related rates),6 / 10,Students should be able to understand and solve related rates problems.,concepts,Understanding Related Rates,"Variables change together—their rates related. Chain rule connects rates. Key: differentiate with respect to TIME (or other independent variable), even if not explicit in equation. Drawing diagram helps visualize. Applications: expanding circles, falling ladders, filling tanks. Understanding how rates connect is practical calculus skill."
396,SL 5.4,SL 5.4c,Applications of Implicit Differentiation,Applying implicit differentiation to solve complex problems.,"Students learn to apply implicit differentiation to solve complex problems involving curves, optimization, and other applications.","Apply, solve, understand",Paper 1 (implicit differentiation applications),6 / 10,Students should be able to apply implicit differentiation to solve complex problems.,concepts,Implicit Techniques in Practice,"Implicit differentiation solves problems impossible with explicit methods. Circles, ellipses, complex curves: find tangents, normals, critical points. Combined with related rates: powerful problem-solving. Understanding when implicit needed (can't solve for $y$) important. These techniques expand calculus applicability greatly."
398,SL 5.5,SL 5.5a,Introduction to Integration,Understanding the concept of integration and the integral.,"Students learn about integration as the reverse of differentiation, understand the concept of the integral, and learn basic integration concepts.","Learn, understand, apply",Paper 1 (introduction to integration),5 / 10,Students should be able to understand the concept of integration and the integral.,concepts,Integration as Reverse Differentiation,"Integration 'undoes' differentiation. Given rate of change, find original function. Antiderivative not unique (+C accounts for vertical shifts). Geometric: area under curve (definite integral). Physical: velocity → position, acceleration → velocity. Understanding integration as anti-differentiation fundamental. Essential for: area, accumulation, solving differential equations."
400,SL 5.5,SL 5.5b,Basic Integration Rules,Understanding basic integration rules and their applications.,"Students learn about the power rule for integration, constant rule, and sum/difference rules for integration, and apply these rules to find integrals of simple functions.","Learn, understand, apply",Paper 1 (basic integration rules),5 / 10,Students should be able to understand and apply basic integration rules.,concepts,Integration Rules Pattern,"Power rule for integration: opposite of differentiation (add 1 to power, divide). Always add $+C$—infinitely many antiderivatives! Linearity: integrate term-by-term. These rules mirror differentiation rules. Master these for polynomial integration. Foundation: more complex integration builds on these basic rules."
402,SL 5.5,SL 5.5c,Applications of Basic Integration,Applying basic integration to solve problems.,"Students learn to apply basic integration to solve problems involving area under curves, displacement, and other applications.","Apply, solve, understand",Paper 1 (basic integration applications),5 / 10,Students should be able to apply basic integration to solve problems.,concepts,Integration for Accumulation,"Integration accumulates: area, distance, total quantity. Rate function → total via integration. Reverse of differentiation: from rate to total. Applications: distance from velocity, total revenue from marginal revenue, work from force. Understanding integration as accumulation connects calculus to real quantities. Second pillar of calculus."
404,SL 5.6,SL 5.6a,Integration by Substitution,Understanding integration by substitution and its applications.,"Students learn about integration by substitution, understand how to identify when to use substitution, and apply this technique to find integrals.","Learn, understand, apply",Paper 1 (integration by substitution),6 / 10,Students should be able to understand and apply integration by substitution.,concepts,U-Substitution Technique,Substitution simplifies integrals. Recognize pattern: function and its derivative. Choose $u$ to make integral simpler. Don't forget $du$! Definite integrals: change bounds OR substitute back. Most important integration technique. Practice recognizing when to substitute. Essential for integrating composite functions.
406,SL 5.6,SL 5.6b,Integration by Parts,Understanding integration by parts and its applications.,"Students learn about integration by parts, understand when to use this technique, and apply it to find integrals of products of functions.","Learn, understand, apply",Paper 1 (integration by parts),6 / 10,Students should be able to understand and apply integration by parts.,concepts,Integration by Parts Strategy,"For products of different function types. Product rule reverse. LIATE helps choose $u$. Sometimes need repeated application or clever algebraic manipulation. Reduction formulas for systematic approach. Harder than substitution—requires experience to recognize. Essential for integrating $x\sin x$, $\ln x$, etc."
408,SL 5.6,SL 5.6c,Applications of Advanced Integration,Applying advanced integration techniques to solve problems.,"Students learn to apply integration by substitution and integration by parts to solve problems involving area, volume, and other applications.","Apply, solve, understand",Paper 1 (advanced integration applications),6 / 10,Students should be able to apply advanced integration techniques to solve problems.,concepts,Advanced Integration Problem-Solving,"Real problems need technique choice: recognize form, choose appropriate method. Combine techniques for complex integrals. Understanding geometry helps setup (area, volume). Applications throughout science: work, center of mass, fluid pressure. Integration techniques essential toolkit. Practice builds pattern recognition and fluency."
410,SL 5.7,SL 5.7a,Definite Integrals,Understanding definite integrals and their properties.,"Students learn about definite integrals, understand the Fundamental Theorem of Calculus, and learn to evaluate definite integrals.","Learn, understand, evaluate",Paper 1 (definite integrals),6 / 10,Students should be able to understand and evaluate definite integrals.,concepts,Definite Integral Meaning,"Definite integral = exact area under curve from $a$ to $b$. Fundamental Theorem connects integration and differentiation! Find antiderivative, evaluate at bounds. Signed area: above axis positive, below negative. Applications: total distance, accumulated quantity, area between curves. Understanding FTC one of mathematics' great insights—unifies calculus."
412,SL 5.7,SL 5.7b,Applications of Definite Integrals,Applying definite integrals to solve problems.,"Students learn to apply definite integrals to solve problems involving area under curves, volume of revolution, and other applications.","Apply, solve, understand",Paper 1 (definite integral applications),6 / 10,Students should be able to apply definite integrals to solve problems.,concepts,Definite Integral Applications,"Integration computes: area (irregular shapes), volume (revolution), total change. Setup crucial: identify what's accumulated, integration limits. Geometric applications: areas, volumes, arc lengths. Physical: work, charge, mass. Economic: consumer surplus, total revenue. Understanding setup connects problem to integral. Calculus makes complex calculations systematic."
414,SL 5.7,SL 5.7c,Advanced Applications of Integration,Applying advanced integration concepts to solve complex problems.,"Students learn to apply advanced integration concepts to solve complex problems involving area, volume, work, and other applications.","Apply, solve, understand",Paper 1 (advanced integration applications),6 / 10,Students should be able to apply advanced integration concepts to solve complex problems.,concepts,Sophisticated Integration Applications,"Advanced applications: volumes (multiple methods), work against variable force, center of mass, surface area. Each requires: setup (identify differential element), integrate, interpret. Understanding physical/geometric meaning crucial for correct setup. These applications demonstrate calculus power for real problems. Engineering and physics rely heavily on these techniques."
416,SL 5.8,SL 5.8a,Integration Techniques,Understanding various integration techniques and their applications.,"Students learn about different integration techniques, understand when to use each technique, and apply these techniques to solve integration problems.","Learn, understand, apply",Paper 1 (integration techniques),6 / 10,Students should be able to understand and apply various integration techniques.,concepts,Choosing Integration Methods,Pattern recognition key: what form suggests which technique? Composite function → substitution. Product of different types → parts. Rational → partial fractions. Practice builds intuition. Sometimes multiple techniques work—choose simplest. Integration harder than differentiation (no universal algorithm). Understanding techniques expands solvable integral range.
418,SL 5.8,SL 5.8b,Partial Fractions,Understanding integration using partial fractions.,"Students learn about partial fractions, understand how to decompose rational functions, and apply this technique to integrate rational functions.","Learn, understand, apply",Paper 1 (partial fractions),6 / 10,Students should be able to understand and apply partial fractions for integration.,concepts,Partial Fractions for Integration,"Rational functions: decompose into simpler fractions, integrate each. Essential technique: makes impossible integrals possible. Setup: proper fraction (degree numerator < denominator), factor denominator completely. Solve for constants systematically. Advanced topic but powerful. Connects algebra (factoring) to calculus (integration)."
420,SL 5.8,SL 5.8c,Applications of Integration Techniques,Applying various integration techniques to solve problems.,"Students learn to apply different integration techniques to solve problems involving area, volume, and other applications.","Apply, solve, understand",Paper 1 (integration technique applications),6 / 10,Students should be able to apply various integration techniques to solve problems.,concepts,Integration Technique Mastery,"Fluency requires: recognize form instantly, choose technique automatically. Build mental library of standard integrals and their methods. Practice diverse problems. Sometimes trial-and-error needed. Understanding when each technique applies crucial. Integration artform and science—experience essential."
422,SL 5.9,SL 5.9a,Area Under Curves,Understanding how to find area under curves using integration.,"Students learn to find area under curves using definite integrals, understand the relationship between integration and area, and apply this concept to solve problems.","Learn, understand, apply",Paper 1 (area under curves),6 / 10,Students should be able to find area under curves using integration.,concepts,Area as Geometric Application,Integration provides exact area for any curve. Approximation (rectangles) → exact (limit). Handle sign carefully: geometric area always positive. Sketch graph first—visualize region. Find intersection points algebraically. Understanding area calculation fundamental geometric application of integration.
424,SL 5.9,SL 5.9b,Volume of Revolution,Understanding how to find volume of revolution using integration.,"Students learn to find volume of revolution using definite integrals, understand different methods (disk and shell), and apply these concepts to solve problems.","Learn, understand, apply",Paper 1 (volume of revolution),6 / 10,Students should be able to find volume of revolution using integration.,concepts,Revolution Creates Solids,"Rotate curve around axis → 3D solid. Integration sums infinite thin disks/shells. Disk: perpendicular to axis. Shell: parallel to axis. Choose method based on convenience. Sketch helps visualize. Applications: designing containers, structural elements. Understanding revolution geometry essential for setup."
426,SL 5.9,SL 5.9c,Applications of Area and Volume,Applying area and volume concepts to solve real-world problems.,"Students learn to apply area and volume concepts to solve real-world problems, understand practical applications, and model real-world situations.","Apply, solve, model",Paper 1 (area volume applications),6 / 10,Students should be able to apply area and volume concepts to solve real-world problems.,concepts,Practical Area/Volume Problems,"Integration calculates real quantities: water tank capacity, paint needed for irregular surface, land area from survey. Setup from physical description. Understanding geometry → mathematical model. These applications show calculus utility. Engineering design, architecture, manufacturing use these calculations. Mathematics models physical world."
428,SL 5.10,SL 5.10a,Integration by Parts,Understanding integration by parts and its applications.,"Students learn about integration by parts, understand when to use this technique, and apply it to find integrals of products of functions.","Learn, understand, apply",Paper 1 (integration by parts),6 / 10,Students should be able to understand and apply integration by parts.,concepts,Parts for Products,Parts integrates products where substitution doesn't work. LIATE guides choice to make $\int v du$ simpler than original. Sometimes need multiple applications. Tabular method speeds up repeated parts. Understanding when/how to use parts expands integration capability. Essential for logarithmic and inverse trig integrals.
430,SL 5.10,SL 5.10b,Advanced Integration Techniques,Understanding advanced integration techniques and their applications.,"Students learn about advanced integration techniques, understand when to use each technique, and apply these techniques to solve complex integration problems.","Learn, understand, apply",Paper 1 (advanced integration techniques),6 / 10,Students should be able to understand and apply advanced integration techniques.,concepts,Integration Technique Synthesis,Mastery requires knowing all techniques and when to apply each. Build integration toolkit through practice. Sometimes need creative manipulation before integrating. Understanding multiple approaches provides flexibility. Integration challenging but rewarding—solving difficult integral satisfying. These skills essential for advanced mathematics.
432,SL 5.10,SL 5.10c,Applications of Advanced Integration,Applying advanced integration techniques to solve complex problems.,"Students learn to apply advanced integration techniques to solve complex problems involving area, volume, work, and other applications.","Apply, solve, understand",Paper 1 (advanced integration applications),6 / 10,Students should be able to apply advanced integration techniques to solve complex problems.,concepts,Calculus as Unified Tool,Real problems rarely need single technique—synthesis required. Differentiate to find rates/extrema. Integrate for totals/areas. Combine for complex applications. Calculus provides systematic framework for continuous change. Understanding when/how to apply each concept essential. This integration of techniques is true mathematical modeling. Calculus transforms problems into solvable mathematics.
434,AHL 3.17,AHL 3.17a,Advanced Three-Dimensional Geometry,Understanding advanced concepts in three-dimensional geometry.,"Students learn about advanced three-dimensional geometric concepts, including complex spatial relationships, advanced coordinate systems, and geometric transformations in 3D space.","Learn, understand, apply",Paper 1 (advanced 3D geometry),7 / 10,Students should be able to understand and work with advanced three-dimensional geometric concepts.,concepts,Complex 3D Spatial Relationships,"Advanced 3D: skew lines (not parallel, don't intersect), dihedral angles (between planes), distance formulas. Vector methods powerful for 3D problems. Understanding spatial relationships in 3D more abstract than 2D. Applications: crystallography, computer graphics, structural engineering. Rich geometric structure in three dimensions."
436,AHL 3.17,AHL 3.17b,Advanced Plane and Line Relationships,Understanding advanced relationships between planes and lines in 3D space.,"Students learn about advanced relationships between planes and lines, including skew lines, parallel planes, and complex intersection problems in three-dimensional space.","Learn, understand, solve",Paper 1 (advanced plane line relationships),7 / 10,Students should be able to understand and solve advanced problems involving planes and lines in 3D space.,concepts,3D Configuration Analysis,"Understanding all possible configurations: intersecting, parallel, skew (lines only), perpendicular. Each has geometric and algebraic characterization. Vector methods unified approach. Applications: line-of-sight problems, structural analysis, robotics. Spatial reasoning in 3D essential skill for advanced geometry."
438,AHL 3.17,AHL 3.17c,Applications of Advanced 3D Geometry,Applying advanced three-dimensional geometry to solve complex problems.,"Students learn to apply advanced three-dimensional geometry concepts to solve complex problems in mathematics, physics, and engineering.","Apply, solve, model",Paper 1 (advanced 3D applications),7 / 10,Students should be able to apply advanced three-dimensional geometry to solve complex problems.,concepts,3D Geometry in Real Applications,"Advanced 3D geometry models: flight paths (air traffic control), molecular structures (chemistry), mechanical linkages (engineering), computer graphics (3D rendering). Vector approach provides elegant solutions. Understanding 3D relationships essential for: architecture, robotics, physics simulations. Mathematics describes spatial reality precisely."
440,AHL 3.18,AHL 3.18a,Complex Three-Dimensional Problems,Understanding and solving complex three-dimensional geometric problems.,"Students learn to solve complex three-dimensional geometric problems involving multiple planes, lines, and spatial relationships.","Learn, solve, understand",Paper 1 (complex 3D problems),7 / 10,Students should be able to solve complex three-dimensional geometric problems.,concepts,Solving Complex 3D Problems,"Multiple objects interact: planes intersect in lines, lines intersect planes. Systematic approach: equations for each object, solve system. Vector methods handle complexity. Visualization challenging—rely on algebraic methods. Understanding configuration possibilities (parallel, intersecting, skew) guides solution. Advanced spatial problem-solving."
442,AHL 3.18,AHL 3.18b,Advanced Spatial Analysis,Understanding advanced spatial analysis techniques in three dimensions.,"Students learn about advanced spatial analysis techniques, including distance calculations, angle measurements, and volume calculations in complex three-dimensional scenarios.","Learn, understand, calculate",Paper 1 (advanced spatial analysis),7 / 10,Students should be able to perform advanced spatial analysis in three dimensions.,concepts,Quantifying 3D Space,"Spatial analysis: measure distances, angles, volumes in 3D. Vector algebra provides tools. Cross product for areas/perpendicularity. Dot product for angles/projections. Triple scalar product for volumes. These calculations essential for: surveying, navigation, engineering design. Mathematics quantifies space precisely."
444,AHL 3.18,AHL 3.18c,Applications of Complex 3D Geometry,Applying complex three-dimensional geometry to real-world problems.,"Students learn to apply complex three-dimensional geometry concepts to solve real-world problems in architecture, engineering, and other fields.","Apply, solve, model",Paper 1 (complex 3D applications),7 / 10,Students should be able to apply complex three-dimensional geometry to solve real-world problems.,concepts,3D Geometry Powers Technology,"Modern technology built on 3D geometry: GPS triangulation, computer graphics rendering, robotic motion planning, structural engineering. Vector/matrix methods computationally efficient. Understanding 3D mathematics enables: design software, simulations, animations. Abstract geometry has concrete technological applications. Mathematics foundation of spatial technology."
446,SL 5.11,SL 5.11a,Advanced Integration Techniques,Understanding advanced integration techniques and their applications.,"Students learn about advanced integration techniques including trigonometric substitutions, integration of rational functions, and other complex integration methods.","Learn, understand, apply",Paper 1 (advanced integration techniques),6 / 10,Students should be able to understand and apply advanced integration techniques.,concepts,Advanced Integration Arsenal,"Trig substitution handles radicals. Partial fractions decomposes rationals. Combine with substitution/parts for complex integrals. Integration tables help but understanding derivation better. Practice recognizing patterns. These advanced techniques complete integration toolkit. Essential for physics, engineering integrals."
448,SL 5.11,SL 5.11b,Definite Integrals and Applications,Understanding definite integrals and their applications to real-world problems.,"Students learn to evaluate complex definite integrals, understand the Fundamental Theorem of Calculus, and apply definite integrals to solve problems involving area, volume, and other applications.","Learn, understand, apply",Paper 1 (definite integrals applications),6 / 10,Students should be able to understand and apply definite integrals to solve problems.,concepts,Definite Integrals in Practice,"FTC makes evaluation mechanical: find antiderivative, plug in bounds. Properties simplify: split integrals, factor constants. Applications: any accumulated quantity from rate. Numerical methods when antiderivative unknown (Simpson's, trapezoidal). Understanding definite integrals essential for applied calculus. Bridge from theory to computation."
450,SL 5.11,SL 5.11c,Integration Problem Solving,Applying integration techniques to solve complex problems.,"Students learn to apply various integration techniques to solve complex problems, choose appropriate methods, and solve real-world problems using integration.","Apply, choose, solve",Paper 1 (integration problem solving),6 / 10,Students should be able to apply integration techniques to solve complex problems.,concepts,Developing Integration Fluency,"Integration mastery through extensive practice. Recognize patterns instantly. Try technique, if stuck, try another. Build mental catalog of standard integrals. Understanding when to give up and use numerical methods. Integration hardest part of calculus—requires persistence. Reward: solve problems unsolvable by algebra alone."
452,AHL 5.12,AHL 5.12a,Advanced Limits,Understanding advanced limit concepts and techniques.,"Students learn about advanced limit concepts including L'Hôpital's rule, limits at infinity, and techniques for evaluating complex limits.","Learn, understand, evaluate",Paper 1 (advanced limits),7 / 10,Students should be able to understand and evaluate advanced limits.,concepts,L'Hôpital for Indeterminate Forms,L'Hôpital's rule powerful for indeterminate forms. Differentiate numerator and denominator separately (not quotient rule!). Check form qualifies. May need multiple applications. Alternative: series expansion (Taylor). Understanding when applicable crucial—not for determinate forms! Essential tool for limit evaluation.
454,AHL 5.12,AHL 5.12b,Continuity and Differentiability,Understanding continuity and differentiability in advanced contexts.,"Students learn about continuity and differentiability of complex functions, understand the relationship between continuity and differentiability, and analyze function behavior.","Learn, understand, analyze",Paper 1 (continuity differentiability),7 / 10,Students should be able to understand continuity and differentiability in advanced contexts.,concepts,Function Regularity Hierarchy,"Differentiable implies continuous, but not vice versa. Continuity: no breaks. Differentiability: smooth (no corners). Understanding this relationship essential for analysis. Piecewise functions often continuous but not differentiable at transitions. Applications: optimization requires differentiability. Theoretical foundation of calculus."
456,AHL 5.12,AHL 5.12c,Advanced Differentiation Concepts,Understanding advanced differentiation concepts and applications.,"Students learn about advanced differentiation concepts including higher-order derivatives, implicit differentiation, and parametric differentiation.","Learn, understand, apply",Paper 1 (advanced differentiation concepts),7 / 10,Students should be able to understand and apply advanced differentiation concepts.,concepts,Beyond First Derivatives,"Second derivative: rate of change of rate (acceleration from velocity). Concavity describes bending. Inflection points: concavity changes. Higher derivatives: patterns in Taylor series. Parametric differentiation: curves not functions. Understanding higher derivatives enriches function analysis. Essential for curve sketching, optimization verification."
458,AHL 5.13,AHL 5.13a,Advanced Limit Applications,Applying advanced limit concepts to solve complex problems.,"Students learn to apply advanced limit concepts to solve complex problems involving indeterminate forms, asymptotic behavior, and function analysis.","Apply, solve, analyze",Paper 1 (advanced limit applications),7 / 10,Students should be able to apply advanced limit concepts to solve complex problems.,concepts,Limits Analyze Behavior,"Limits describe asymptotic behavior: what happens at extremes? Compare growth rates: polynomial vs exponential vs logarithmic. Understanding limits essential for: algorithm analysis (computer science), asymptotic approximations (physics), series convergence. Limits foundational for rigorous analysis."
460,AHL 5.13,AHL 5.13b,Series and Sequences,Understanding series and sequences in the context of calculus.,"Students learn about infinite series, convergence tests, and the relationship between series and limits in calculus.","Learn, understand, analyze",Paper 1 (series sequences),7 / 10,Students should be able to understand series and sequences in calculus.,concepts,Series as Infinite Sums,"Series extends finite sums to infinity. Converges if partial sums approach limit. Powerful: represent functions as infinite sums (Taylor/Maclaurin). Applications: approximations, solving differential equations, signal processing. Convergence crucial—divergent series meaningless. Understanding series fundamental for advanced calculus and analysis."
462,AHL 5.13,AHL 5.13c,Advanced Calculus Applications,Applying advanced calculus concepts to solve complex problems.,"Students learn to apply advanced calculus concepts including limits, series, and sequences to solve complex mathematical problems.","Apply, solve, understand",Paper 1 (advanced calculus applications),7 / 10,Students should be able to apply advanced calculus concepts to solve complex problems.,concepts,Series Representations,"Taylor series represents functions as infinite polynomials. Approximation: truncate for polynomial approximation. Convergence: within radius. Applications: numerical computation, solving equations, approximations. Understanding series opens: numerical analysis, special functions. Profound connection between algebra and analysis."
464,AHL 5.14,AHL 5.14a,Advanced Differentiation Rules,Understanding advanced differentiation rules and their applications.,"Students learn about advanced differentiation rules including the chain rule for multiple variables, implicit differentiation, and parametric differentiation.","Learn, understand, apply",Paper 1 (advanced differentiation rules),7 / 10,Students should be able to understand and apply advanced differentiation rules.,concepts,Specialized Differentiation Methods,"Parametric, logarithmic, inverse: each handles specific function types. Parametric: separates x and y dependencies. Logarithmic: simplifies products/quotients/powers. Inverse: relates function and inverse derivatives. Understanding these expands differentiable function range. Essential for advanced applications."
466,AHL 5.14,AHL 5.14b,Optimization Problems,Understanding and solving optimization problems using calculus.,"Students learn to solve optimization problems using calculus techniques, understand constraints, and find maximum and minimum values of functions.","Learn, solve, optimize",Paper 1 (optimization problems),7 / 10,Students should be able to solve optimization problems using calculus.,concepts,Multi-Variable Optimization,"Real optimization often multi-variable. Partial derivatives: rate in each direction. Critical points: all partials = 0. Second derivative test more complex (Hessian matrix). Lagrange multipliers elegant for constraints. Applications: economics (utility maximization), engineering (design optimization). Advanced but powerful."
468,AHL 5.14,AHL 5.14c,Advanced Differentiation Applications,Applying advanced differentiation to solve complex problems.,"Students learn to apply advanced differentiation techniques to solve complex problems in mathematics, physics, and engineering.","Apply, solve, model",Paper 1 (advanced differentiation applications),7 / 10,Students should be able to apply advanced differentiation to solve complex problems.,concepts,Differentiation in Advanced Contexts,"Advanced applications: Newton's method finds roots iteratively, Taylor series approximates functions locally, curvature measures bending. Physics: differential equations model motion, heat, waves. Engineering: optimization, control systems. Understanding advanced differentiation opens higher mathematics and applications. Foundation for differential geometry, physics."
470,AHL 5.15,AHL 5.15a,Advanced Integration Techniques,Understanding advanced integration techniques and their applications.,"Students learn about advanced integration techniques including integration by parts, trigonometric substitutions, and partial fractions for complex functions.","Learn, understand, apply",Paper 1 (advanced integration techniques),7 / 10,Students should be able to understand and apply advanced integration techniques.,concepts,Master Level Integration,"Most sophisticated techniques: Weierstrass substitution, complex partial fractions, reduction formulas. Combine multiple techniques. Sometimes algebraic manipulation key. Understanding full toolkit makes most integrals tractable. Advanced but completes integration education. Essential for theoretical physics, advanced engineering."
472,AHL 5.15,AHL 5.15b,Improper Integrals,Understanding improper integrals and their evaluation.,"Students learn about improper integrals, understand when they converge or diverge, and learn techniques for evaluating improper integrals.","Learn, understand, evaluate",Paper 1 (improper integrals),7 / 10,Students should be able to understand and evaluate improper integrals.,concepts,Beyond Finite Integration,"Improper integrals extend to infinite intervals or unbounded functions. Convergence as limit. Not all converge! $\int_1^\infty \frac{1}{x}dx$ diverges, $\int_1^\infty \frac{1}{x^2}dx$ converges. Comparison test helps determine convergence. Applications: probability (continuous distributions), physics (potentials). Understanding convergence essential—infinite doesn't mean undefined!"
474,AHL 5.15,AHL 5.15c,Advanced Integration Applications,Applying advanced integration to solve complex problems.,"Students learn to apply advanced integration techniques to solve complex problems involving area, volume, work, and other applications.","Apply, solve, understand",Paper 1 (advanced integration applications),7 / 10,Students should be able to apply advanced integration to solve complex problems.,concepts,Integration at Highest Level,"Advanced applications: arc length, surface area, moments, Fourier coefficients. Each requires: sophisticated setup, advanced integration techniques, careful evaluation. Real engineering calculations. Understanding these demonstrates integration power for complex geometric/physical quantities. Culmination of integration study."
476,AHL 5.16,AHL 5.16a,Advanced Definite Integrals,Understanding advanced concepts in definite integrals.,"Students learn about advanced definite integral concepts including the Fundamental Theorem of Calculus, properties of definite integrals, and advanced evaluation techniques.","Learn, understand, evaluate",Paper 1 (advanced definite integrals),7 / 10,Students should be able to understand and work with advanced definite integrals.,concepts,Deep FTC Understanding,"FTC profound: integration and differentiation are inverses! Part 1: integral as function, derivative recovers integrand. Part 2: evaluation formula. These unite calculus. Understanding FTC deeply: accumulation function, variable limits. Extensions: Leibniz rule (differentiation under integral). Theoretical heart of calculus."
478,AHL 5.16,AHL 5.16b,Integration Applications,Applying definite integrals to solve complex problems.,"Students learn to apply definite integrals to solve complex problems involving area between curves, volume of revolution, arc length, and surface area.","Apply, solve, calculate",Paper 1 (integration applications),7 / 10,Students should be able to apply definite integrals to solve complex problems.,concepts,Integration Application Mastery,"Comprehensive applications demonstrate integration versatility. Each application type has: standard setup, integration technique, interpretation. From simple areas to complex surface areas. Understanding all applications shows calculus breadth. These calculations power: engineering design, physics computations, economic analysis. Integration indispensable tool."
480,AHL 5.16,AHL 5.16c,Advanced Integration Problem Solving,Applying advanced integration concepts to solve complex problems.,"Students learn to apply advanced integration concepts to solve complex problems, choose appropriate techniques, and solve real-world problems.","Apply, choose, solve",Paper 1 (advanced integration problem solving),7 / 10,Students should be able to apply advanced integration concepts to solve complex problems.,concepts,Integration Problem-Solving Mastery,"Expert integration: instant pattern recognition, technique selection, execution. Build experience through varied practice. Understand why each technique works. Sometimes multiple paths—choose simplest. Persistence crucial—some integrals require creativity. Mastery enables tackling any integral. Crown jewel of calculus skill."
482,AHL 5.17,AHL 5.17a,Advanced Integration Techniques,Understanding the most advanced integration techniques and their applications.,"Students learn about the most advanced integration techniques including advanced trigonometric substitutions, integration of rational functions with complex denominators, and other sophisticated methods.","Learn, understand, apply",Paper 1 (most advanced integration),7 / 10,Students should be able to understand and apply the most advanced integration techniques.,concepts,Beyond Elementary Integration,"Not all integrals have elementary antiderivatives! Special functions defined by integrals. Numerical methods when analytical fails. Integral transforms powerful for differential equations. Understanding limitations: when to use numerical/special functions. Integration connects to higher mathematics: complex analysis, functional analysis."
484,AHL 5.17,AHL 5.17b,Complex Integration Problems,Solving complex integration problems using multiple techniques.,"Students learn to solve complex integration problems that require multiple techniques, understand when to use each method, and combine techniques effectively.","Solve, understand, combine",Paper 1 (complex integration problems),7 / 10,Students should be able to solve complex integration problems using multiple techniques.,concepts,Integration as Problem-Solving,"Challenging integrals require: pattern recognition, strategic thinking, technique combination, persistence. No universal algorithm—artform! Understanding structure guides technique choice. Build problem-solving skills through challenging problems. Integration develops mathematical maturity. These skills transfer: general problem-solving, analytical thinking."
486,AHL 5.17,AHL 5.17c,Advanced Integration Applications,Applying the most advanced integration techniques to solve complex problems.,"Students learn to apply the most advanced integration techniques to solve complex problems in mathematics, physics, and engineering.","Apply, solve, model",Paper 1 (most advanced integration applications),7 / 10,Students should be able to apply the most advanced integration techniques to solve complex problems.,concepts,Integration in Advanced Mathematics,"Highest-level integration applications: Fourier/Laplace transforms (engineering), path integrals (quantum mechanics), Green's functions (PDEs). Integration foundation for: signal processing, quantum physics, advanced probability. Understanding integration opens entire branches of mathematics and physics. Ultimate mathematical tool."
488,AHL 5.18,AHL 5.18a,Introduction to Differential Equations,Understanding differential equations and their basic concepts.,"Students learn about differential equations, understand basic types of differential equations, and learn to solve simple differential equations.","Learn, understand, solve",Paper 1 (differential equations introduction),7 / 10,Students should be able to understand and solve basic differential equations.,concepts,What are Differential Equations?,"DE: equation with derivatives, not just variables. Models dynamic systems: rate of change depends on current state. Solution: function satisfying equation. Initial conditions determine specific solution. Applications everywhere: population growth, radioactive decay, circuits, springs. Understanding DEs essential for modeling change. Most important equations in applied math."
490,AHL 5.18,AHL 5.18b,Methods for Solving Differential Equations,Understanding methods for solving differential equations.,"Students learn about various methods for solving differential equations including separation of variables, integrating factors, and other techniques.","Learn, understand, apply",Paper 1 (differential equation methods),7 / 10,Students should be able to understand and apply methods for solving differential equations.,concepts,Solving Differential Equations,"Each DE type has specific solution method. Separable: easiest, separate variables and integrate. Linear: integrating factor technique. Recognize type, apply appropriate method. Unlike algebraic equations—solution is function! Verification: substitute back. Understanding methods essential for modeling. DEs bridge calculus and real applications."
492,AHL 5.18,AHL 5.18c,Applications of Differential Equations,Applying differential equations to solve real-world problems.,"Students learn to apply differential equations to model and solve real-world problems in physics, biology, economics, and other fields.","Apply, model, solve",Paper 1 (differential equation applications),7 / 10,Students should be able to apply differential equations to solve real-world problems.,concepts,DEs Model Dynamic Systems,"Differential equations fundamental modeling tool. Physics: motion, circuits, waves, heat. Biology: population dynamics, epidemics. Economics: growth models, supply-demand. Set up DE from physical law, solve, interpret. Understanding DEs essential for science/engineering. Calculus becomes language of change and dynamics."
494,AHL 5.19,AHL 5.19a,Advanced Limit Concepts,Understanding the most advanced limit concepts and techniques.,"Students learn about the most advanced limit concepts including advanced L'Hôpital's rule applications, limits involving infinity, and sophisticated limit evaluation techniques.","Learn, understand, evaluate",Paper 1 (most advanced limits),7 / 10,Students should be able to understand and evaluate the most advanced limit concepts.,concepts,Rigorous Limit Theory,Epsilon-delta: rigorous limit definition. For every $\epsilon > 0$ exists $\delta > 0$ such that... Theoretical foundation of calculus. Squeeze theorem powerful for difficult limits. Series methods when L'Hôpital fails. Understanding rigorous theory separates intuitive from formal mathematics. Foundation for real analysis.
496,AHL 5.19,AHL 5.19b,Advanced Calculus Theory,Understanding advanced calculus theory and its applications.,"Students learn about advanced calculus theory including rigorous definitions, advanced theorems, and their applications to complex mathematical problems.","Learn, understand, apply",Paper 1 (advanced calculus theory),7 / 10,Students should be able to understand advanced calculus theory and its applications.,concepts,Theoretical Foundations,"Major theorems provide rigorous calculus foundation. MVT: connects derivative to average rate. EVT: guarantees optimization solutions. IVT: guarantees intermediate values. Understanding these theorems: when results guaranteed, why techniques work. Transitions from computational to theoretical mathematics. Foundation for advanced analysis."
498,AHL 5.19,AHL 5.19c,Advanced Calculus Applications,Applying the most advanced calculus concepts to solve complex problems.,"Students learn to apply the most advanced calculus concepts to solve complex problems in mathematics, physics, and engineering.","Apply, solve, model",Paper 1 (most advanced calculus applications),7 / 10,Students should be able to apply the most advanced calculus concepts to solve complex problems.,concepts,Calculus Culmination,"Advanced calculus opens: multivariable (real-world is 3D+), vector fields (fluid flow, electromagnetism), differential geometry (relativity), calculus of variations (optimization). Single-variable calculus foundation for all these. Understanding calculus deeply enables: theoretical physics, advanced engineering, mathematical modeling. Calculus as universal language of continuous change. Journey from limits to transforming our understanding of the universe."
1,SL 1.1,SL 1.1a,Understanding Powers of 10 and Place Value,Recognizing how powers of 10 represent scale and position within our number system.,Students explore how repeated multiplication/division by 10 shifts decimal places and connects to exponent notation.,"Understand, represent",Paper 1 (non-calculator),2 / 10,Students should be able to express integers and decimals as powers of 10 and interpret their magnitudes conceptually.,formulas,Powers of 10 Notation,"$$10^n = \underbrace{10 \times 10 \times \cdots \times 10}_{n \text{ times}}$$ $$10^{-n} = \frac{1}{10^n}$$ $$10^0 = 1$$ Examples: $$1000 = 10^3, \quad 0.01 = 10^{-2}, \quad 5000 = 5 \times 10^3$$"
3,SL 1.1,SL 1.1b,Converting Between Standard and Scientific Form,Translating numbers between decimal and scientific representations while maintaining precision.,"Practice expressing quantities as a × 10ᵏ (1 ≤ a < 10, k ∈ ℤ) and back; handle positive and negative exponents accurately.","Apply, convert, estimate",Paper 1 (symbolic accuracy),3 / 10,Students should be able to convert any number between forms and identify correct significant figures and exponents.,formulas,Scientific Notation Formula,"$$a \times 10^k \text{ where } 1 \leq |a| < 10, \, k \in \mathbb{Z}$$ Examples: $$6\,500\,000 = 6.5 \times 10^6$$ $$0.000042 = 4.2 \times 10^{-5}$$ $$-0.0078 = -7.8 \times 10^{-3}$$"
5,SL 1.1,SL 1.1c,Applying Orders of Magnitude in Context,"Using scientific notation to compare, model, and estimate real-world quantities.","Students use scientific notation to compare vastly different scales (atoms, planets, GDP, etc.) and make order-of-magnitude estimates.","Model, interpret, estimate",Paper 2 (contextual application),4 / 10,Students should be able to apply orders of magnitude reasoning to contextual problems and justify the appropriateness of their approximations.,formulas,Order of Magnitude Comparison,$$\text{Ratio} = \frac{a_1 \times 10^{k_1}}{a_2 \times 10^{k_2}} = \frac{a_1}{a_2} \times 10^{k_1 - k_2}$$ Example: $$\frac{9 \times 10^8}{3 \times 10^{-5}} = 3 \times 10^{13}$$ (13 orders of magnitude difference)
7,SL 1.2,SL 1.2a,Introduction to Arithmetic Sequences,Understanding the pattern and structure of arithmetic sequences.,"Students identify common differences, write general terms, and recognize arithmetic sequences in real contexts.","Identify, recognize, apply",Paper 1 (pattern recognition),3 / 10,Students should be able to identify arithmetic sequences and find the common difference and first term.,formulas,Arithmetic Sequence Definition,"$$u_n = u_1 + (n-1)d$$ where: $u_n$ = nth term, $u_1$ = first term, $d$ = common difference, $n$ = term position. Pattern: $u_1, u_1+d, u_1+2d, u_1+3d, \ldots$ Example: $3, 7, 11, 15, \ldots$ has $u_1=3$, $d=4$"
9,SL 1.2,SL 1.2b,Arithmetic Sequence Formulae and Applications,Applying the nth term and sum formulae for arithmetic sequences.,Students derive and use uₙ = u₁ + (n-1)d and Sₙ = n/2[2u₁ + (n-1)d] to solve problems including simple interest.,"Apply, calculate, solve",Paper 1 (formula application),4 / 10,Students should be able to find any term and sum of arithmetic sequences using appropriate formulae.,formulas,Arithmetic Sum Formula,"$$S_n = \frac{n}{2}[2u_1 + (n-1)d]$$ or $$S_n = \frac{n}{2}(u_1 + u_n)$$ where $S_n$ = sum of first $n$ terms. Example: Sum of first 10 terms of $2, 5, 8, \ldots$: $$S_{10} = \frac{10}{2}[2(2) + 9(3)] = 155$$"
11,SL 1.2,SL 1.2c,Sigma Notation and Arithmetic Series,Understanding and using sigma notation for arithmetic series.,"Students learn to write arithmetic series using Σ notation and evaluate sums, connecting to real-world applications.","Represent, evaluate, interpret",Paper 1 (notation and calculation),5 / 10,Students should be able to express arithmetic series in sigma notation and evaluate sums accurately.,formulas,Sigma Notation for Arithmetic Series,$$\sum_{k=1}^{n} [u_1 + (k-1)d] = \sum_{k=1}^{n} u_k = S_n$$ Example: $$\sum_{k=1}^{5} (3 + 2k) = 5 + 7 + 9 + 11 + 13 = 45$$ General: $$\sum_{k=1}^{n} (a + bk) = na + b\frac{n(n+1)}{2}$$
13,SL 1.3,SL 1.3a,Introduction to Geometric Sequences,Understanding the pattern and structure of geometric sequences.,"Students identify common ratios, write general terms, and recognize geometric sequences in contexts like population growth.","Identify, recognize, apply",Paper 1 (pattern recognition),3 / 10,Students should be able to identify geometric sequences and find the common ratio and first term.,formulas,Geometric Sequence Definition,"$$u_n = u_1 \cdot r^{n-1}$$ where: $u_n$ = nth term, $u_1$ = first term, $r$ = common ratio, $n$ = term position. Pattern: $u_1, u_1r, u_1r^2, u_1r^3, \ldots$ Example: $2, 6, 18, 54, \ldots$ has $u_1=2$, $r=3$"
15,SL 1.3,SL 1.3b,Geometric Sequence Formulae and Applications,Applying the nth term and sum formulae for geometric sequences.,"Students derive and use uₙ = u₁r^(n-1) and Sₙ = u₁(r^n - 1)/(r - 1) for r ≠ 1, including compound interest applications.","Apply, calculate, solve",Paper 1 (formula application),4 / 10,Students should be able to find any term and sum of geometric sequences using appropriate formulae.,formulas,Geometric Sum Formula,"$$S_n = \frac{u_1(r^n - 1)}{r - 1} = \frac{u_1(1 - r^n)}{1 - r}, \quad r \neq 1$$ If $r=1$: $S_n = nu_1$ Example: Sum of $3, 6, 12, 24, 48$: $$S_5 = \frac{3(2^5 - 1)}{2-1} = 3(31) = 93$$"
17,SL 1.3,SL 1.3c,Sigma Notation and Geometric Series,Understanding and using sigma notation for geometric series.,"Students learn to write geometric series using Σ notation and evaluate sums, connecting to exponential growth models.","Represent, evaluate, interpret",Paper 1 (notation and calculation),5 / 10,Students should be able to express geometric series in sigma notation and evaluate sums accurately.,formulas,Sigma Notation for Geometric Series,$$\sum_{k=0}^{n-1} u_1 r^k = u_1 + u_1r + u_1r^2 + \cdots + u_1r^{n-1} = \frac{u_1(r^n-1)}{r-1}$$ Example: $$\sum_{k=0}^{4} 5 \cdot 2^k = 5(1+2+4+8+16) = 155$$
19,SL 1.4,SL 1.4a,Financial Applications of Geometric Sequences,Understanding compound interest as a geometric sequence application.,"Students explore how compound interest grows exponentially, connecting geometric sequences to real financial contexts.","Model, interpret, apply",Paper 2 (financial applications),4 / 10,Students should be able to model compound interest problems using geometric sequences and calculate investment values.,formulas,Compound Interest Formula,"$$A = P(1 + r)^n$$ or $$A = P\left(1 + \frac{r}{k}\right)^{nk}$$ where: $A$ = final amount, $P$ = principal, $r$ = annual rate, $n$ = years, $k$ = compounds per year. Example: $$\$1000 \text{ at } 5\% \text{ for } 3 \text{ years: } A = 1000(1.05)^3 = \$1157.63$$"
21,SL 1.4,SL 1.4b,Annual Depreciation and Investment Analysis,Applying geometric sequences to depreciation and investment calculations.,Students calculate annual depreciation rates and analyze real investment values with inflation considerations.,"Calculate, analyze, interpret",Paper 2 (contextual problems),5 / 10,Students should be able to calculate depreciation and real investment values using geometric sequence principles.,formulas,Depreciation Formula,"$$V_n = V_0(1 - r)^n$$ where: $V_n$ = value after $n$ years, $V_0$ = initial value, $r$ = depreciation rate. Real value with inflation: $$V_{real} = \frac{V_n}{(1+i)^n}$$ where $i$ = inflation rate. Example: Car worth $\$20{,}000$ depreciating 15%/year: $V_3 = 20000(0.85)^3 = \$12{,}282.50$"
23,SL 1.4,SL 1.4c,Technology and Financial Modeling,Using technology to solve complex financial problems involving geometric sequences.,"Students use GDCs and financial packages to model compound interest, depreciation, and investment scenarios.","Use technology, model, solve",Paper 2 (technology applications),6 / 10,Students should be able to use appropriate technology to solve complex financial problems involving geometric sequences.,formulas,GDC Finance Functions,"Calculator sequence mode or finance solver: For compound interest: $\text{FV} = \text{PV}(1+i)^n$ Solve for any variable: PV (present value), FV (future value), $n$ (periods), $i$ (rate). Table feature shows period-by-period growth. Graph $y = P(1+r)^x$ to visualize exponential growth."
25,SL 1.5,SL 1.5a,Introduction to Logarithms,Understanding logarithms as the inverse of exponential functions.,"Students explore the relationship between a^x = b and log_a(b) = x, focusing on base 10 and base e.","Understand, connect, explore",Paper 1 (conceptual understanding),3 / 10,Students should be able to understand the logarithmic relationship and convert between exponential and logarithmic forms.,formulas,Logarithm Definition,$$\log_a(b) = x \iff a^x = b$$ Common bases: $$\log_{10}(x) = \log(x) \text{ (common log)}$$ $$\log_e(x) = \ln(x) \text{ (natural log)}$$ Examples: $$\log_2(8) = 3 \text{ because } 2^3 = 8$$ $$\log(1000) = 3 \text{ because } 10^3 = 1000$$
27,SL 1.5,SL 1.5b,Evaluating Logarithms Using Technology,Using technology to evaluate logarithms and understanding their properties.,"Students use calculators and technology to find log values, understanding the domain restrictions and special cases.","Use technology, evaluate, understand",Paper 1 (calculation skills),4 / 10,Students should be able to evaluate logarithms using technology and understand their mathematical properties.,formulas,Calculator Logarithm Functions,$$\text{LOG}: \log_{10}(x)$$ $$\text{LN}: \log_e(x) = \ln(x)$$ For other bases: $$\log_a(x) = \frac{\log(x)}{\log(a)} = \frac{\ln(x)}{\ln(a)}$$ Example: $$\log_2(50) = \frac{\log(50)}{\log(2)} \approx 5.644$$
29,SL 1.5,SL 1.5c,Logarithmic Applications in Context,Applying logarithms to real-world contexts like Richter scale and pH calculations.,"Students solve problems involving logarithmic scales in physics, chemistry, and other scientific contexts.","Apply, solve, interpret",Paper 2 (contextual applications),5 / 10,Students should be able to apply logarithmic concepts to solve real-world problems in various scientific contexts.,formulas,Logarithmic Scales,$$\text{Richter scale: } M = \log_{10}\left(\frac{I}{I_0}\right)$$ $$\text{pH scale: } \text{pH} = -\log_{10}[\text{H}^+]$$ $$\text{Decibel scale: } L = 10\log_{10}\left(\frac{I}{I_0}\right)$$ Each unit increase multiplies intensity by 10 (Richter) or changes concentration by factor of 10 (pH).
31,SL 1.6,SL 1.6a,Introduction to Mathematical Proof,Understanding the nature and structure of mathematical proof.,"Students learn about equality vs identity, LHS to RHS proofs, and the importance of logical reasoning in mathematics.","Understand, reason, justify",Paper 1 (proof structure),4 / 10,Students should be able to understand the basic structure of mathematical proofs and distinguish between equality and identity.,formulas,Equality vs Identity,"Equality: True for specific values. $2x = 10$ when $x=5$ Identity: True for all values. $(x+1)^2 = x^2 + 2x + 1$ for all $x$ Proof structure: Start with LHS, manipulate step-by-step using valid operations, arrive at RHS. Each step must be justified."
33,SL 1.6,SL 1.6b,Simple Deductive Proof Techniques,Developing skills in basic deductive proof methods.,"Students practice LHS to RHS proofs, numerical verification, and algebraic manipulation to establish mathematical truths.","Prove, manipulate, verify",Paper 1 (proof techniques),5 / 10,Students should be able to construct simple deductive proofs using appropriate algebraic techniques.,formulas,LHS to RHS Proof Template,"To prove: $\text{LHS} = \text{RHS}$ Method: $$\text{LHS} = \ldots$$ [apply operations] $$= \ldots$$ [justify each step] $$= \text{RHS}$$ Valid operations: expand, factor, combine fractions, apply laws (exponents, logs), substitute identities."
35,SL 1.6,SL 1.6c,Checking and Verifying Results,Learning to verify mathematical results and check one's own work.,"Students develop skills in self-checking, result verification, and identifying errors in mathematical reasoning.","Check, verify, self-assess",Paper 1 (verification skills),4 / 10,Students should be able to check their mathematical results and verify the correctness of their solutions.,formulas,Verification Strategies,"1. Substitute answer back into original equation 2. Check units/dimensions match 3. Estimate: Does answer have reasonable magnitude? 4. Try specific values (not proof, but catches errors) 5. Alternative method: Solve different way, compare 6. Check limits/special cases"
37,SL 1.7,SL 1.7a,Laws of Exponents with Rational Exponents,Understanding and applying exponent laws to rational exponents.,Students explore a^(m/n) = n√(a^m) and apply exponent laws to expressions with fractional exponents.,"Understand, apply, simplify",Paper 1 (exponent manipulation),4 / 10,Students should be able to simplify expressions with rational exponents using appropriate laws and notation.,formulas,Rational Exponent Laws,$$a^{m/n} = \sqrt[n]{a^m} = (\sqrt[n]{a})^m$$ $$a^{1/n} = \sqrt[n]{a}$$ Exponent laws still apply: $$a^{m/n} \cdot a^{p/q} = a^{(mq+pn)/(nq)}$$ $$(a^{m/n})^{p/q} = a^{mp/(nq)}$$ Example: $8^{2/3} = (\sqrt[3]{8})^2 = 2^2 = 4$
39,SL 1.7,SL 1.7b,Fundamental Laws of Logarithms,Understanding and applying the basic logarithmic identities and laws.,"Students learn and apply log_a(xy) = log_a(x) + log_a(y), log_a(x/y) = log_a(x) - log_a(y), and log_a(x^n) = n·log_a(x).","Apply, manipulate, solve",Paper 1 (logarithmic manipulation),5 / 10,Students should be able to apply logarithmic laws to simplify and solve logarithmic expressions.,formulas,Logarithm Laws,"$$\log_a(xy) = \log_a(x) + \log_a(y)$$ $$\log_a\left(\frac{x}{y}\right) = \log_a(x) - \log_a(y)$$ $$\log_a(x^n) = n\log_a(x)$$ $$\log_a(1) = 0, \quad \log_a(a) = 1$$ $$\log_a(x) = \frac{\log_b(x)}{\log_b(a)}$$ (change of base)"
41,SL 1.7,SL 1.7c,Change of Base and Logarithmic Equations,Using change of base formula and solving logarithmic equations.,Students apply log_a(x) = log_b(x)/log_b(a) and solve equations involving logarithms with different bases.,"Solve, convert, apply",Paper 1 (equation solving),6 / 10,Students should be able to change logarithmic bases and solve equations involving logarithms.,formulas,Solving Logarithmic Equations,Change of base: $$\log_a(x) = \frac{\log_b(x)}{\log_b(a)}$$ Solving strategy: 1. Combine logs using laws 2. Convert to exponential form 3. Solve for variable Example: $\log_2(x) = 3 \Rightarrow 2^3 = x \Rightarrow x = 8$ Or: $\log(x) + \log(x-3) = 1 \Rightarrow \log(x(x-3)) = 1 \Rightarrow x(x-3) = 10$
43,SL 1.8,SL 1.8a,Infinite Geometric Series and Convergence,Understanding when geometric series converge and their sum formula.,Students explore the condition |r| < 1 for convergence and derive S_∞ = u₁/(1-r) for infinite geometric series.,"Understand, derive, apply",Paper 1 (series convergence),5 / 10,Students should be able to determine convergence of infinite geometric series and calculate their sums.,formulas,Infinite Geometric Series Sum,"$$S_\infty = \frac{u_1}{1-r}, \quad |r| < 1$$ Convergence condition: $|r| < 1$ (terms get smaller) If $|r| \geq 1$: series diverges (no finite sum) Example: $1 + \frac{1}{2} + \frac{1}{4} + \frac{1}{8} + \cdots = \frac{1}{1-\frac{1}{2}} = 2$"
45,SL 1.8,SL 1.8b,Applications of Infinite Series,Applying infinite geometric series to real-world problems.,"Students solve problems involving infinite series in contexts like repeating decimals, fractal geometry, and mathematical modeling.","Apply, model, interpret",Paper 2 (contextual applications),6 / 10,Students should be able to apply infinite geometric series to solve real-world problems and interpret results.,formulas,Repeating Decimal to Fraction,$$0.\overline{d_1d_2\ldots d_k} = \frac{d_1d_2\ldots d_k}{999\ldots9} \text{ ($k$ nines)}$$ Using series: $$0.\overline{3} = 0.3 + 0.03 + 0.003 + \cdots = \frac{0.3}{1-0.1} = \frac{0.3}{0.9} = \frac{1}{3}$$ $$0.4\overline{5} = 0.4 + 0.05 + 0.005 + \cdots = 0.4 + \frac{0.05}{0.9} = \frac{41}{90}$$
47,SL 1.8,SL 1.8c,Modulus and Series Convergence,Understanding the role of modulus in series convergence criteria.,"Students explore |r| < 1 condition, work with negative ratios, and understand the geometric interpretation of convergence.","Understand, analyze, interpret",Paper 1 (conceptual understanding),5 / 10,Students should be able to understand and apply modulus conditions for series convergence.,formulas,Modulus in Convergence,$$|r| < 1 \text{ means } -1 < r < 1$$ Negative ratio: terms alternate sign but still converge Example: $r = -\frac{1}{2}$: $$1 - \frac{1}{2} + \frac{1}{4} - \frac{1}{8} + \cdots = \frac{1}{1-(-\frac{1}{2})} = \frac{1}{1.5} = \frac{2}{3}$$ Absolute value ensures convergence regardless of sign
49,SL 1.9,SL 1.9a,Introduction to the Binomial Theorem,Understanding the expansion of (a + b)^n for positive integer exponents.,"Students explore Pascal's triangle, understand the pattern of coefficients, and learn the basic binomial expansion formula.","Understand, recognize, apply",Paper 1 (pattern recognition),4 / 10,Students should be able to understand the binomial theorem and recognize its applications.,formulas,Binomial Theorem,$$(a+b)^n = \sum_{k=0}^{n} \binom{n}{k} a^{n-k}b^k$$ where $\binom{n}{k} = \frac{n!}{k!(n-k)!} = {}^nC_k$ Example: $(x+2)^3 = x^3 + 3x^2(2) + 3x(2^2) + 2^3 = x^3 + 6x^2 + 12x + 8$ Coefficients from Pascal's triangle or combination formula
51,SL 1.9,SL 1.9b,Using Pascal's Triangle and Combinations,Applying Pascal's triangle and combination notation to binomial expansions.,"Students learn to use nCr notation, find specific terms in expansions, and connect combinations to binomial coefficients.","Apply, calculate, find",Paper 1 (calculation skills),5 / 10,Students should be able to use Pascal's triangle and combinations to find specific terms in binomial expansions.,formulas,Finding Specific Terms,"General term (k+1)th in $(a+b)^n$: $$T_{k+1} = \binom{n}{k} a^{n-k}b^k$$ Example: Find $x^3$ term in $(2x-1)^5$ Term with $x^3$: $k=3$, so $$T_4 = \binom{5}{3}(2x)^3(-1)^2 = 10 \cdot 8x^3 \cdot 1 = 80x^3$$ Calculator: Use nCr function"
53,SL 1.9,SL 1.9c,Applications of the Binomial Theorem,Applying binomial theorem to solve problems and find specific terms.,"Students solve problems involving binomial expansions, find particular terms, and apply the theorem in various contexts.","Apply, solve, find",Paper 1 (problem solving),6 / 10,Students should be able to apply the binomial theorem to solve problems and find specific terms in expansions.,formulas,Binomial Applications,Finding coefficients: Expand $(1+x)^n$ and identify coefficient of $x^k$: it's $\binom{n}{k}$ Approximations: $(1+x)^n \approx 1 + nx$ for small $x$ Identities: $$(1+1)^n = \sum_{k=0}^n \binom{n}{k} = 2^n$$ $$(1-1)^n = \sum_{k=0}^n (-1)^k\binom{n}{k} = 0$$
55,AHL 1.10,AHL 1.10a,Counting Principles and Permutations,Understanding fundamental counting principles and permutation concepts.,"Students explore the multiplication principle, factorial notation, and calculate permutations for different arrangements.","Count, calculate, arrange",Paper 1 (counting problems),5 / 10,Students should be able to apply counting principles and calculate permutations in various contexts.,formulas,Permutation Formulas,"Multiplication principle: If task 1 has $m$ ways and task 2 has $n$ ways: $m \times n$ total Factorial: $n! = n \times (n-1) \times \cdots \times 2 \times 1$ Permutations: $$P(n,r) = \frac{n!}{(n-r)!} = {}^nP_r$$ Example: Arrange 3 of 5 books: $P(5,3) = \frac{5!}{2!} = 60$"
57,AHL 1.10,AHL 1.10b,Combinations and Selection Problems,Understanding combinations and their applications in selection problems.,"Students learn the difference between permutations and combinations, calculate nCr, and solve selection problems.","Distinguish, calculate, select",Paper 1 (combination problems),6 / 10,Students should be able to distinguish between permutations and combinations and solve selection problems.,formulas,Combination Formula,"$$C(n,r) = \binom{n}{r} = \frac{n!}{r!(n-r)!} = {}^nC_r$$ Properties: $$\binom{n}{r} = \binom{n}{n-r}$$ $$\binom{n}{0} = \binom{n}{n} = 1$$ Example: Choose 3 from 8 students: $$\binom{8}{3} = \frac{8!}{3!5!} = \frac{8 \times 7 \times 6}{3 \times 2 \times 1} = 56$$"
59,AHL 1.10,AHL 1.10c,Extended Binomial Theorem,Extending the binomial theorem to fractional and negative indices.,"Students explore (a + b)^n for n ∈ ℚ, understand convergence conditions, and apply to approximations.","Extend, understand, approximate",Paper 1 (extended applications),7 / 10,Students should be able to apply the extended binomial theorem to fractional and negative indices.,formulas,Extended Binomial Expansion,"For $n \in \mathbb{Q}$, $|x| < 1$: $$(1+x)^n = 1 + nx + \frac{n(n-1)}{2!}x^2 + \frac{n(n-1)(n-2)}{3!}x^3 + \cdots$$ Infinite series! Example: $$(1+x)^{1/2} = 1 + \frac{1}{2}x - \frac{1}{8}x^2 + \frac{1}{16}x^3 - \cdots$$ $$(1+x)^{-1} = 1 - x + x^2 - x^3 + \cdots$$"
61,AHL 1.11,AHL 1.11a,Introduction to Partial Fractions,Understanding the decomposition of rational expressions into partial fractions.,Students learn to express rational functions as sums of simpler fractions with linear denominators.,"Decompose, express, simplify",Paper 1 (algebraic manipulation),6 / 10,Students should be able to decompose rational expressions into partial fractions with linear denominators.,formulas,Partial Fraction Basics,"For proper fraction (degree numerator < denominator): $$\frac{P(x)}{(x-a)(x-b)} = \frac{A}{x-a} + \frac{B}{x-b}$$ If improper: divide first, then decompose remainder Example: $$\frac{5x-1}{(x-2)(x+1)} = \frac{A}{x-2} + \frac{B}{x+1}$$"
63,AHL 1.11,AHL 1.11b,Partial Fractions with Two Linear Terms,Working with partial fractions containing two distinct linear factors.,Students practice decomposing expressions like (2x+1)/((x-1)(x+2)) into A/(x-1) + B/(x+2) form.,"Decompose, solve, verify",Paper 1 (partial fraction decomposition),7 / 10,Students should be able to decompose rational expressions with two linear factors into partial fractions.,formulas,Finding Coefficients,"Method 1 (Cover-up): Multiply both sides by denominator, substitute strategic values Method 2: Equate coefficients Example: $$\frac{7x-1}{(x-2)(x+3)} = \frac{A}{x-2} + \frac{B}{x+3}$$ Multiply by $(x-2)(x+3)$: $7x-1 = A(x+3) + B(x-2)$ Set $x=2$: $13=5A \Rightarrow A=\frac{13}{5}$"
65,AHL 1.11,AHL 1.11c,Applications of Partial Fractions,Applying partial fractions to integration and other mathematical contexts.,Students connect partial fractions to integration techniques and solve problems involving rational function integration.,"Apply, integrate, solve",Paper 1 (integration applications),7 / 10,Students should be able to apply partial fractions to solve integration problems involving rational functions.,formulas,Integration with Partial Fractions,$$\int \frac{1}{x-a}dx = \ln|x-a| + C$$ Strategy: 1. Decompose into partial fractions 2. Integrate each term separately Example: $$\int \frac{5x-1}{(x-2)(x+1)}dx = \int\left(\frac{3}{x-2} + \frac{2}{x+1}\right)dx = 3\ln|x-2| + 2\ln|x+1| + C$$
67,AHL 1.12,AHL 1.12a,Introduction to Complex Numbers,Understanding the imaginary unit i and basic complex number operations.,"Students explore i = √(-1), complex number form a + bi, and basic arithmetic operations with complex numbers.","Understand, operate, represent",Paper 1 (complex arithmetic),5 / 10,Students should be able to perform basic arithmetic operations with complex numbers in Cartesian form.,formulas,Complex Number Basics,"$$i = \sqrt{-1}, \quad i^2 = -1$$ Cartesian form: $z = a + bi$ where $a = \text{Re}(z)$, $b = \text{Im}(z)$ Operations: $$(a+bi) + (c+di) = (a+c) + (b+d)i$$ $$(a+bi)(c+di) = (ac-bd) + (ad+bc)i$$ Powers of $i$: $i^3=-i$, $i^4=1$, cycle repeats"
69,AHL 1.12,AHL 1.12b,Complex Plane and Argand Diagrams,Representing complex numbers geometrically in the complex plane.,"Students plot complex numbers, understand real/imaginary parts, conjugates, and geometric interpretations.","Plot, interpret, visualize",Paper 1 (geometric representation),6 / 10,Students should be able to represent complex numbers geometrically and understand their properties in the complex plane.,formulas,Argand Diagram and Conjugate,"Plot $z = a + bi$ at point $(a, b)$ Horizontal axis: real part Vertical axis: imaginary part Conjugate: $\overline{z} = a - bi$ (reflect over real axis) Properties: $$z + \overline{z} = 2a, \quad z \cdot \overline{z} = a^2 + b^2$$"
71,AHL 1.12,AHL 1.12c,Modulus and Argument of Complex Numbers,Understanding the modulus and argument of complex numbers.,"Students calculate |z| and arg(z), understand their geometric meaning, and connect to vector representations.","Calculate, interpret, connect",Paper 1 (modulus and argument),6 / 10,Students should be able to calculate and interpret the modulus and argument of complex numbers.,formulas,Modulus and Argument,"For $z = a + bi$: Modulus: $$|z| = \sqrt{a^2 + b^2}$$ (distance from origin) Argument: $$\arg(z) = \theta = \tan^{-1}\left(\frac{b}{a}\right)$$ (angle from positive real axis) Note: adjust $\theta$ based on quadrant Example: $z = 1 + i$: $|z| = \sqrt{2}$, $\arg(z) = \frac{\pi}{4}$"
73,AHL 1.13,AHL 1.13a,Polar and Euler Forms of Complex Numbers,"Converting between Cartesian, polar, and Euler forms of complex numbers.","Students learn z = r(cos θ + i sin θ) = r cis θ and z = re^(iθ), understanding the connections between forms.","Convert, represent, understand",Paper 1 (form conversion),6 / 10,"Students should be able to convert complex numbers between Cartesian, polar, and Euler forms.",formulas,Polar and Euler Forms,"Polar (modulus-argument): $$z = r(\cos\theta + i\sin\theta) = r\,\text{cis}\,\theta$$ Euler form: $$z = re^{i\theta}$$ where $r = |z|$, $\theta = \arg(z)$ Convert: Cartesian → Polar: $r = \sqrt{a^2+b^2}$, $\theta = \tan^{-1}(b/a)$ Polar → Cartesian: $a = r\cos\theta$, $b = r\sin\theta$"
75,AHL 1.13,AHL 1.13b,Operations in Different Complex Forms,Performing arithmetic operations in polar and Euler forms.,"Students add, multiply, and divide complex numbers in polar/Euler forms, understanding geometric interpretations.","Operate, interpret, visualize",Paper 1 (complex operations),7 / 10,Students should be able to perform arithmetic operations with complex numbers in polar and Euler forms.,formulas,Polar Form Operations,"Multiplication: $$z_1z_2 = r_1r_2\,\text{cis}(\theta_1 + \theta_2)$$ Division: $$\frac{z_1}{z_2} = \frac{r_1}{r_2}\,\text{cis}(\theta_1 - \theta_2)$$ Powers (De Moivre): $$z^n = r^n\,\text{cis}(n\theta)$$ Add moduli multiply, arguments add! Division: divide moduli, subtract arguments"
77,AHL 1.13,AHL 1.13c,Geometric Interpretation of Complex Operations,Understanding the geometric meaning of complex number operations.,Students explore how multiplication by complex numbers represents rotations and scalings in the complex plane.,"Interpret, visualize, understand",Paper 1 (geometric understanding),7 / 10,Students should be able to interpret complex number operations geometrically in the complex plane.,formulas,Geometric Transformations,"Multiplication by $w = r\,\text{cis}\,\theta$: - Scales by factor $r$ - Rotates by angle $\theta$ Example: Multiply by $i = 1\,\text{cis}\,\frac{\pi}{2}$: rotates 90° counterclockwise Conjugate $\overline{z}$: reflects over real axis Addition: vector addition (parallelogram law)"
79,AHL 1.14,AHL 1.14a,Complex Roots of Polynomial Equations,Understanding complex conjugate roots of polynomials with real coefficients.,Students explore how complex roots occur in conjugate pairs and solve polynomial equations with complex solutions.,"Solve, understand, apply",Paper 1 (polynomial equations),7 / 10,Students should be able to find complex roots of polynomial equations and understand conjugate pair properties.,formulas,Complex Conjugate Root Theorem,"If polynomial has REAL coefficients and $z = a + bi$ is a root, then $\overline{z} = a - bi$ is also a root. Quadratic formula with complex roots: $$x = \frac{-b \pm \sqrt{b^2-4ac}}{2a}$$ If $b^2-4ac < 0$: two complex conjugate roots Example: $x^2 + 2x + 5 = 0$: roots are $-1 \pm 2i$"
81,AHL 1.14,AHL 1.14b,De Moivre's Theorem,Understanding and applying De Moivre's theorem for powers and roots.,Students learn (r cis θ)^n = r^n cis(nθ) and apply it to find powers and roots of complex numbers.,"Apply, calculate, derive",Paper 1 (De Moivre applications),8 / 10,Students should be able to apply De Moivre's theorem to find powers and roots of complex numbers.,formulas,De Moivre's Theorem,"$$[r(\cos\theta + i\sin\theta)]^n = r^n(\cos n\theta + i\sin n\theta)$$ or $$(r\,\text{cis}\,\theta)^n = r^n\,\text{cis}(n\theta)$$ For roots: $n$th roots of $z = r\,\text{cis}\,\theta$: $$z_k = r^{1/n}\,\text{cis}\left(\frac{\theta + 2\pi k}{n}\right), \quad k = 0,1,\ldots,n-1$$"
83,AHL 1.14,AHL 1.14c,Proof by Induction for De Moivre's Theorem,Proving De Moivre's theorem using mathematical induction.,Students develop proof by induction skills while establishing the validity of De Moivre's theorem for positive integers.,"Prove, induct, establish",Paper 1 (proof by induction),8 / 10,Students should be able to prove De Moivre's theorem using mathematical induction.,formulas,Induction Proof Structure,"1. Base case: Show true for $n=1$ 2. Inductive hypothesis: Assume true for $n=k$ 3. Inductive step: Prove true for $n=k+1$ For De Moivre: Assume $(\text{cis}\,\theta)^k = \text{cis}(k\theta)$ Prove: $(\text{cis}\,\theta)^{k+1} = \text{cis}[(k+1)\theta]$ using angle addition formulas"
85,AHL 1.15,AHL 1.15a,Mathematical Induction Fundamentals,Understanding the principle and structure of proof by mathematical induction.,"Students learn the base case, inductive hypothesis, and inductive step, applying to simple mathematical statements.","Understand, apply, prove",Paper 1 (induction basics),7 / 10,Students should be able to understand and apply the basic structure of mathematical induction.,formulas,Induction Template,To prove $P(n)$ for all $n \geq n_0$: 1. **Base case**: Verify $P(n_0)$ is true 2. **Inductive hypothesis**: Assume $P(k)$ is true 3. **Inductive step**: Prove $P(k) \Rightarrow P(k+1)$ Conclusion: $P(n)$ true for all $n \geq n_0$ Example: Prove $\sum_{i=1}^n i = \frac{n(n+1)}{2}$
87,AHL 1.15,AHL 1.15b,Proof by Contradiction,Understanding and applying proof by contradiction techniques.,"Students learn to assume the negation of what they want to prove and derive a contradiction, exploring classic examples.","Assume, derive, contradict",Paper 1 (contradiction proofs),8 / 10,Students should be able to construct proofs by contradiction for various mathematical statements.,formulas,Contradiction Proof Template,"To prove statement $P$: 1. Assume $\neg P$ (not P) is true 2. Use logical deduction 3. Arrive at contradiction (something impossible or contradicting known fact) 4. Conclude $\neg P$ must be false, so $P$ is true Example: Prove $\sqrt{2}$ is irrational. Assume rational: $\sqrt{2} = \frac{p}{q}$ (lowest terms)..."
89,AHL 1.15,AHL 1.15c,Counterexamples and Disproof,Using counterexamples to show that statements are not always true.,Students learn to find specific examples that contradict general statements and explain why they serve as counterexamples.,"Find, explain, disprove",Paper 1 (counterexample construction),7 / 10,Students should be able to construct counterexamples to disprove mathematical statements and explain their validity.,formulas,Disproving Universal Statements,"To disprove: 'For all $x$, $P(x)$ is true' Find ONE example where $P(x)$ is false Example: Claim: $n^2 - n + 41$ is always prime Counterexample: $n=41$: $41^2 - 41 + 41 = 41^2$ (not prime!) One counterexample sufficient to disprove universal claim"
91,AHL 1.16,AHL 1.16a,Systems of Linear Equations,Understanding and solving systems of linear equations with up to three unknowns.,"Students learn to solve systems using algebraic methods and technology, understanding unique solutions, infinite solutions, and no solutions.","Solve, analyze, interpret",Paper 1 (system solving),6 / 10,Students should be able to solve systems of linear equations and interpret the nature of their solutions.,formulas,System of Equations Types,"Two equations, two unknowns: $$\begin{cases} a_1x + b_1y = c_1 \\ a_2x + b_2y = c_2 \end{cases}$$ Solutions: 1. Unique solution (lines intersect at one point) 2. Infinite solutions (same line) 3. No solution (parallel lines) Methods: substitution, elimination, matrices"
93,AHL 1.16,AHL 1.16b,Matrix Methods and Row Reduction,Using matrices and row reduction to solve systems of linear equations.,"Students learn matrix representation of systems, row reduction techniques, and technological methods for solving linear systems.","Represent, reduce, solve",Paper 1 (matrix methods),7 / 10,Students should be able to use matrix methods and row reduction to solve systems of linear equations.,formulas,Augmented Matrix Method,System: $\begin{cases} 2x + y = 5 \\ x - y = 1 \end{cases}$ becomes $$\left[\begin{array}{cc|c} 2 & 1 & 5 \\ 1 & -1 & 1 \end{array}\right]$$ Row operations: 1. Swap rows 2. Multiply row by constant 3. Add multiple of one row to another Goal: Row Echelon Form (REF) or Reduced Row Echelon Form (RREF)
95,AHL 1.16,AHL 1.16c,General Solutions and Inconsistent Systems,Understanding general solutions for systems with infinite solutions and identifying inconsistent systems.,Students learn to find general solutions for systems with infinitely many solutions and recognize when systems have no solutions.,"Find, recognize, interpret",Paper 1 (solution analysis),7 / 10,Students should be able to find general solutions and identify inconsistent systems of linear equations.,formulas,Solution Types in RREF,"Unique solution: each variable has leading 1 Infinite solutions: free variable(s), express in terms of parameter Example: $x + 2y = 3$ → $x = 3 - 2t$, $y = t$ (parameter $t$) Inconsistent (no solution): row like $[0\ 0\ |\ 5]$ (impossible: $0 = 5$)"
97,SL 2.1,SL 2.1a,Equations of Straight Lines,Understanding different forms of linear equations and their applications.,"Students learn y = mx + c, ax + by + d = 0, and y - y₁ = m(x - x₁) forms, connecting to real-world contexts like gradients of roads.","Understand, apply, connect",Paper 1 (linear equations),3 / 10,Students should be able to write equations of straight lines in various forms and apply them to real-world problems.,formulas,Forms of Linear Equations,"Gradient-intercept: $$y = mx + c$$ ($m$ = gradient, $c$ = y-intercept) General form: $$ax + by + d = 0$$ Point-gradient: $$y - y_1 = m(x - x_1)$$ (through point $(x_1, y_1)$) Two-point form: $$\frac{y - y_1}{y_2 - y_1} = \frac{x - x_1}{x_2 - x_1}$$"
99,SL 2.1,SL 2.1b,Gradients and Intercepts,"Understanding and calculating gradients, intercepts, and their geometric meaning.","Students learn to find gradients, x and y intercepts, and understand their significance in linear relationships and real contexts.","Calculate, interpret, apply",Paper 1 (gradient analysis),4 / 10,Students should be able to calculate gradients and intercepts and interpret their meaning in various contexts.,formulas,Gradient and Intercepts,"Gradient (slope): $$m = \frac{y_2 - y_1}{x_2 - x_1} = \frac{\text{rise}}{\text{run}}$$ y-intercept: set $x = 0$, solve for $y$ x-intercept: set $y = 0$, solve for $x$ Example: $2x + 3y = 6$ y-intercept: $(0, 2)$, x-intercept: $(3, 0)$"
101,SL 2.1,SL 2.1c,Parallel and Perpendicular Lines,Understanding the relationships between gradients of parallel and perpendicular lines.,"Students learn m₁ = m₂ for parallel lines and m₁ × m₂ = -1 for perpendicular lines, applying to geometric and real-world problems.","Understand, apply, solve",Paper 1 (line relationships),4 / 10,Students should be able to determine and use relationships between gradients of parallel and perpendicular lines.,formulas,Parallel and Perpendicular Lines,Parallel lines: $$m_1 = m_2$$ (same gradient) Perpendicular lines: $$m_1 \times m_2 = -1$$ (negative reciprocals) Example: Line $y = 2x + 3$ Parallel: $y = 2x - 5$ (same $m=2$) Perpendicular: $y = -\frac{1}{2}x + 1$ ($m = -\frac{1}{2}$)
103,SL 2.2,SL 2.2a,Concept of Functions,Understanding the fundamental concept of functions as mathematical models.,"Students explore function notation f(x), domain, range, and the concept of functions as mappings from inputs to outputs.","Understand, define, represent",Paper 1 (function concepts),3 / 10,Students should be able to understand and represent functions using appropriate notation and identify their domains and ranges.,formulas,Function Notation and Terminology,Function: $f: x \mapsto f(x)$ Each input has exactly ONE output Domain: set of all possible inputs ($x$ values) Range: set of all actual outputs ($f(x)$ values) Notation: $f(x) = x^2 + 1$ means $f: x \mapsto x^2 + 1$ Evaluate: $f(3) = 3^2 + 1 = 10$
105,SL 2.2,SL 2.2b,Inverse Functions,Understanding the concept and properties of inverse functions.,"Students learn about one-to-one functions, inverse notation f⁻¹(x), and the relationship between a function and its inverse.","Understand, find, relate",Paper 1 (inverse functions),4 / 10,Students should be able to understand inverse functions and find inverses of one-to-one functions.,formulas,Finding Inverse Functions,To find $f^{-1}(x)$ from $f(x)$: 1. Write $y = f(x)$ 2. Swap $x$ and $y$ 3. Solve for $y$ 4. Write as $f^{-1}(x)$ Example: $f(x) = 2x + 3$ $y = 2x + 3 \Rightarrow x = 2y + 3 \Rightarrow y = \frac{x-3}{2}$ So $f^{-1}(x) = \frac{x-3}{2}$
107,SL 2.2,SL 2.2c,Graphical Representation of Functions,Understanding how to represent functions graphically and interpret their features.,"Students learn to sketch functions, understand the relationship between f(x) and f⁻¹(x) as reflections in y = x, and interpret graphs.","Sketch, interpret, relate",Paper 1 (graphical representation),4 / 10,Students should be able to sketch functions and understand the graphical relationship between functions and their inverses.,formulas,Graphical Features,"Key features to identify: - Intercepts: where graph crosses axes - Turning points: maxima/minima - Asymptotes: lines graph approaches - Domain/range: extent of graph - Symmetry: reflections or rotations Inverse reflection: swap $x$ and $y$ coordinates, reflect in $y=x$"
109,SL 2.3,SL 2.3a,Graphing Functions and Technology,Using technology to graph functions and understanding the equation y = f(x).,"Students learn to use graphing technology, transfer graphs from screen to paper, and understand the difference between 'draw' and 'sketch'.","Use technology, transfer, understand",Paper 1 (graphing skills),4 / 10,Students should be able to use technology to graph functions and transfer graphical information accurately.,formulas,Using GDC for Graphing,"GDC/calculator steps: 1. Enter function in $y =$ menu 2. Set appropriate window (xmin, xmax, ymin, ymax) 3. Graph and analyze Transfer to paper: identify and label intercepts, turning points, asymptotes 'Sketch' = key features labeled 'Draw' = accurate plot"
111,SL 2.3,SL 2.3b,Creating Sketches from Information,Developing skills to create function sketches from given information or context.,"Students learn to sketch functions from verbal descriptions, context clues, and mathematical information, labeling all key features.","Sketch, label, interpret",Paper 1 (sketching skills),5 / 10,Students should be able to create accurate function sketches from given information and context.,formulas,Sketch Requirements,"Essential labels: - Axes with scales - Intercepts (x and y) - Turning points with coordinates - Asymptotes (dotted lines) - Domain/range if restricted From context: identify type (linear, quadratic, exponential), key features, behavior at boundaries"
113,SL 2.3,SL 2.3c,Graphing Sums and Differences of Functions,Understanding how to graph combinations of functions using technology.,"Students explore how to graph f(x) + g(x) and f(x) - g(x) using technology, understanding the graphical effects of function operations.","Combine, graph, understand",Paper 1 (function combinations),5 / 10,Students should be able to graph sums and differences of functions using appropriate technology.,formulas,Function Arithmetic,"Sum: $(f + g)(x) = f(x) + g(x)$ Difference: $(f - g)(x) = f(x) - g(x)$ On GDC: Graph $y_1 = f(x)$, $y_2 = g(x)$, $y_3 = y_1 + y_2$ Point-wise addition: at each $x$, add/subtract $y$ values Example: If $f(2) = 3$ and $g(2) = 5$, then $(f+g)(2) = 8$"
115,SL 2.4,SL 2.4a,Key Features of Function Graphs,Identifying and analyzing key features of function graphs.,"Students learn to identify maximum/minimum values, intercepts, symmetry, vertices, zeros, and asymptotes using graphing technology.","Identify, analyze, interpret",Paper 1 (graph analysis),5 / 10,Students should be able to identify and interpret key features of function graphs.,formulas,Graph Feature Checklist,"Zeros/roots: where $f(x) = 0$ (x-intercepts) y-intercept: $f(0)$ Maximum: highest point locally or globally Minimum: lowest point locally or globally Vertex: turning point of parabola Asymptotes: $x = a$ (vertical), $y = b$ (horizontal) Symmetry: even ($f(-x) = f(x)$), odd ($f(-x) = -f(x)$)"
117,SL 2.4,SL 2.4b,Intersection Points and Technology,Finding points of intersection between curves and lines using technology.,"Students learn to use technology to find intersection points, understanding the graphical and algebraic significance of these points.","Find, interpret, connect",Paper 1 (intersection analysis),5 / 10,Students should be able to find intersection points using technology and interpret their meaning.,formulas,Finding Intersections,"Algebraically: Solve $f(x) = g(x)$ Technology: Graph both, use 'intersect' function Example: Find where $x^2 = 2x + 3$ Graph $y_1 = x^2$ and $y_2 = 2x + 3$ Intersections: $x = 3$ and $x = -1$ Solutions to equation!"
119,SL 2.4,SL 2.4c,Asymptotes and Graph Behavior,Understanding vertical and horizontal asymptotes and their graphical significance.,"Students learn to identify asymptotes using graphing technology, understanding how they affect the behavior of functions.","Identify, understand, analyze",Paper 1 (asymptote analysis),6 / 10,Students should be able to identify and understand the significance of asymptotes in function graphs.,formulas,Types of Asymptotes,"Vertical asymptote: $x = a$ Function undefined at $x = a$, $f(x) \to \pm\infty$ Example: $f(x) = \frac{1}{x-2}$ has $x = 2$ Horizontal asymptote: $y = b$ As $x \to \pm\infty$, $f(x) \to b$ Example: $f(x) = \frac{2x}{x+1}$ has $y = 2$"
121,SL 2.5,SL 2.5a,Composite Functions,Understanding and working with composite functions f ∘ g(x) = f(g(x)).,"Students learn to compose functions, understand the order of operations, and work with composite function notation.","Compose, understand, apply",Paper 1 (function composition),5 / 10,Students should be able to compose functions and understand the notation and order of operations.,formulas,Composite Function Notation,"$$(f \circ g)(x) = f(g(x))$$ Apply $g$ first, then $f$ to the result Example: If $f(x) = x^2$ and $g(x) = x + 1$ $$(f \circ g)(x) = f(x+1) = (x+1)^2$$ $$(g \circ f)(x) = g(x^2) = x^2 + 1$$ Note: $f \circ g \neq g \circ f$ in general!"
123,SL 2.5,SL 2.5b,Identity Function and Function Properties,Understanding the identity function and its role in function operations.,"Students explore the identity function f(x) = x, understand f ∘ f⁻¹(x) = f⁻¹ ∘ f(x) = x, and work with function properties.","Understand, explore, apply",Paper 1 (function properties),5 / 10,Students should be able to understand the identity function and its role in function operations.,formulas,Identity Function,Identity function: $$I(x) = x$$ Returns input unchanged Key property with inverses: $$f \circ f^{-1} = I \quad \text{and} \quad f^{-1} \circ f = I$$ Meaning: $$f(f^{-1}(x)) = x \quad \text{and} \quad f^{-1}(f(x)) = x$$
125,SL 2.5,SL 2.5c,Existence of Inverse Functions,Understanding when inverse functions exist and their properties.,"Students learn about one-to-one functions, the conditions for inverse existence, and how to determine if a function has an inverse.","Understand, determine, analyze",Paper 1 (inverse existence),6 / 10,Students should be able to determine when functions have inverses and understand the conditions for inverse existence.,formulas,Conditions for Inverse Existence,"Function $f$ has inverse if and only if it's one-to-one (injective) Test: Horizontal line test - no horizontal line crosses graph more than once If $f(a) = f(b) \Rightarrow a = b$, then $f$ is one-to-one Domain restrictions: restrict to make one-to-one Example: $f(x) = x^2$ for $x \geq 0$ has inverse $f^{-1}(x) = \sqrt{x}$"
127,SL 2.6,SL 2.6a,Quadratic Functions and Their Graphs,Understanding the properties and graphs of quadratic functions.,"Students explore f(x) = ax² + bx + c, learn about parabolas, y-intercepts, and axis of symmetry in quadratic functions.","Understand, graph, analyze",Paper 1 (quadratic functions),4 / 10,Students should be able to understand and graph quadratic functions and identify their key properties.,formulas,Quadratic Function Basics,Standard form: $$f(x) = ax^2 + bx + c$$ Shape: parabola $a > 0$: opens upward (minimum) $a < 0$: opens downward (maximum) y-intercept: $c$ (when $x = 0$) Axis of symmetry: $$x = -\frac{b}{2a}$$
129,SL 2.6,SL 2.6b,Forms of Quadratic Functions,Working with different forms of quadratic functions and their applications.,"Students learn f(x) = a(x-p)(x-q) for x-intercepts and f(x) = a(x-h)² + k for vertex form, converting between forms.","Convert, apply, understand",Paper 1 (quadratic forms),5 / 10,Students should be able to work with different forms of quadratic functions and convert between them.,formulas,Three Forms of Quadratics,"Standard: $f(x) = ax^2 + bx + c$ Factored: $f(x) = a(x - p)(x - q)$ (roots $p$ and $q$) Vertex: $f(x) = a(x - h)^2 + k$ (vertex $(h, k)$) Convert standard to vertex: Complete the square Example: $x^2 + 6x + 5 = (x + 3)^2 - 4$ Vertex: $(-3, -4)$"
131,SL 2.6,SL 2.6c,Vertex and Axis of Symmetry,Understanding the vertex and axis of symmetry in quadratic functions.,"Students learn to find vertices (h,k) from vertex form, understand the axis of symmetry x = h, and connect to real-world applications.","Find, understand, apply",Paper 1 (vertex analysis),5 / 10,Students should be able to find vertices and axes of symmetry of quadratic functions.,formulas,Vertex and Symmetry Formulas,"Vertex form: $f(x) = a(x - h)^2 + k$ Vertex: $(h, k)$ Axis of symmetry: $x = h$ From standard form $ax^2 + bx + c$: $$x = -\frac{b}{2a} \text{ (axis)}$$ $$y = f\left(-\frac{b}{2a}\right) \text{ (vertex y-coordinate)}$$ Example: $f(x) = 2x^2 - 8x + 3$ → vertex at $(2, -5)$"
133,SL 2.7,SL 2.7a,Solving Quadratic Equations,Understanding methods for solving quadratic equations.,"Students learn factorization, completing the square, and the quadratic formula to solve quadratic equations in various contexts.","Solve, apply, choose",Paper 1 (equation solving),5 / 10,Students should be able to solve quadratic equations using appropriate methods.,formulas,Methods for Solving Quadratics,1. Factorization: $x^2 + 5x + 6 = (x+2)(x+3) = 0$ → $x = -2$ or $-3$ 2. Quadratic formula: $$x = \frac{-b \pm \sqrt{b^2-4ac}}{2a}$$ 3. Completing the square: $x^2 + 6x = (x+3)^2 - 9$ 4. Graphically: Find x-intercepts Choose method based on form and complexity
135,SL 2.7,SL 2.7b,The Quadratic Formula and Discriminant,Understanding the quadratic formula and discriminant analysis.,"Students learn x = (-b ± √(b²-4ac))/2a, understand the discriminant Δ = b²-4ac, and analyze the nature of roots.","Apply, analyze, interpret",Paper 1 (quadratic formula),6 / 10,Students should be able to use the quadratic formula and analyze the nature of roots using the discriminant.,formulas,Quadratic Formula and Discriminant,$$x = \frac{-b \pm \sqrt{b^2 - 4ac}}{2a}$$ Discriminant: $\Delta = b^2 - 4ac$ $\Delta > 0$: two distinct real roots $\Delta = 0$: one repeated real root $\Delta < 0$: two complex conjugate roots Example: $x^2 + 2x - 3 = 0$: $\Delta = 4 + 12 = 16 > 0$ → two real roots
137,SL 2.7,SL 2.7c,Quadratic Inequalities,Understanding and solving quadratic inequalities.,"Students learn to solve quadratic inequalities, understand the relationship to quadratic equations, and represent solutions graphically.","Solve, represent, interpret",Paper 1 (inequality solving),6 / 10,Students should be able to solve quadratic inequalities and represent their solutions appropriately.,formulas,Solving Quadratic Inequalities,"To solve $ax^2 + bx + c > 0$: 1. Find roots (solve $ax^2 + bx + c = 0$) 2. Sketch parabola 3. Identify where graph is above x-axis Example: $x^2 - 5x + 6 > 0$ Roots: $x = 2, 3$ Solution: $x < 2$ or $x > 3$ (outside roots)"
139,SL 2.8,SL 2.8a,Reciprocal Functions,Understanding the reciprocal function f(x) = 1/x and its properties.,"Students explore the graph of 1/x, understand its self-inverse nature, and identify key features like asymptotes.","Understand, graph, analyze",Paper 1 (reciprocal functions),5 / 10,Students should be able to understand and graph reciprocal functions and identify their key properties.,formulas,Reciprocal Function Properties,"$$f(x) = \frac{1}{x}, \quad x \neq 0$$ Domain: $\mathbb{R} \setminus \{0\}$ Range: $\mathbb{R} \setminus \{0\}$ Asymptotes: $x = 0$ (vertical), $y = 0$ (horizontal) Self-inverse: $f(f(x)) = f(1/x) = x$ Symmetry: origin (odd function)"
141,SL 2.8,SL 2.8b,Rational Functions,Working with rational functions of the form f(x) = (ax+b)/(cx+d).,"Students learn to graph rational functions, find asymptotes, and understand the behavior of these functions.","Graph, find, understand",Paper 1 (rational functions),6 / 10,Students should be able to graph rational functions and identify their asymptotes and behavior.,formulas,Rational Function Form,"$$f(x) = \frac{ax + b}{cx + d}, \quad cx + d \neq 0$$ Domain: all $x$ except $x = -\frac{d}{c}$ Vertical asymptote: $x = -\frac{d}{c}$ (denominator = 0) Horizontal asymptote: $y = \frac{a}{c}$ (ratio of leading coefficients) Example: $f(x) = \frac{2x-1}{x+3}$: VA at $x=-3$, HA at $y=2$"
143,SL 2.8,SL 2.8c,Asymptotes of Rational Functions,Understanding vertical and horizontal asymptotes in rational functions.,"Students learn to find vertical asymptotes x = -d/c and horizontal asymptotes y = a/c, understanding their significance.","Find, understand, interpret",Paper 1 (asymptote analysis),6 / 10,Students should be able to find and interpret asymptotes of rational functions.,formulas,Finding Asymptotes,"For $f(x) = \frac{ax+b}{cx+d}$: Vertical: Set denominator = 0, solve for $x$ $$cx + d = 0 \Rightarrow x = -\frac{d}{c}$$ Horizontal: Compare degrees If equal: $y = \frac{a}{c}$ (leading coefficient ratio) Example: $\frac{3x+5}{2x-1}$ → VA: $x=\frac{1}{2}$, HA: $y=\frac{3}{2}$"
145,SL 2.9,SL 2.9a,Exponential Functions,Understanding exponential functions and their properties.,"Students explore f(x) = a^x where a > 0, learn about exponential growth and decay, and understand the relationship to logarithms.","Understand, explore, connect",Paper 1 (exponential functions),5 / 10,Students should be able to understand and work with exponential functions and their properties.,formulas,Exponential Function Basics,"$$f(x) = a^x, \quad a > 0, a \neq 1$$ Domain: all real numbers Range: $(0, \infty)$ (always positive) $a > 1$: exponential growth $0 < a < 1$: exponential decay $e = 2.71828...$ (natural base) Key: $f(x+1) = a \cdot f(x)$ (constant ratio)"
147,SL 2.9,SL 2.9b,Graphs of Exponential Functions,Understanding the graphs and behavior of exponential functions.,"Students learn to graph exponential functions, understand asymptotes, and analyze the effects of different bases on the graph.","Graph, analyze, understand",Paper 1 (exponential graphs),5 / 10,Students should be able to graph exponential functions and analyze their behavior.,formulas,Exponential Graph Properties,"$$y = a^x$$ passes through $(0, 1)$ (always: $a^0 = 1$) Horizontal asymptote: $y = 0$ (x-axis) $a > 1$: increasing, curves upward $0 < a < 1$: decreasing, curves downward Never touches x-axis (always positive) Transformations: $y = ka^{x-h} + c$ shifts and scales"
149,SL 2.9,SL 2.9c,Exponential Equations and Applications,Solving exponential equations and applying them in context.,"Students learn to solve exponential equations using logarithms, understand exponential models, and apply them to real-world problems.","Solve, apply, model",Paper 1 (exponential equations),6 / 10,Students should be able to solve exponential equations and apply exponential models to real-world situations.,formulas,Solving Exponential Equations,To solve $a^x = b$: Take log of both sides: $$x = \log_a(b) = \frac{\log(b)}{\log(a)}$$ Example: $2^x = 10$ $$x = \frac{\log(10)}{\log(2)} = \frac{1}{0.301} \approx 3.32$$ For $a^{f(x)} = a^{g(x)}$: solve $f(x) = g(x)$ (same base)
151,SL 2.10,SL 2.10a,Logarithmic Functions,Understanding logarithmic functions and their relationship to exponentials.,"Students explore f(x) = log_a(x), understand the inverse relationship with exponential functions, and learn about common and natural logarithms.","Understand, explore, connect",Paper 1 (logarithmic functions),5 / 10,Students should be able to understand logarithmic functions and their relationship to exponential functions.,formulas,Logarithmic Function Basics,"$$f(x) = \log_a(x), \quad a > 0, a \neq 1$$ Domain: $(0, \infty)$ (positive numbers only) Range: all real numbers Inverse of $a^x$: $\log_a(a^x) = x$ and $a^{\log_a(x)} = x$ Common: $\log(x) = \log_{10}(x)$ Natural: $\ln(x) = \log_e(x)$"
153,SL 2.10,SL 2.10b,Graphs of Logarithmic Functions,Understanding the graphs and properties of logarithmic functions.,"Students learn to graph logarithmic functions, understand their domain and range, and analyze the effects of different bases.","Graph, analyze, understand",Paper 1 (logarithmic graphs),5 / 10,Students should be able to graph logarithmic functions and understand their properties.,formulas,Logarithmic Graph Properties,"$$y = \log_a(x)$$ passes through $(1, 0)$ (always: $\log_a(1) = 0$) Vertical asymptote: $x = 0$ (y-axis) $a > 1$: increasing, curves right $0 < a < 1$: decreasing Never defined for $x \leq 0$ Reflection of $y = a^x$ in line $y = x$"
155,SL 2.10,SL 2.10c,Logarithmic Equations and Applications,Solving logarithmic equations and applying them in context.,"Students learn to solve logarithmic equations, understand logarithmic models, and apply them to real-world problems.","Solve, apply, model",Paper 1 (logarithmic equations),6 / 10,Students should be able to solve logarithmic equations and apply logarithmic models to real-world situations.,formulas,Solving Logarithmic Equations,"Method: Use log laws to combine, then convert to exponential Example: $\log_2(x) + \log_2(x-3) = 2$ $$\log_2(x(x-3)) = 2$$ $$x(x-3) = 2^2 = 4$$ $$x^2 - 3x - 4 = 0 \Rightarrow x = 4 \text{ or } -1$$ Check: $x = -1$ invalid (log of negative!), so $x = 4$"
157,SL 2.11,SL 2.11a,Function Transformations,Understanding transformations of functions and their effects.,"Students learn about vertical and horizontal translations, reflections, and stretches/compressions, and how they affect function graphs.","Understand, apply, transform",Paper 1 (function transformations),6 / 10,Students should be able to understand and apply transformations to function graphs.,formulas,Function Transformation Rules,"From $y = f(x)$: Vertical shift: $y = f(x) + k$ (up if $k>0$) Horizontal shift: $y = f(x - h)$ (right if $h>0$) Vertical stretch: $y = af(x)$ ($|a| > 1$ stretches) Horizontal stretch: $y = f(bx)$ ($|b| > 1$ compresses) Reflections: $y = -f(x)$ (x-axis), $y = f(-x)$ (y-axis)"
159,SL 2.11,SL 2.11b,Combining Transformations,Working with multiple transformations applied to functions.,"Students learn to combine multiple transformations, understand the order of operations, and predict the effects on function graphs.","Combine, predict, analyze",Paper 1 (combined transformations),6 / 10,Students should be able to combine multiple transformations and predict their effects on function graphs.,formulas,Multiple Transformations,"Order matters for combinations: $y = af(b(x-h)) + k$ Order of application: 1. Horizontal stretch/compress ($b$) 2. Horizontal shift ($h$) 3. Vertical stretch/compress ($a$) 4. Vertical shift ($k$) Example: $y = 2(x-3)^2 + 1$ → right 3, stretch by 2, up 1"
161,SL 2.11,SL 2.11c,Transformation Applications,Applying transformations to solve problems and model situations.,"Students learn to use transformations to solve problems, model real-world situations, and understand the practical applications of function transformations.","Apply, model, solve",Paper 1 (transformation applications),6 / 10,Students should be able to apply transformations to solve problems and model real-world situations.,formulas,Modeling with Transformations,"Given context, build model by transforming parent function: Base function → adjust amplitude (vertical stretch) → shift horizontally (phase) → shift vertically (midline) Example: Temperature varies $10°C$ around $20°C$ average: $T(t) = 10\sin(t) + 20$"
163,AHL 2.12,AHL 2.12a,Polynomial Functions,Understanding polynomial functions and their properties.,"Students explore polynomial functions of degree n, learn about their graphs, end behavior, and fundamental properties of polynomials.","Understand, explore, analyze",Paper 1 (polynomial functions),6 / 10,Students should be able to understand polynomial functions and their fundamental properties.,formulas,Polynomial Function Definition,"$$P(x) = a_nx^n + a_{n-1}x^{n-1} + \cdots + a_1x + a_0$$ Degree: $n$ (highest power) Leading coefficient: $a_n$ End behavior: determined by $a_nx^n$ Continuous, smooth curves Domain: all real numbers Example: $P(x) = 2x^3 - 5x^2 + 3x - 1$ (degree 3)"
165,AHL 2.12,AHL 2.12b,The Factor Theorem,Understanding the factor theorem and its applications.,"Students learn that if f(a) = 0, then (x-a) is a factor of f(x), and use this to factor polynomials and find roots.","Apply, factor, find",Paper 1 (factor theorem),7 / 10,Students should be able to apply the factor theorem to factor polynomials and find roots.,formulas,Factor Theorem,"$$f(a) = 0 \iff (x - a) \text{ is a factor of } f(x)$$ Application: Test values to find factors If $f(2) = 0$, then $(x-2)$ divides $f(x)$ Use to factor: $f(x) = (x-a)Q(x)$ Example: If $f(x) = x^3 - 6x^2 + 11x - 6$ and $f(1) = 0$ Then $(x-1)$ is a factor"
167,AHL 2.12,AHL 2.12c,The Remainder Theorem,Understanding the remainder theorem and polynomial division.,"Students learn that when f(x) is divided by (x-a), the remainder is f(a), and apply this to polynomial division problems.","Apply, divide, find",Paper 1 (remainder theorem),7 / 10,Students should be able to apply the remainder theorem to polynomial division problems.,formulas,Remainder Theorem,When $f(x)$ is divided by $(x-a)$: $$f(x) = (x-a)Q(x) + R$$ where $R = f(a)$ (remainder) If $R = 0$: $(x-a)$ is a factor (Factor Theorem) Example: Remainder when $x^3 + 2x - 5$ divided by $(x-2)$? Calculate $f(2) = 8 + 4 - 5 = 7$ Remainder is 7
169,AHL 2.13,AHL 2.13a,Advanced Rational Functions,Working with more complex rational functions and their properties.,"Students explore rational functions with higher degree polynomials, learn about multiple asymptotes, and analyze their behavior.","Explore, analyze, understand",Paper 1 (advanced rational functions),7 / 10,Students should be able to work with complex rational functions and analyze their properties.,formulas,Higher Degree Rational Functions,"$$f(x) = \frac{P(x)}{Q(x)}$$ where $P$, $Q$ are polynomials Domain: all $x$ where $Q(x) \neq 0$ Vertical asymptotes: roots of $Q(x)$ Horizontal asymptote: depends on degree comparison - deg$(P)$ < deg$(Q)$: $y = 0$ - deg$(P)$ = deg$(Q)$: $y = \frac{a_n}{b_n}$ - deg$(P)$ > deg$(Q)$: no horizontal (oblique instead)"
171,AHL 2.13,AHL 2.13b,Oblique Asymptotes,Understanding oblique asymptotes in rational functions.,"Students learn to find oblique asymptotes using polynomial long division, understand when they occur, and analyze their significance.","Find, understand, analyze",Paper 1 (oblique asymptotes),7 / 10,Students should be able to find and analyze oblique asymptotes in rational functions.,formulas,Oblique Asymptote Formula,Occurs when deg$(P)$ = deg$(Q)$ + 1 Use polynomial long division: $$\frac{P(x)}{Q(x)} = mx + c + \frac{R(x)}{Q(x)}$$ Oblique asymptote: $y = mx + c$ Example: $$\frac{x^2 + 1}{x - 1} = x + 1 + \frac{2}{x-1}$$ Oblique asymptote: $y = x + 1$
173,AHL 2.13,AHL 2.13c,Advanced Rational Function Applications,Applying advanced rational function concepts to solve complex problems.,"Students learn to solve complex problems involving rational functions, including optimization and modeling applications.","Solve, apply, model",Paper 1 (rational applications),7 / 10,Students should be able to apply advanced rational function concepts to solve complex problems.,formulas,Average and Marginal Analysis,Average cost: $$\overline{C}(x) = \frac{C(x)}{x}$$ Concentration: $$c(t) = \frac{A}{V(t)}$$ Optimization: Find max/min using calculus Example: Average cost $\overline{C}(x) = \frac{100 + 5x}{x} = \frac{100}{x} + 5$ has horizontal asymptote $y = 5$ (limiting average cost)
175,AHL 2.14,AHL 2.14a,Advanced Composite Functions,Working with complex composite functions and their properties.,"Students learn to work with composite functions involving multiple operations, understand domain restrictions, and analyze their behavior.","Compose, analyze, understand",Paper 1 (advanced composition),7 / 10,Students should be able to work with complex composite functions and understand their properties.,formulas,Domain of Composite Functions,"For $(f \circ g)(x) = f(g(x))$: Domain requires: 1. $x$ in domain of $g$ 2. $g(x)$ in domain of $f$ Example: $f(x) = \sqrt{x}$, $g(x) = x - 4$ $(f \circ g)(x) = \sqrt{x-4}$ Domain: $x \geq 4$ (need $x - 4 \geq 0$)"
177,AHL 2.14,AHL 2.14b,Advanced Inverse Functions,Understanding inverse functions for complex functions and their properties.,"Students learn to find inverses of complex functions, understand domain and range restrictions, and work with inverse function properties.","Find, understand, apply",Paper 1 (advanced inverses),7 / 10,Students should be able to find and work with inverse functions of complex functions.,formulas,Inverse of Composite Functions,"$$(f \circ g)^{-1} = g^{-1} \circ f^{-1}$$ Order reverses! Example: If $h(x) = (2x + 3)^2$ Think: $g(x) = 2x + 3$, $f(x) = x^2$ Then $h^{-1}(x) = \frac{\sqrt{x} - 3}{2}$ (undo square, then undo $2x+3$)"
179,AHL 2.14,AHL 2.14c,Function Composition and Inversion Applications,Applying advanced function composition and inversion to solve problems.,Students learn to apply advanced concepts of function composition and inversion to solve complex mathematical problems.,"Apply, solve, model",Paper 1 (composition applications),7 / 10,Students should be able to apply advanced function composition and inversion concepts to solve problems.,formulas,Application Formulas,"Solving $f(g(x)) = k$: Apply $f^{-1}$ to both sides: $g(x) = f^{-1}(k)$ Then solve for $x$ Finding iterates: $f^2(x) = f(f(x))$, $f^3(x) = f(f(f(x)))$ Fixed points: Solve $f(x) = x$"
181,AHL 2.15,AHL 2.15a,Advanced Rational Function Inequalities,Understanding and solving complex rational function inequalities.,"Students learn to solve rational function inequalities, understand the relationship to rational equations, and represent solutions graphically.","Solve, represent, interpret",Paper 1 (rational inequalities),7 / 10,Students should be able to solve complex rational function inequalities and represent their solutions appropriately.,formulas,Solving Rational Inequalities,"To solve $\frac{P(x)}{Q(x)} > 0$: 1. Find zeros: $P(x) = 0$ and $Q(x) = 0$ 2. Mark critical points on number line 3. Test sign in each interval 4. Combine intervals where condition met Example: $\frac{x-1}{x+2} > 0$ Critical: $x=1$, $x=-2$ Solution: $x < -2$ or $x > 1$"
183,AHL 2.15,AHL 2.15b,Rational Function Domain and Range,Understanding domain and range restrictions in rational functions.,"Students learn to find domain and range of rational functions, understand restrictions, and analyze the effects of asymptotes.","Find, analyze, understand",Paper 1 (domain range analysis),7 / 10,Students should be able to find and analyze domain and range of rational functions.,formulas,Domain and Range Analysis,"Domain of $\frac{P(x)}{Q(x)}$: all $x$ where $Q(x) \neq 0$ Range: values $f$ can output Method: Set $y = f(x)$, solve for $x$ Values of $y$ that give valid $x$ are in range Asymptotes help: often exclude asymptote value from range Example: $f(x) = \frac{1}{x}$ excludes $y = 0$ from range"
185,AHL 2.15,AHL 2.15c,Rational Function Optimization,Applying rational functions to optimization problems.,"Students learn to use rational functions in optimization problems, understand constraints, and find maximum/minimum values.","Apply, optimize, solve",Paper 1 (rational optimization),7 / 10,Students should be able to apply rational functions to optimization problems.,formulas,Optimization Strategy,For rational function $f(x) = \frac{P(x)}{Q(x)}$: 1. Find $f'(x)$ (quotient rule) 2. Solve $f'(x) = 0$ for critical points 3. Check endpoints and asymptotic behavior 4. Evaluate $f$ at critical points Example: Minimize $f(x) = x + \frac{4}{x}$ for $x > 0$ $f'(x) = 1 - \frac{4}{x^2} = 0 \Rightarrow x = 2$
187,AHL 2.16,AHL 2.16a,Advanced Function Transformations,Understanding complex transformations of functions and their effects.,"Students learn about advanced transformations including dilations, rotations, and combinations of multiple transformations.","Understand, apply, transform",Paper 1 (advanced transformations),7 / 10,Students should be able to understand and apply advanced transformations to function graphs.,formulas,Advanced Transformation Types,"Dilation from point $(h, k)$: $$y - k = a(f(x) - k)$$ Absolute value transformations: $y = |f(x)|$ (reflect negative parts) $y = f(|x|)$ (symmetric about y-axis) Piecewise combinations Multiple compositions Example: $y = |x^2 - 4|$ reflects parts below x-axis"
189,AHL 2.16,AHL 2.16b,Transformation Matrices,Understanding matrix representations of transformations.,"Students learn to represent transformations using matrices, understand matrix operations, and apply them to function transformations.","Represent, understand, apply",Paper 1 (transformation matrices),7 / 10,Students should be able to represent and apply transformations using matrices.,formulas,Matrix Transformations,"Point $(x, y)$ transformed by matrix $\begin{pmatrix} a & b \\ c & d \end{pmatrix}$: $$\begin{pmatrix} a & b \\ c & d \end{pmatrix} \begin{pmatrix} x \\ y \end{pmatrix} = \begin{pmatrix} ax + by \\ cx + dy \end{pmatrix}$$ Standard transformations: Rotation, reflection, scaling, shearing Composition: multiply matrices"
191,AHL 2.16,AHL 2.16c,Advanced Transformation Applications,Applying advanced transformations to solve complex problems.,Students learn to use advanced transformations to solve complex mathematical problems and model real-world situations.,"Apply, solve, model",Paper 1 (advanced transformation applications),7 / 10,Students should be able to apply advanced transformations to solve complex problems.,formulas,Modeling Complex Transformations,"Combining transformations for models: $$y = a\cdot f(b(x - h)) + k$$ Scale, shift, transform Real example: Tidal model $h(t) = 2\sin(\frac{\pi}{6}(t-3)) + 5$ Amplitude 2m, period 12h, peak at t=3h, mean 5m Multiple transformation analysis essential"
193,SL 3.1,SL 3.1a,Three-Dimensional Coordinate Systems,Understanding three-dimensional coordinate systems and spatial geometry.,"Students learn about 3D coordinate systems, distance formula in 3D, and basic spatial relationships between points.","Understand, calculate, analyze",Paper 1 (3D coordinates),5 / 10,Students should be able to work with three-dimensional coordinate systems and calculate distances.,formulas,3D Coordinate System,"Point in 3D: $(x, y, z)$ $x$: left/right, $y$: forward/back, $z$: up/down Distance between $(x_1, y_1, z_1)$ and $(x_2, y_2, z_2)$: $$d = \sqrt{(x_2-x_1)^2 + (y_2-y_1)^2 + (z_2-z_1)^2}$$ Midpoint: $$M = \left(\frac{x_1+x_2}{2}, \frac{y_1+y_2}{2}, \frac{z_1+z_2}{2}\right)$$"
195,SL 3.1,SL 3.1b,Equations of Planes,Understanding equations of planes in three-dimensional space.,"Students learn to find equations of planes using points and normal vectors, understand different forms of plane equations.","Find, understand, apply",Paper 1 (plane equations),6 / 10,Students should be able to find equations of planes in three-dimensional space.,formulas,Plane Equations,"General form: $$ax + by + cz = d$$ Normal vector: $\mathbf{n} = (a, b, c)$ perpendicular to plane Given point $(x_0, y_0, z_0)$ on plane: $$a(x-x_0) + b(y-y_0) + c(z-z_0) = 0$$ Example: Plane through $(1, 2, 3)$ with normal $(2, -1, 4)$: $$2(x-1) - (y-2) + 4(z-3) = 0$$"
197,SL 3.1,SL 3.1c,Intersection of Planes and Lines,Understanding intersections between planes and lines in 3D space.,"Students learn to find intersections between planes and lines, understand different cases of intersection, and solve related problems.","Find, understand, solve",Paper 1 (plane line intersections),6 / 10,Students should be able to find intersections between planes and lines in three-dimensional space.,formulas,Line-Plane Intersection,"Line: $\mathbf{r} = \mathbf{a} + t\mathbf{d}$ or parametric form Plane: $ax + by + cz = d$ Substitute line into plane equation, solve for $t$ Cases: - One point (line intersects plane) - No solution (line parallel to plane) - Infinite solutions (line in plane) Example: Find where line through origin in direction $(1,1,1)$ meets plane $x+y+z=3$"
199,SL 3.2,SL 3.2a,Trigonometric Ratios,Understanding basic trigonometric ratios and their properties.,"Students learn about sine, cosine, and tangent ratios, understand their definitions in right triangles, and apply them to solve problems.","Understand, apply, solve",Paper 1 (trigonometric ratios),4 / 10,Students should be able to understand and apply basic trigonometric ratios to solve problems.,formulas,SOHCAHTOA,"In right triangle with angle $\theta$: $$\sin\theta = \frac{\text{opposite}}{\text{hypotenuse}}$$ $$\cos\theta = \frac{\text{adjacent}}{\text{hypotenuse}}$$ $$\tan\theta = \frac{\text{opposite}}{\text{adjacent}} = \frac{\sin\theta}{\cos\theta}$$ Reciprocals: $\csc\theta = \frac{1}{\sin\theta}$, $\sec\theta = \frac{1}{\cos\theta}$, $\cot\theta = \frac{1}{\tan\theta}$"
201,SL 3.2,SL 3.2b,Special Angles and Exact Values,Understanding special angles and their exact trigonometric values.,"Students learn the exact values of trigonometric ratios for 30°, 45°, 60°, and 90°, and apply them in calculations.","Learn, apply, calculate",Paper 1 (special angles),5 / 10,Students should be able to recall and apply exact values of trigonometric ratios for special angles.,formulas,Exact Trig Values,"$$\sin 30° = \frac{1}{2}, \cos 30° = \frac{\sqrt{3}}{2}, \tan 30° = \frac{1}{\sqrt{3}}$$ $$\sin 45° = \frac{\sqrt{2}}{2}, \cos 45° = \frac{\sqrt{2}}{2}, \tan 45° = 1$$ $$\sin 60° = \frac{\sqrt{3}}{2}, \cos 60° = \frac{1}{2}, \tan 60° = \sqrt{3}$$ $$\sin 90° = 1, \cos 90° = 0, \tan 90° = \text{undefined}$$"
203,SL 3.2,SL 3.2c,Applications of Trigonometric Ratios,Applying trigonometric ratios to solve real-world problems.,"Students learn to apply trigonometric ratios to solve problems involving angles of elevation, depression, and other real-world situations.","Apply, solve, model",Paper 1 (trigonometric applications),5 / 10,Students should be able to apply trigonometric ratios to solve real-world problems.,formulas,Application Problem Setup,"Angle of elevation: looking up from horizontal Angle of depression: looking down from horizontal Find unknown side: identify given angle and sides, choose appropriate ratio Solve: $$\sin\theta = \frac{h}{d} \Rightarrow h = d\sin\theta$$ Example: Tree height from 20m away at 35° elevation: $h = 20\tan 35°$"
205,SL 3.3,SL 3.3a,The Unit Circle,Understanding the unit circle and its relationship to trigonometric functions.,"Students learn about the unit circle, understand how it relates to trigonometric ratios, and work with angles in radians and degrees.","Understand, relate, convert",Paper 1 (unit circle),5 / 10,Students should be able to understand the unit circle and its relationship to trigonometric functions.,formulas,Unit Circle Definition,"Circle with radius 1, centered at origin: $$x^2 + y^2 = 1$$ For angle $\theta$ from positive x-axis: Point on circle: $(\cos\theta, \sin\theta)$ Therefore: $$\sin^2\theta + \cos^2\theta = 1$$ Unit circle extends trig beyond right triangles to all angles"
207,SL 3.3,SL 3.3b,Radians and Degrees,Understanding the relationship between radians and degrees.,"Students learn to convert between radians and degrees, understand the relationship π radians = 180°, and apply this in calculations.","Convert, understand, apply",Paper 1 (radian degree conversion),5 / 10,Students should be able to convert between radians and degrees and apply this in calculations.,formulas,Radian-Degree Conversion,"$$\pi \text{ radians} = 180°$$ Conversion: $$\text{radians} = \text{degrees} \times \frac{\pi}{180}$$ $$\text{degrees} = \text{radians} \times \frac{180}{\pi}$$ Examples: $90° = \frac{\pi}{2}$ rad, $60° = \frac{\pi}{3}$ rad, $1 \text{ rad} \approx 57.3°$"
209,SL 3.3,SL 3.3c,Arc Length and Sector Area,Understanding arc length and sector area calculations.,"Students learn to calculate arc length s = rθ and sector area A = ½r²θ, and apply these formulas to solve problems.","Calculate, apply, solve",Paper 1 (arc length sector area),5 / 10,Students should be able to calculate arc length and sector area using appropriate formulas.,formulas,Arc Length and Sector Area,"Arc length: $$s = r\theta$$ ($\theta$ in radians) Sector area: $$A = \frac{1}{2}r^2\theta$$ ($\theta$ in radians) Example: Circle radius 5cm, angle $\frac{\pi}{3}$: Arc length: $s = 5 \cdot \frac{\pi}{3} = \frac{5\pi}{3}$ cm Area: $A = \frac{1}{2}(5)^2 \cdot \frac{\pi}{3} = \frac{25\pi}{6}$ cm²"
211,SL 3.4,SL 3.4a,Trigonometric Identities,Understanding fundamental trigonometric identities.,"Students learn about sin²θ + cos²θ = 1, tanθ = sinθ/cosθ, and other fundamental identities, and apply them to simplify expressions.","Learn, apply, simplify",Paper 1 (trigonometric identities),6 / 10,Students should be able to understand and apply fundamental trigonometric identities.,formulas,Fundamental Trig Identities,"Pythagorean: $$\sin^2\theta + \cos^2\theta = 1$$ $$1 + \tan^2\theta = \sec^2\theta$$ $$1 + \cot^2\theta = \csc^2\theta$$ Quotient: $$\tan\theta = \frac{\sin\theta}{\cos\theta}, \quad \cot\theta = \frac{\cos\theta}{\sin\theta}$$ Reciprocal: $\sin\theta = \frac{1}{\csc\theta}$, $\cos\theta = \frac{1}{\sec\theta}$, etc."
213,SL 3.4,SL 3.4b,Simplifying Trigonometric Expressions,Simplifying complex trigonometric expressions using identities.,"Students learn to use trigonometric identities to simplify expressions, factor trigonometric expressions, and solve related problems.","Simplify, factor, solve",Paper 1 (trigonometric simplification),6 / 10,Students should be able to simplify trigonometric expressions using identities.,formulas,Simplification Strategies,Common techniques: 1. Convert to sin and cos: $\tan\theta = \frac{\sin\theta}{\cos\theta}$ 2. Use Pythagorean: $\sin^2\theta = 1 - \cos^2\theta$ 3. Factor: $\sin^2\theta - \cos^2\theta = (\sin\theta - \cos\theta)(\sin\theta + \cos\theta)$ Example: Simplify $\frac{1}{\sin\theta} - \sin\theta = \frac{1-\sin^2\theta}{\sin\theta} = \frac{\cos^2\theta}{\sin\theta}$
215,SL 3.4,SL 3.4c,Proving Trigonometric Identities,Understanding how to prove trigonometric identities.,"Students learn techniques for proving trigonometric identities, understand logical reasoning, and develop proof-writing skills.","Prove, reason, develop",Paper 1 (trigonometric proofs),6 / 10,Students should be able to prove trigonometric identities using appropriate techniques.,formulas,Identity Proof Strategy,To prove: LHS = RHS 1. Start with more complex side 2. Apply identities step by step 3. Arrive at other side DON'T: Work both sides toward middle Don't assume what proving! Example: Prove $\tan\theta + \cot\theta = \frac{1}{\sin\theta\cos\theta}$ LHS $= \frac{\sin\theta}{\cos\theta} + \frac{\cos\theta}{\sin\theta} = \frac{\sin^2\theta + \cos^2\theta}{\sin\theta\cos\theta} = \frac{1}{\sin\theta\cos\theta}$ = RHS
217,SL 3.5,SL 3.5a,Graphs of Sine and Cosine,Understanding the graphs of sine and cosine functions.,"Students learn to graph y = sin(x) and y = cos(x), understand their periodic nature, amplitude, and period, and analyze their key features.","Graph, understand, analyze",Paper 1 (sine cosine graphs),5 / 10,Students should be able to graph sine and cosine functions and understand their properties.,formulas,Sine and Cosine Graphs,"$$y = \sin x$$ Domain: all reals, Range: $[-1, 1]$ Period: $2\pi$, zeros: $x = n\pi$ $$y = \cos x$$ Domain: all reals, Range: $[-1, 1]$ Period: $2\pi$, zeros: $x = \frac{\pi}{2} + n\pi$ Relationship: $\cos x = \sin(x + \frac{\pi}{2})$ (phase shift)"
219,SL 3.5,SL 3.5b,Amplitude and Period,Understanding amplitude and period in trigonometric functions.,"Students learn about amplitude |a| and period 2π/b in y = a sin(bx) and y = a cos(bx), and how these parameters affect the graphs.","Understand, analyze, apply",Paper 1 (amplitude period),5 / 10,Students should be able to understand and analyze amplitude and period in trigonometric functions.,formulas,Amplitude and Period Formulas,"For $y = a\sin(bx)$ or $y = a\cos(bx)$: Amplitude: $|a|$ (maximum displacement from midline) Period: $\frac{2\pi}{|b|}$ (length of one complete cycle) Frequency: $\frac{|b|}{2\pi}$ (cycles per unit) Example: $y = 3\sin(2x)$ → amplitude 3, period $\pi$"
221,SL 3.5,SL 3.5c,Phase Shift and Vertical Shift,Understanding phase shift and vertical shift in trigonometric functions.,"Students learn about phase shift c and vertical shift d in y = a sin(b(x-c)) + d, and how these transformations affect the graphs.","Understand, analyze, apply",Paper 1 (phase vertical shift),5 / 10,Students should be able to understand and analyze phase shift and vertical shift in trigonometric functions.,formulas,Phase and Vertical Shifts,"General form: $$y = a\sin(b(x - c)) + d$$ Phase shift: $c$ (horizontal, right if $c > 0$) Vertical shift: $d$ (midline moves to $y = d$) New range: $[d - |a|, d + |a|]$ Example: $y = 2\sin(3(x - \frac{\pi}{6})) + 1$ → right $\frac{\pi}{6}$, midline $y = 1$"
223,SL 3.6,SL 3.6a,Graphs of Tangent and Cotangent,Understanding the graphs of tangent and cotangent functions.,"Students learn to graph y = tan(x) and y = cot(x), understand their periodic nature, asymptotes, and analyze their key features.","Graph, understand, analyze",Paper 1 (tangent cotangent graphs),5 / 10,Students should be able to graph tangent and cotangent functions and understand their properties.,formulas,Tangent and Cotangent Graphs,"$$y = \tan x = \frac{\sin x}{\cos x}$$ Domain: $x \neq \frac{\pi}{2} + n\pi$ Range: all reals Period: $\pi$, Asymptotes: $x = \frac{\pi}{2} + n\pi$ $$y = \cot x = \frac{\cos x}{\sin x}$$ Domain: $x \neq n\pi$, Range: all reals Period: $\pi$, Asymptotes: $x = n\pi$"
225,SL 3.6,SL 3.6b,Asymptotes in Trigonometric Functions,Understanding asymptotes in trigonometric functions.,"Students learn to identify vertical asymptotes in tangent and cotangent functions, understand their significance, and analyze function behavior.","Identify, understand, analyze",Paper 1 (trigonometric asymptotes),5 / 10,Students should be able to identify and understand asymptotes in trigonometric functions.,formulas,Trig Function Asymptotes,For $y = \tan x$: Asymptotes at $x = \frac{\pi}{2} + n\pi$ (where $\cos x = 0$) For $y = \cot x$: Asymptotes at $x = n\pi$ (where $\sin x = 0$) Function approaches $\pm\infty$ at asymptotes Transformed: $y = a\tan(b(x-c))$ has asymptotes shifted and scaled
227,SL 3.6,SL 3.6c,Period and Transformations,Understanding period and transformations in tangent and cotangent functions.,"Students learn about period π/b in y = a tan(bx) and y = a cot(bx), and how transformations affect these functions.","Understand, analyze, apply",Paper 1 (tangent transformations),5 / 10,Students should be able to understand and analyze period and transformations in tangent and cotangent functions.,formulas,Tangent Transformations,"For $y = a\tan(bx)$ or $y = a\cot(bx)$: Period: $\frac{\pi}{|b|}$ (note: $\pi$ not $2\pi$!) Vertical stretch: $|a|$ (affects steepness) No amplitude (unbounded) Example: $y = 2\tan(3x)$ → period $\frac{\pi}{3}$, steeper by factor 2"
229,SL 3.7,SL 3.7a,Circular Functions,Understanding circular functions and their relationship to trigonometric functions.,"Students learn about circular functions, understand their relationship to trigonometric functions, and work with their properties.","Understand, relate, work",Paper 1 (circular functions),5 / 10,Students should be able to understand circular functions and their relationship to trigonometric functions.,formulas,Circular Function Definition,"Circular functions = trig functions viewed as functions of arc length on unit circle Equivalently: functions of real numbers (not just angles) $$\sin: \mathbb{R} \to [-1, 1]$$ $$\cos: \mathbb{R} \to [-1, 1]$$ Same formulas, broader interpretation Period $2\pi$ = once around circle"
231,SL 3.7,SL 3.7b,Graphs of Circular Functions,Understanding the graphs of circular functions.,"Students learn to graph circular functions, understand their periodic nature, and analyze their key features and behavior.","Graph, understand, analyze",Paper 1 (circular function graphs),5 / 10,Students should be able to graph circular functions and understand their properties.,formulas,Circular Function Graph Properties,"Same as trig function graphs: $y = \sin x$: starts $(0,0)$, wave pattern $y = \cos x$: starts $(0,1)$, wave pattern Period $2\pi$, amplitude 1 (unless transformed) Continuous, smooth, bounded All transformations apply: $y = a\sin(b(x-c)) + d$"
233,SL 3.7,SL 3.7c,Applications of Circular Functions,Applying circular functions to solve problems and model situations.,"Students learn to apply circular functions to solve problems, model periodic phenomena, and understand their real-world applications.","Apply, model, understand",Paper 1 (circular function applications),5 / 10,Students should be able to apply circular functions to solve problems and model real-world situations.,formulas,Periodic Model Template,"General sinusoidal model: $$y = a\sin(b(t - c)) + d$$ Or: $$y = a\cos(b(t - c)) + d$$ Identify from context: $a$ = half range, $d$ = midline, period $T = \frac{2\pi}{b}$, $c$ = shift Example: Daily temperature: max 30°, min 10°, peaks at 2pm"
235,SL 3.8,SL 3.8a,Inverse Trigonometric Functions,Understanding inverse trigonometric functions and their properties.,"Students learn about arcsin, arccos, and arctan functions, understand their domains and ranges, and work with their properties.","Understand, work, apply",Paper 1 (inverse trigonometric functions),6 / 10,Students should be able to understand and work with inverse trigonometric functions.,formulas,Inverse Trig Functions,"$$\arcsin x = \sin^{-1} x: [-1,1] \to [-\frac{\pi}{2}, \frac{\pi}{2}]$$ $$\arccos x = \cos^{-1} x: [-1,1] \to [0, \pi]$$ $$\arctan x = \tan^{-1} x: \mathbb{R} \to (-\frac{\pi}{2}, \frac{\pi}{2})$$ Properties: $\sin(\sin^{-1} x) = x$, $\sin^{-1}(\sin x) = x$ (within range)"
237,SL 3.8,SL 3.8b,Graphs of Inverse Trigonometric Functions,Understanding the graphs of inverse trigonometric functions.,"Students learn to graph inverse trigonometric functions, understand their restricted domains, and analyze their key features.","Graph, understand, analyze",Paper 1 (inverse trig graphs),6 / 10,Students should be able to graph inverse trigonometric functions and understand their properties.,formulas,Inverse Trig Graph Properties,"$y = \sin^{-1} x$: Domain $[-1, 1]$, Range $[-\frac{\pi}{2}, \frac{\pi}{2}]$ Increasing, passes through origin $y = \cos^{-1} x$: Domain $[-1, 1]$, Range $[0, \pi]$ Decreasing, passes through $(1, 0)$ $y = \tan^{-1} x$: Domain all reals, Range $(-\frac{\pi}{2}, \frac{\pi}{2})$ Horizontal asymptotes at $\pm\frac{\pi}{2}$"
239,SL 3.8,SL 3.8c,Applications of Inverse Trigonometric Functions,Applying inverse trigonometric functions to solve problems.,"Students learn to apply inverse trigonometric functions to solve problems, understand their practical applications, and work with related calculations.","Apply, solve, understand",Paper 1 (inverse trig applications),6 / 10,Students should be able to apply inverse trigonometric functions to solve problems.,formulas,Solving with Inverse Trig,To solve $\sin\theta = k$: $$\theta = \sin^{-1}(k)$$ (principal value) General solution: $\theta = \sin^{-1}(k) + 2n\pi$ or $\theta = \pi - \sin^{-1}(k) + 2n\pi$ Example: $\sin\theta = 0.5$ $\theta = \sin^{-1}(0.5) = \frac{\pi}{6}$ or $\theta = \pi - \frac{\pi}{6} = \frac{5\pi}{6}$ (plus $2n\pi$)
241,AHL 3.9,AHL 3.9a,Reciprocal Trigonometric Functions,Understanding reciprocal trigonometric functions and their properties.,"Students learn about cosecant, secant, and cotangent functions, understand their relationships to sine, cosine, and tangent, and work with their properties.","Understand, relate, work",Paper 1 (reciprocal trig functions),6 / 10,Students should be able to understand and work with reciprocal trigonometric functions.,formulas,Reciprocal Trig Functions,$$\csc\theta = \frac{1}{\sin\theta}$$ (cosecant) $$\sec\theta = \frac{1}{\cos\theta}$$ (secant) $$\cot\theta = \frac{1}{\tan\theta} = \frac{\cos\theta}{\sin\theta}$$ (cotangent) Pythagorean identities: $$1 + \cot^2\theta = \csc^2\theta$$ $$1 + \tan^2\theta = \sec^2\theta$$
243,AHL 3.9,AHL 3.9b,Graphs of Reciprocal Trigonometric Functions,Understanding the graphs of reciprocal trigonometric functions.,"Students learn to graph reciprocal trigonometric functions, understand their asymptotes and behavior, and analyze their key features.","Graph, understand, analyze",Paper 1 (reciprocal trig graphs),6 / 10,Students should be able to graph reciprocal trigonometric functions and understand their properties.,formulas,Reciprocal Trig Graphs,"$y = \csc x$: Range $(-\infty, -1] \cup [1, \infty)$ Asymptotes where $\sin x = 0$ $y = \sec x$: Range $(-\infty, -1] \cup [1, \infty)$ Asymptotes where $\cos x = 0$ $y = \cot x$: Range all reals, Period $\pi$ Asymptotes where $\sin x = 0$"
245,AHL 3.9,AHL 3.9c,Advanced Inverse Trigonometric Functions,Understanding advanced properties of inverse trigonometric functions.,"Students learn about advanced properties of inverse trigonometric functions, understand their relationships, and work with complex problems.","Understand, relate, work",Paper 1 (advanced inverse trig),7 / 10,Students should be able to understand advanced properties of inverse trigonometric functions.,formulas,Advanced Inverse Identities,"$$\sin^{-1}x + \cos^{-1}x = \frac{\pi}{2}$$ $$\tan^{-1}x + \tan^{-1}\left(\frac{1}{x}\right) = \frac{\pi}{2}, \quad x > 0$$ $$\sin^{-1}(-x) = -\sin^{-1}(x)$$ $$\cos^{-1}(-x) = \pi - \cos^{-1}(x)$$ $$\tan^{-1}(-x) = -\tan^{-1}(x)$$"
247,AHL 3.10,AHL 3.10a,Compound Angle Formulae,Understanding compound angle formulae in trigonometry.,"Students learn about sin(A±B), cos(A±B), and tan(A±B) formulae, understand their derivations, and apply them to solve problems.","Learn, understand, apply",Paper 1 (compound angle formulae),7 / 10,Students should be able to understand and apply compound angle formulae.,formulas,Compound Angle Formulas,"$$\sin(A \pm B) = \sin A \cos B \pm \cos A \sin B$$ $$\cos(A \pm B) = \cos A \cos B \mp \sin A \sin B$$ $$\tan(A \pm B) = \frac{\tan A \pm \tan B}{1 \mp \tan A \tan B}$$ Note: signs! $\sin$ same, $\cos$ opposite Example: $\sin 75° = \sin(45° + 30°) = \frac{\sqrt{6} + \sqrt{2}}{4}$"
249,AHL 3.10,AHL 3.10b,Double Angle Formulae,Understanding double angle formulae in trigonometry.,"Students learn about sin(2A), cos(2A), and tan(2A) formulae, understand their derivations, and apply them to solve problems.","Learn, understand, apply",Paper 1 (double angle formulae),7 / 10,Students should be able to understand and apply double angle formulae.,formulas,Double Angle Formulas,"$$\sin(2A) = 2\sin A \cos A$$ $$\cos(2A) = \cos^2 A - \sin^2 A = 2\cos^2 A - 1 = 1 - 2\sin^2 A$$ $$\tan(2A) = \frac{2\tan A}{1 - \tan^2 A}$$ Half-angle (rearranged): $$\sin^2 A = \frac{1 - \cos(2A)}{2}$$, $$\cos^2 A = \frac{1 + \cos(2A)}{2}$$"
251,AHL 3.10,AHL 3.10c,Applications of Compound and Double Angle Formulae,Applying compound and double angle formulae to solve problems.,Students learn to apply compound and double angle formulae to solve complex trigonometric problems and prove identities.,"Apply, solve, prove",Paper 1 (angle formula applications),7 / 10,Students should be able to apply compound and double angle formulae to solve problems and prove identities.,formulas,Solving with Angle Formulas,"Strategy: Express complex angles as sums/differences Example: Find exact value of $\sin 15°$ $$\sin 15° = \sin(45° - 30°)$$ $$= \sin 45°\cos 30° - \cos 45°\sin 30°$$ $$= \frac{\sqrt{2}}{2} \cdot \frac{\sqrt{3}}{2} - \frac{\sqrt{2}}{2} \cdot \frac{1}{2} = \frac{\sqrt{6} - \sqrt{2}}{4}$$ Also: solve equations, prove identities"
253,AHL 3.11,AHL 3.11a,Trigonometric Symmetry,Understanding symmetry properties in trigonometric functions.,"Students learn about even and odd functions, understand symmetry properties of trigonometric functions, and apply these concepts to solve problems.","Understand, apply, solve",Paper 1 (trigonometric symmetry),7 / 10,Students should be able to understand and apply symmetry properties in trigonometric functions.,formulas,Trig Symmetry Properties,Even functions: $f(-x) = f(x)$ $$\cos(-x) = \cos x$$ $$\sec(-x) = \sec x$$ Odd functions: $f(-x) = -f(x)$ $$\sin(-x) = -\sin x$$ $$\tan(-x) = -\tan x$$ $$\csc(-x) = -\csc x$$ $$\cot(-x) = -\cot x$$
255,AHL 3.11,AHL 3.11b,Periodicity and Symmetry,Understanding the relationship between periodicity and symmetry in trigonometric functions.,"Students learn about periodic properties, understand how symmetry relates to periodicity, and analyze these relationships in trigonometric functions.","Understand, relate, analyze",Paper 1 (periodicity symmetry),7 / 10,Students should be able to understand the relationship between periodicity and symmetry in trigonometric functions.,formulas,Periodic and Symmetric Properties,"Periodicity: $$\sin(x + 2\pi) = \sin x, \quad \cos(x + 2\pi) = \cos x$$ $$\tan(x + \pi) = \tan x$$ Combined with symmetry: $$\sin(\pi - x) = \sin x$$ $$\cos(\pi - x) = -\cos x$$ $$\sin(\pi + x) = -\sin x$$ Related angles formulas"
257,AHL 3.11,AHL 3.11c,Applications of Trigonometric Symmetry,Applying symmetry properties to solve trigonometric problems.,"Students learn to use symmetry properties to simplify calculations, solve trigonometric equations, and prove identities.","Apply, simplify, solve",Paper 1 (symmetry applications),7 / 10,Students should be able to apply symmetry properties to solve trigonometric problems.,formulas,Using Symmetry to Simplify,"Integration application: $$\int_{-a}^{a} \text{odd function} = 0$$ Equation solving: Use symmetry to find all solutions Example: If $\sin x = 0.5$, then $x = \sin^{-1}(0.5)$ and by symmetry $x = \pi - \sin^{-1}(0.5)$ Identities: Replace $-x$ and apply even/odd properties"
259,AHL 3.12,AHL 3.12a,Vector Concepts,Understanding basic vector concepts and operations.,"Students learn about vectors, understand vector notation, magnitude, and direction, and work with basic vector operations.","Understand, work, apply",Paper 1 (vector concepts),6 / 10,Students should be able to understand basic vector concepts and perform vector operations.,formulas,Vector Basics,Vector notation: $\mathbf{v} = \begin{pmatrix} x \\ y \\ z \end{pmatrix}$ or $\mathbf{v} = x\mathbf{i} + y\mathbf{j} + z\mathbf{k}$ Magnitude: $$|\mathbf{v}| = \sqrt{x^2 + y^2 + z^2}$$ Unit vector: $$\hat{\mathbf{v}} = \frac{\mathbf{v}}{|\mathbf{v}|}$$ Position vector: from origin to point
261,AHL 3.12,AHL 3.12b,Vector Operations,"Understanding vector addition, subtraction, and scalar multiplication.","Students learn to add, subtract, and multiply vectors by scalars, understand the geometric interpretation of these operations.","Learn, understand, apply",Paper 1 (vector operations),6 / 10,Students should be able to perform vector operations and understand their geometric interpretation.,formulas,Vector Operations,"Addition: $$\mathbf{u} + \mathbf{v} = \begin{pmatrix} u_1 + v_1 \\ u_2 + v_2 \\ u_3 + v_3 \end{pmatrix}$$ (component-wise) Scalar multiplication: $$k\mathbf{v} = \begin{pmatrix} kv_1 \\ kv_2 \\ kv_3 \end{pmatrix}$$ Subtraction: $\mathbf{u} - \mathbf{v} = \mathbf{u} + (-\mathbf{v})$ Geometric: tip-to-tail (addition), scaling (scalar mult)"
263,AHL 3.12,AHL 3.12c,Vector Applications,Applying vectors to solve problems in geometry and physics.,"Students learn to apply vectors to solve problems involving displacement, velocity, forces, and other physical quantities.","Apply, solve, model",Paper 1 (vector applications),6 / 10,Students should be able to apply vectors to solve problems in geometry and physics.,formulas,Vector Application Formulas,Displacement: $\mathbf{s} = \mathbf{r}_2 - \mathbf{r}_1$ Velocity: $\mathbf{v} = \frac{\Delta \mathbf{r}}{\Delta t}$ Force combination: $\mathbf{F}_{net} = \mathbf{F}_1 + \mathbf{F}_2 + \cdots$ Distance: $|\mathbf{r}_2 - \mathbf{r}_1|$ Speed: $|\mathbf{v}|$
265,AHL 3.13,AHL 3.13a,Linear Systems,Understanding systems of linear equations and their solutions.,"Students learn about systems of linear equations, understand different types of solutions, and work with methods to solve them.","Understand, work, solve",Paper 1 (linear systems),6 / 10,Students should be able to understand and solve systems of linear equations.,formulas,Linear System Basics,"System of $m$ equations in $n$ unknowns: $$\begin{cases} a_{11}x_1 + a_{12}x_2 + \cdots + a_{1n}x_n = b_1 \\ a_{21}x_1 + a_{22}x_2 + \cdots + a_{2n}x_n = b_2 \\ \vdots \end{cases}$$ Solution types: unique, infinite, none Methods: substitution, elimination, matrix (Gaussian)"
267,AHL 3.13,AHL 3.13b,Matrix Methods,Understanding matrix methods for solving linear systems.,"Students learn to use matrices to solve linear systems, understand Gaussian elimination, and work with matrix operations.","Learn, understand, apply",Paper 1 (matrix methods),7 / 10,Students should be able to use matrix methods to solve linear systems.,formulas,Gaussian Elimination,Augmented matrix → RREF Elementary row operations: 1. Swap rows 2. Multiply row by nonzero constant 3. Add multiple of one row to another Goal: $$\left[\begin{array}{ccc|c} 1 & 0 & 0 & x \\ 0 & 1 & 0 & y \\ 0 & 0 & 1 & z \end{array}\right]$$ Read solution directly
269,AHL 3.13,AHL 3.13c,Applications of Linear Systems,Applying linear systems to solve real-world problems.,"Students learn to model real-world situations using linear systems, solve optimization problems, and understand practical applications.","Apply, model, solve",Paper 1 (linear system applications),7 / 10,Students should be able to apply linear systems to solve real-world problems.,formulas,Linear System Modeling,"Set up from context: 1. Define variables 2. Write equations from constraints 3. Solve system 4. Interpret solution Example: Mixture problem, cost optimization, traffic flow, chemical balance Applications: economics (supply/demand), engineering (circuits), operations research"
271,AHL 3.14,AHL 3.14a,Advanced Vector Operations,Understanding advanced vector operations including dot and cross products.,"Students learn about dot product, cross product, and their geometric interpretations, and apply these concepts to solve problems.","Learn, understand, apply",Paper 1 (advanced vector operations),7 / 10,Students should be able to understand and apply advanced vector operations.,formulas,Dot and Cross Products,Dot product (scalar): $$\mathbf{u} \cdot \mathbf{v} = u_1v_1 + u_2v_2 + u_3v_3 = |\mathbf{u}||\mathbf{v}|\cos\theta$$ Cross product (vector): $$\mathbf{u} \times \mathbf{v} = \begin{vmatrix} \mathbf{i} & \mathbf{j} & \mathbf{k} \\ u_1 & u_2 & u_3 \\ v_1 & v_2 & v_3 \end{vmatrix}$$ $|\mathbf{u} \times \mathbf{v}| = |\mathbf{u}||\mathbf{v}|\sin\theta$
273,AHL 3.14,AHL 3.14b,Vector Geometry,Understanding the geometric applications of vectors in three-dimensional space.,"Students learn to use vectors to solve geometric problems, understand vector equations of lines and planes, and work with spatial relationships.","Learn, understand, work",Paper 1 (vector geometry),7 / 10,Students should be able to use vectors to solve geometric problems in three-dimensional space.,formulas,Vector Equations in 3D,Line through point $\mathbf{a}$ in direction $\mathbf{d}$: $$\mathbf{r} = \mathbf{a} + t\mathbf{d}$$ Plane through point $\mathbf{a}$ with normal $\mathbf{n}$: $$(\mathbf{r} - \mathbf{a}) \cdot \mathbf{n} = 0$$ or $\mathbf{r} \cdot \mathbf{n} = k$ Distance from point to plane: $$d = \frac{|\mathbf{r}_0 \cdot \mathbf{n} - k|}{|\mathbf{n}|}$$
275,AHL 3.14,AHL 3.14c,Applications of Advanced Vectors,Applying advanced vector concepts to solve complex problems.,"Students learn to apply advanced vector concepts to solve problems in physics, engineering, and other fields requiring spatial analysis.","Apply, solve, analyze",Paper 1 (advanced vector applications),7 / 10,Students should be able to apply advanced vector concepts to solve complex problems.,formulas,Advanced Vector Applications,Work: $W = \mathbf{F} \cdot \mathbf{s}$ (dot product) Torque: $\boldsymbol{\tau} = \mathbf{r} \times \mathbf{F}$ (cross product) Projection of $\mathbf{u}$ onto $\mathbf{v}$: $$\text{proj}_\mathbf{v}\mathbf{u} = \frac{\mathbf{u} \cdot \mathbf{v}}{|\mathbf{v}|^2}\mathbf{v}$$ Area of triangle: $\frac{1}{2}|\mathbf{u} \times \mathbf{v}|$
277,AHL 3.15,AHL 3.15a,Advanced Linear Systems,Understanding advanced concepts in linear systems and their solutions.,"Students learn about consistent and inconsistent systems, dependent and independent systems, and advanced solution methods.","Understand, learn, apply",Paper 1 (advanced linear systems),7 / 10,Students should be able to understand and work with advanced linear systems.,formulas,System Classification,Consistent: at least one solution Inconsistent: no solution Dependent: infinite solutions Independent: unique solution Rank analysis: rank($A$) vs rank($[A|b]$) If rank($A$) = rank($[A|b]$) = $n$: unique If rank($A$) = rank($[A|b]$) < $n$: infinite If rank($A$) < rank($[A|b]$): inconsistent
279,AHL 3.15,AHL 3.15b,Matrix Algebra,Understanding matrix algebra and its applications to linear systems.,"Students learn about matrix operations, determinants, and their applications to solving linear systems and understanding system properties.","Learn, understand, apply",Paper 1 (matrix algebra),7 / 10,Students should be able to understand matrix algebra and its applications.,formulas,Matrix Operations,Addition: component-wise (same size) Multiplication: $$[AB]_{ij} = \sum_{k} A_{ik}B_{kj}$$ Determinant (2×2): $$\det\begin{pmatrix} a & b \\ c & d \end{pmatrix} = ad - bc$$ Inverse (2×2): $$A^{-1} = \frac{1}{\det A}\begin{pmatrix} d & -b \\ -c & a \end{pmatrix}$$
281,AHL 3.15,AHL 3.15c,Applications of Advanced Linear Systems,Applying advanced linear system concepts to solve complex problems.,"Students learn to model complex real-world situations using advanced linear systems, solve optimization problems, and understand practical applications.","Apply, model, solve",Paper 1 (advanced linear applications),7 / 10,Students should be able to apply advanced linear system concepts to solve complex problems.,formulas,Optimization with Constraints,Linear programming: Maximize/minimize: $c_1x_1 + c_2x_2 + \cdots$ Subject to: linear constraints Feasible region: intersection of constraint half-planes Solution: vertex of feasible region Matrix form: $\max \mathbf{c}^T\mathbf{x}$ subject to $A\mathbf{x} \leq \mathbf{b}$
283,AHL 3.16,AHL 3.16a,Vector Spaces,Understanding vector spaces and their properties.,"Students learn about vector spaces, subspaces, linear independence, and basis, and understand their fundamental properties and applications.","Learn, understand, apply",Paper 1 (vector spaces),7 / 10,Students should be able to understand vector spaces and their fundamental properties.,formulas,Vector Space Axioms,"Vector space: set with addition and scalar multiplication satisfying: 1. Closure under addition/scalar mult 2. Commutativity: $\mathbf{u} + \mathbf{v} = \mathbf{v} + \mathbf{u}$ 3. Associativity 4. Zero vector exists 5. Additive inverse exists Examples: $\mathbb{R}^n$, polynomials, functions Basis: linearly independent spanning set"
285,AHL 3.16,AHL 3.16b,Linear Transformations,Understanding linear transformations and their properties.,"Students learn about linear transformations, their matrix representations, and how they relate to vector spaces and linear systems.","Learn, understand, relate",Paper 1 (linear transformations),7 / 10,Students should be able to understand linear transformations and their properties.,formulas,Linear Transformation Definition,$T: V \to W$ is linear if: $$T(\mathbf{u} + \mathbf{v}) = T(\mathbf{u}) + T(\mathbf{v})$$ $$T(k\mathbf{v}) = kT(\mathbf{v})$$ Matrix representation: $T(\mathbf{x}) = A\mathbf{x}$ Kernel: $\ker(T) = \{\mathbf{v}: T(\mathbf{v}) = \mathbf{0}\}$ Image: $\text{Im}(T) = \{T(\mathbf{v}): \mathbf{v} \in V\}$
287,AHL 3.16,AHL 3.16c,Applications of Vector Spaces and Linear Transformations,Applying vector space and linear transformation concepts to solve problems.,"Students learn to apply vector space and linear transformation concepts to solve problems in mathematics, physics, and engineering.","Apply, solve, model",Paper 1 (vector space applications),7 / 10,Students should be able to apply vector space and linear transformation concepts to solve problems.,formulas,Transformation Applications,Rotation matrix (2D): $$R_\theta = \begin{pmatrix} \cos\theta & -\sin\theta \\ \sin\theta & \cos\theta \end{pmatrix}$$ Projection onto line: $$P = \frac{\mathbf{v}\mathbf{v}^T}{\mathbf{v}^T\mathbf{v}}$$ Eigenvalues/eigenvectors: $A\mathbf{v} = \lambda\mathbf{v}$ Special directions preserved by transformation
289,SL 4.1,SL 4.1a,Data Collection and Types,Understanding different types of data and data collection methods.,"Students learn about qualitative and quantitative data, discrete and continuous data, and various methods of data collection including surveys and experiments.","Understand, classify, collect",Paper 1 (data types),4 / 10,Students should be able to understand different types of data and data collection methods.,formulas,Data Classification,"Qualitative (categorical): colors, names, categories Quantitative (numerical): counts, measurements Discrete: countable values (0, 1, 2, ...) Continuous: any value in range Collection methods: survey, experiment, observation, census Sample vs population"
291,SL 4.1,SL 4.1b,Data Representation,Understanding how to represent data effectively using tables and graphs.,"Students learn to create frequency tables, histograms, bar charts, and other graphical representations of data, and interpret their meaning.","Create, interpret, analyze",Paper 1 (data representation),4 / 10,Students should be able to create and interpret various representations of data.,formulas,Data Display Types,Frequency table: value and count Bar chart: categorical data (discrete bars) Histogram: continuous data (connected bars) Pie chart: proportions of whole Box plot: five-number summary Scatter plot: relationship between two variables Choose based on data type and purpose
293,SL 4.1,SL 4.1c,Data Analysis and Interpretation,Understanding how to analyze and interpret data from various sources.,"Students learn to analyze data, identify patterns and trends, and draw meaningful conclusions from statistical information.","Analyze, identify, conclude",Paper 1 (data analysis),4 / 10,Students should be able to analyze and interpret data effectively.,formulas,Analysis Techniques,"Identify: trends (increasing/decreasing), patterns (cyclical), outliers (unusual values) Compare: groups, time periods Summarize: typical value, spread, shape Draw conclusions: supported by data Caution: correlation ≠ causation"
295,SL 4.2,SL 4.2a,Sampling Methods,Understanding different sampling methods and their applications.,"Students learn about random sampling, stratified sampling, systematic sampling, and cluster sampling, and understand their advantages and disadvantages.","Understand, compare, apply",Paper 1 (sampling methods),5 / 10,Students should be able to understand different sampling methods and their applications.,formulas,Sampling Method Types,"Simple random: every member equal probability Stratified: divide into groups, sample from each Systematic: every $k$th member Cluster: sample entire groups Convenience: easily accessible (often biased) Sample size formula (prop): $n = \frac{N}{1 + Ne^2}$"
297,SL 4.2,SL 4.2b,Sampling Bias and Errors,Understanding sampling bias and errors in data collection.,"Students learn about different types of bias, sampling errors, and how to minimize them in data collection and analysis.","Understand, identify, minimize",Paper 1 (sampling bias),5 / 10,Students should be able to understand and identify sampling bias and errors.,formulas,Types of Bias and Error,"Selection bias: sample not representative Response bias: answers influenced by question/interviewer Non-response bias: certain groups don't respond Sampling error: random variation (decreases with larger $n$) Non-sampling error: measurement, recording mistakes Systematic vs random errors"
299,SL 4.2,SL 4.2c,Sample Size and Reliability,Understanding the relationship between sample size and reliability of results.,"Students learn about the importance of sample size, confidence levels, and how sample size affects the reliability of statistical conclusions.","Understand, relate, evaluate",Paper 1 (sample size reliability),5 / 10,Students should be able to understand the relationship between sample size and reliability.,formulas,Sample Size Effects,Standard error: $$SE = \frac{\sigma}{\sqrt{n}}$$ Margin of error: $ME \propto \frac{1}{\sqrt{n}}$ Confidence interval width decreases with larger $n$ Reliability increases with $n$ but costs increase Rule: 4× sample for 2× precision
301,SL 4.3,SL 4.3a,Descriptive Statistics,Understanding descriptive statistics and their applications.,"Students learn about measures of central tendency (mean, median, mode) and measures of spread (range, standard deviation), and how to calculate and interpret them.","Learn, calculate, interpret",Paper 1 (descriptive statistics),5 / 10,Students should be able to calculate and interpret descriptive statistics.,formulas,Summary Statistics Overview,"Central tendency: mean, median, mode Spread: range, IQR, standard deviation Mean: $\bar{x} = \frac{\sum x_i}{n}$ Median: middle value Mode: most frequent value Standard deviation: $s = \sqrt{\frac{\sum(x_i - \bar{x})^2}{n-1}}$"
303,SL 4.3,SL 4.3b,Measures of Central Tendency,Understanding and calculating measures of central tendency.,"Students learn to calculate mean, median, and mode for different types of data, understand their properties, and choose appropriate measures for different situations.","Calculate, understand, choose",Paper 1 (central tendency),5 / 10,Students should be able to calculate and understand measures of central tendency.,formulas,Central Tendency Formulas,Mean: $$\bar{x} = \frac{x_1 + x_2 + \cdots + x_n}{n} = \frac{\sum x_i}{n}$$ Median: middle value when ordered (or average of two middle) Mode: most frequent value Weighted mean: $$\bar{x}_w = \frac{\sum w_i x_i}{\sum w_i}$$
305,SL 4.3,SL 4.3c,Measures of Spread,Understanding and calculating measures of spread and variability.,"Students learn to calculate range, interquartile range, standard deviation, and variance, and understand their significance in data analysis.","Calculate, understand, analyze",Paper 1 (measures of spread),5 / 10,Students should be able to calculate and understand measures of spread and variability.,formulas,Spread Measures,Range: $\max - \min$ IQR: $Q_3 - Q_1$ (middle 50%) Variance: $$s^2 = \frac{\sum(x_i - \bar{x})^2}{n-1}$$ Standard deviation: $$s = \sqrt{s^2}$$ (same units as data) Coefficient of variation: $\frac{s}{\bar{x}}$ (relative spread)
307,SL 4.4,SL 4.4a,Correlation and Scatter Plots,Understanding correlation and creating scatter plots.,"Students learn about correlation between variables, how to create and interpret scatter plots, and understand the relationship between correlation and causation.","Understand, create, interpret",Paper 1 (correlation scatter plots),5 / 10,Students should be able to understand correlation and create and interpret scatter plots.,formulas,Correlation Concepts,"Scatter plot: plot pairs $(x_i, y_i)$ Correlation: strength and direction of linear relationship Positive: both increase together Negative: one increases, other decreases None: no linear pattern Strong: points close to line Weak: points scattered"
309,SL 4.4,SL 4.4b,Linear Regression,Understanding linear regression and line of best fit.,"Students learn to find the line of best fit, understand the least squares method, and interpret the equation of the regression line.","Find, understand, interpret",Paper 1 (linear regression),5 / 10,Students should be able to find and interpret linear regression lines.,formulas,Regression Line Formula,"Line of best fit: $y = a + bx$ Slope: $$b = \frac{\sum(x_i - \bar{x})(y_i - \bar{y})}{\sum(x_i - \bar{x})^2}$$ Intercept: $$a = \bar{y} - b\bar{x}$$ Always passes through $(\bar{x}, \bar{y})$ GDC: regression feature computes automatically"
311,SL 4.4,SL 4.4c,Correlation Coefficient,Understanding and calculating the correlation coefficient.,"Students learn to calculate and interpret the correlation coefficient r, understand its range and meaning, and use it to assess the strength of linear relationships.","Calculate, interpret, assess",Paper 1 (correlation coefficient),5 / 10,Students should be able to calculate and interpret the correlation coefficient.,formulas,Correlation Coefficient,$$r = \frac{\sum(x_i - \bar{x})(y_i - \bar{y})}{\sqrt{\sum(x_i - \bar{x})^2 \sum(y_i - \bar{y})^2}}$$ Range: $-1 \leq r \leq 1$ $r = 1$: perfect positive $r = -1$: perfect negative $r = 0$: no linear correlation $|r|$ close to 1: strong; close to 0: weak
313,SL 4.5,SL 4.5a,Basic Probability Concepts,Understanding fundamental probability concepts and terminology.,"Students learn about sample spaces, events, outcomes, and basic probability rules, and understand how to calculate simple probabilities.","Understand, learn, calculate",Paper 1 (basic probability),4 / 10,Students should be able to understand basic probability concepts and calculate simple probabilities.,formulas,Probability Basics,"Sample space $S$: all possible outcomes Event $A$: subset of outcomes Probability: $$P(A) = \frac{\text{favorable outcomes}}{\text{total outcomes}}$$ Properties: $0 \leq P(A) \leq 1$, $P(S) = 1$, $P(\emptyset) = 0$ Complement: $P(A') = 1 - P(A)$"
315,SL 4.5,SL 4.5b,Probability Rules,Understanding and applying probability rules and properties.,"Students learn about the addition rule, multiplication rule, complement rule, and other fundamental probability properties, and apply them to solve problems.","Learn, understand, apply",Paper 1 (probability rules),5 / 10,Students should be able to understand and apply probability rules and properties.,formulas,Probability Rules,Addition rule (mutually exclusive): $$P(A \cup B) = P(A) + P(B)$$ General: $$P(A \cup B) = P(A) + P(B) - P(A \cap B)$$ Multiplication (independent): $$P(A \cap B) = P(A) \times P(B)$$ Complement: $$P(A') = 1 - P(A)$$
317,SL 4.5,SL 4.5c,Probability Applications,Applying probability concepts to solve real-world problems.,"Students learn to apply probability concepts to solve problems involving games, surveys, and other real-world situations.","Apply, solve, model",Paper 1 (probability applications),5 / 10,Students should be able to apply probability concepts to solve real-world problems.,formulas,Applied Probability Setup,"Identify: sample space, events Tree diagrams: multi-stage events Probability tables: organize outcomes Expected value: $E(X) = \sum x_i P(X = x_i)$ Fairness: game fair if $E(\text{winnings}) = 0$ Real applications: insurance, gambling, quality control"
319,SL 4.6,SL 4.6a,Conditional Probability,Understanding conditional probability and its applications.,"Students learn about conditional probability P(A|B), understand the concept of independence, and apply conditional probability to solve problems.","Understand, apply, solve",Paper 1 (conditional probability),6 / 10,Students should be able to understand and apply conditional probability concepts.,formulas,Conditional Probability Formula,Probability of $A$ given $B$ occurred: $$P(A|B) = \frac{P(A \cap B)}{P(B)}$$ Product rule: $$P(A \cap B) = P(A|B) \times P(B)$$ Independence: $P(A|B) = P(A)$ (if independent) Then: $P(A \cap B) = P(A) \times P(B)$
321,SL 4.6,SL 4.6b,Independent and Dependent Events,Understanding independent and dependent events in probability.,"Students learn to identify independent and dependent events, understand their properties, and apply this knowledge to solve probability problems.","Identify, understand, apply",Paper 1 (independent dependent events),6 / 10,Students should be able to identify and work with independent and dependent events.,formulas,Independence Test,Events $A$ and $B$ are independent if: $$P(A \cap B) = P(A) \times P(B)$$ Equivalently: $P(A|B) = P(A)$ Dependent: outcome of one affects other With replacement: independent Without replacement: dependent Example: Two coin flips: independent. Two cards without replacement: dependent
323,SL 4.6,SL 4.6c,Combined Probability Problems,Solving complex probability problems involving multiple events.,"Students learn to solve problems involving combinations of events, use tree diagrams and other methods, and apply probability rules to complex situations.","Solve, use, apply",Paper 1 (combined probability),6 / 10,Students should be able to solve complex probability problems involving multiple events.,formulas,Tree Diagram Method,"Multi-stage events: Branch for each outcome Multiply along paths Add across paths for total probability Example: P(two heads in 3 flips) Paths: HHH, HHT, HTH, THH Each: $(1/2)^3 = 1/8$ Total: $4 \times 1/8 = 1/2$"
325,SL 4.7,SL 4.7a,Discrete Random Variables,Understanding discrete random variables and their properties.,"Students learn about discrete random variables, probability distributions, and how to calculate expected values and variance for discrete distributions.","Understand, calculate, analyze",Paper 1 (discrete random variables),6 / 10,Students should be able to understand and work with discrete random variables.,formulas,Discrete Random Variable,"Random variable $X$: function from outcomes to numbers Probability distribution: $P(X = x_i)$ for all values Properties: $$\sum P(X = x_i) = 1$$ $$P(X = x_i) \geq 0$$ Example: Sum of two dice, $X \in \{2, 3, ..., 12\}$ with different probabilities"
327,SL 4.7,SL 4.7b,Continuous Random Variables,Understanding continuous random variables and their properties.,"Students learn about continuous random variables, probability density functions, and how to work with continuous probability distributions.","Understand, work, analyze",Paper 1 (continuous random variables),6 / 10,Students should be able to understand and work with continuous random variables.,formulas,Continuous Random Variables,PDF: $f(x) \geq 0$ and $\int_{-\infty}^{\infty} f(x)dx = 1$ Probability: $$P(a < X < b) = \int_a^b f(x)dx$$ (area under curve) $P(X = c) = 0$ (exact value has zero probability!) CDF: $F(x) = P(X \leq x) = \int_{-\infty}^x f(t)dt$
329,SL 4.7,SL 4.7c,Expected Value and Variance,Understanding expected value and variance for random variables.,"Students learn to calculate expected value E(X) and variance Var(X) for both discrete and continuous random variables, and understand their significance.","Calculate, understand, analyze",Paper 1 (expected value variance),6 / 10,Students should be able to calculate and understand expected value and variance for random variables.,formulas,Expected Value and Variance,Discrete: $$E(X) = \sum x_i P(X = x_i)$$ $$\text{Var}(X) = E(X^2) - [E(X)]^2$$ Continuous: $$E(X) = \int_{-\infty}^{\infty} x f(x)dx$$ $$\text{Var}(X) = E(X^2) - [E(X)]^2$$ Standard deviation: $SD(X) = \sqrt{\text{Var}(X)}$
331,SL 4.8,SL 4.8a,Binomial Distribution,Understanding the binomial distribution and its properties.,"Students learn about the binomial distribution, understand its parameters n and p, and learn to calculate probabilities using the binomial formula.","Understand, calculate, apply",Paper 1 (binomial distribution),6 / 10,Students should be able to understand and work with the binomial distribution.,formulas,Binomial Distribution,"$X \sim B(n, p)$ where $n$ = trials, $p$ = success probability Conditions: fixed $n$, independent trials, two outcomes, constant $p$ $$P(X = k) = \binom{n}{k}p^k(1-p)^{n-k}$$ Mean: $E(X) = np$ Variance: $\text{Var}(X) = np(1-p)$"
333,SL 4.8,SL 4.8b,Binomial Probability Calculations,Calculating probabilities using the binomial distribution.,"Students learn to calculate binomial probabilities using the formula P(X = k) = C(n,k) × p^k × (1-p)^(n-k), and use technology for calculations.","Calculate, use, apply",Paper 1 (binomial calculations),6 / 10,Students should be able to calculate binomial probabilities using appropriate methods.,formulas,Binomial Calculations,"$$P(X = k) = \binom{n}{k}p^k(1-p)^{n-k}$$ Cumulative: $P(X \leq k) = \sum_{i=0}^k P(X = i)$ GDC functions: binompdf (single value), binomcdf (cumulative) Example: 10 coin flips, P(exactly 6 heads): $$P(X = 6) = \binom{10}{6}(0.5)^{10} = 0.205$$"
335,SL 4.8,SL 4.8c,Binomial Distribution Applications,Applying the binomial distribution to solve real-world problems.,"Students learn to identify situations that follow a binomial distribution, model real-world problems, and solve problems involving binomial probabilities.","Identify, model, solve",Paper 1 (binomial applications),6 / 10,Students should be able to apply the binomial distribution to solve real-world problems.,formulas,Binomial Application Template,"Identify: $n$ = number of trials, $p$ = probability of success Model: $X \sim B(n, p)$ Calculate: $P(X = k)$, $P(X \leq k)$, etc. Interpret: in context Example: Quality control—10% defective, sample 20, P(at most 2 defective) = $P(X \leq 2)$ where $X \sim B(20, 0.1)$"
337,SL 4.9,SL 4.9a,Normal Distribution,Understanding the normal distribution and its properties.,"Students learn about the normal distribution, understand its bell-shaped curve, and learn about the parameters μ (mean) and σ (standard deviation).","Understand, learn, analyze",Paper 1 (normal distribution),6 / 10,Students should be able to understand the normal distribution and its properties.,formulas,Normal Distribution,"$$X \sim N(\mu, \sigma^2)$$ PDF: $$f(x) = \frac{1}{\sigma\sqrt{2\pi}}e^{-\frac{(x-\mu)^2}{2\sigma^2}}$$ Bell-shaped, symmetric about $\mu$ Parameters: $\mu$ = mean (center), $\sigma$ = standard deviation (spread) 68-95-99.7 rule: 68% within $\mu \pm \sigma$, 95% within $\mu \pm 2\sigma$"
339,SL 4.9,SL 4.9b,Standard Normal Distribution,Understanding the standard normal distribution and z-scores.,"Students learn about the standard normal distribution (μ = 0, σ = 1), understand z-scores, and learn to use standard normal tables or technology.","Understand, learn, use",Paper 1 (standard normal),6 / 10,Students should be able to understand and work with the standard normal distribution.,formulas,Standard Normal and Z-Scores,"Standard normal: $Z \sim N(0, 1)$ z-score (standardization): $$z = \frac{x - \mu}{\sigma}$$ Converts any normal to standard normal Use: $P(X < a) = P(Z < \frac{a-\mu}{\sigma})$ Tables/GDC give standard normal probabilities"
341,SL 4.9,SL 4.9c,Normal Distribution Applications,Applying the normal distribution to solve real-world problems.,"Students learn to apply the normal distribution to model real-world situations, solve problems involving normal probabilities, and understand the 68-95-99.7 rule.","Apply, solve, understand",Paper 1 (normal applications),6 / 10,Students should be able to apply the normal distribution to solve real-world problems.,formulas,Normal Probability Calculations,"If $X \sim N(\mu, \sigma^2)$: 1. Standardize: $z = \frac{x - \mu}{\sigma}$ 2. Use GDC or table for $P(Z < z)$ 3. Adjust for required probability Example: $X \sim N(100, 15^2)$, find $P(X > 115)$ $z = \frac{115-100}{15} = 1$ $P(X > 115) = 1 - P(Z < 1) = 1 - 0.8413 = 0.1587$"
343,SL 4.10,SL 4.10a,Advanced Correlation Analysis,Understanding advanced correlation analysis and its applications.,"Students learn about different types of correlation, understand correlation vs causation, and learn to interpret correlation results in context.","Understand, interpret, analyze",Paper 1 (advanced correlation),6 / 10,Students should be able to understand and interpret advanced correlation analysis.,formulas,Correlation Analysis Tools,Pearson correlation $r$: linear relationships Spearman rank: monotonic (not necessarily linear) $r^2$: coefficient of determination (variance explained) Significance testing: is correlation statistically significant? Outlier influence: robust vs sensitive measures
345,SL 4.10,SL 4.10b,Regression Analysis,Understanding regression analysis and its applications.,"Students learn about regression analysis, understand the assumptions of linear regression, and learn to interpret regression results and residuals.","Understand, interpret, analyze",Paper 1 (regression analysis),6 / 10,Students should be able to understand and interpret regression analysis results.,formulas,Regression Diagnostics,"Residuals: $e_i = y_i - \hat{y}_i$ (observed - predicted) Residual plot: check for patterns Good fit: random scatter, no pattern Bad fit: curved pattern, increasing spread $r^2$: proportion of variance explained Assumptions: linearity, constant variance, normality of residuals"
347,SL 4.10,SL 4.10c,Correlation and Regression Applications,Applying correlation and regression analysis to solve problems.,"Students learn to apply correlation and regression analysis to real-world problems, understand limitations, and make appropriate conclusions.","Apply, understand, conclude",Paper 1 (correlation regression applications),6 / 10,Students should be able to apply correlation and regression analysis to solve problems.,formulas,Prediction and Interpretation,"Use regression for prediction: $\hat{y} = a + bx$ Slope $b$: change in $y$ per unit $x$ Interpret $r^2$: % variance explained Caution: within data range only Assess: residual plot, $r$ value, context Example: Predict sales from advertising spend"
349,SL 4.11,SL 4.11a,Advanced Conditional Probability,Understanding advanced conditional probability concepts and applications.,"Students learn about Bayes theorem, understand more complex conditional probability problems, and apply these concepts to solve problems.","Learn, understand, apply",Paper 1 (advanced conditional probability),6 / 10,Students should be able to understand and apply advanced conditional probability concepts.,formulas,Bayes' Theorem,"$$P(A|B) = \frac{P(B|A) \times P(A)}{P(B)}$$ Or with partition: $$P(A_i|B) = \frac{P(B|A_i)P(A_i)}{\sum_j P(B|A_j)P(A_j)}$$ Reverses conditional: from $P(B|A)$ get $P(A|B)$ Example: Medical test, find P(disease|positive)"
351,SL 4.11,SL 4.11b,Probability Trees and Diagrams,Using probability trees and diagrams to solve complex problems.,"Students learn to create and use probability trees, Venn diagrams, and other visual aids to solve complex probability problems.","Create, use, solve",Paper 1 (probability trees),6 / 10,Students should be able to create and use probability trees and diagrams to solve problems.,formulas,Visual Probability Tools,"Tree diagram: branches for outcomes, probabilities on edges Venn diagram: overlapping circles for events, regions for intersections Two-way table: rows × columns for two variables Multiply along branches, add across branches for total Example: Two draws without replacement—tree shows changing probabilities"
353,SL 4.11,SL 4.11c,Advanced Probability Applications,Applying advanced probability concepts to solve complex problems.,"Students learn to apply advanced probability concepts to solve complex real-world problems, including problems involving multiple events and conditions.","Apply, solve, model",Paper 1 (advanced probability applications),6 / 10,Students should be able to apply advanced probability concepts to solve complex problems.,formulas,Complex Probability Models,"Combining concepts: conditional, Bayes, trees, independence Multi-stage experiments: tree + product rule Medical diagnosis: Bayes + sensitivity/specificity Sequential sampling: hypergeometric, changing probabilities Risk analysis: combining multiple failure modes"
355,SL 4.12,SL 4.12a,Standardization and Z-Scores,Understanding standardization and z-scores in normal distributions.,"Students learn to standardize normal distributions, understand z-scores, and use standardization to solve problems involving normal distributions.","Learn, understand, use",Paper 1 (standardization z-scores),6 / 10,Students should be able to understand and use standardization and z-scores.,formulas,Standardization Process,"For $X \sim N(\mu, \sigma^2)$, standardize: $$Z = \frac{X - \mu}{\sigma} \sim N(0, 1)$$ Back-transform: $$X = \mu + \sigma Z$$ Percentile to value: Find $z$ from table/GDC, then $x = \mu + \sigma z$ Example: 90th percentile, $z \approx 1.28$"
357,SL 4.12,SL 4.12b,Normal Distribution Calculations,Performing calculations with normal distributions.,"Students learn to calculate probabilities for normal distributions, use technology and tables, and solve problems involving normal distribution calculations.","Calculate, use, solve",Paper 1 (normal calculations),6 / 10,Students should be able to perform calculations with normal distributions.,formulas,Normal Calculation Steps,"Problem: Find $P(a < X < b)$ where $X \sim N(\mu, \sigma^2)$ 1. Standardize both: $z_a = \frac{a-\mu}{\sigma}$, $z_b = \frac{b-\mu}{\sigma}$ 2. Use GDC: normalcdf$(z_a, z_b)$ 3. Interpret result GDC functions: normalcdf (probability), invNorm (value from probability)"
359,SL 4.12,SL 4.12c,Normal Distribution Applications,Applying normal distribution concepts to solve real-world problems.,"Students learn to apply normal distribution concepts to model real-world situations, solve problems involving normal probabilities, and understand practical applications.","Apply, solve, understand",Paper 1 (normal distribution applications),6 / 10,Students should be able to apply normal distribution concepts to solve real-world problems.,formulas,Applied Normal Models,"Quality control: $\mu \pm 3\sigma$ limits (99.7% within) Grading: convert scores to percentiles Manufacturing: tolerance specifications Medical: reference ranges, abnormal values Example: Heights $N(170, 10^2)$ cm, find % above 185cm"
361,AHL 4.13,AHL 4.13a,Advanced Conditional Probability,Understanding advanced conditional probability concepts and Bayes theorem.,"Students learn about Bayes theorem, understand more complex conditional probability problems, and apply these concepts to solve advanced problems.","Learn, understand, apply",Paper 1 (advanced conditional probability),7 / 10,Students should be able to understand and apply advanced conditional probability concepts including Bayes theorem.,formulas,Advanced Bayes Applications,"Law of total probability: $$P(B) = \sum_i P(B|A_i)P(A_i)$$ Bayes with multiple hypotheses: $$P(A_i|B) = \frac{P(B|A_i)P(A_i)}{\sum_j P(B|A_j)P(A_j)}$$ Applications: diagnostic testing (sensitivity/specificity), Bayesian inference, machine learning"
363,AHL 4.13,AHL 4.13b,Probability Distributions,Understanding advanced probability distributions and their properties.,"Students learn about various probability distributions, understand their properties and applications, and work with complex probability problems.","Learn, understand, work",Paper 1 (probability distributions),7 / 10,Students should be able to understand and work with advanced probability distributions.,formulas,Distribution Family,"Discrete: Binomial, Poisson, Geometric, Hypergeometric Continuous: Normal, Exponential, Uniform Each suited for different scenarios Parameters determine shape Match distribution to context: counting events (Poisson), waiting time (Exponential), etc. Example: $X \sim \text{Poisson}(\lambda)$: $P(X=k) = \frac{e^{-\lambda}\lambda^k}{k!}$"
365,AHL 4.13,AHL 4.13c,Advanced Probability Applications,Applying advanced probability concepts to solve complex problems.,"Students learn to apply advanced probability concepts to solve complex real-world problems, including problems involving multiple events and conditions.","Apply, solve, model",Paper 1 (advanced probability applications),7 / 10,Students should be able to apply advanced probability concepts to solve complex problems.,formulas,Advanced Modeling,"Poisson processes: rare events, mean rate $\lambda$ Exponential: memoryless waiting time Geometric: trials until first success Hypergeometric: sampling without replacement Combining distributions for complex models Example: Queue theory, reliability engineering"
367,AHL 4.14,AHL 4.14a,Advanced Random Variables,Understanding advanced concepts in random variables and their properties.,"Students learn about advanced random variable concepts, understand their properties and applications, and work with complex probability problems.","Learn, understand, work",Paper 1 (advanced random variables),7 / 10,Students should be able to understand and work with advanced random variable concepts.,formulas,Random Variable Transformations,"If $Y = g(X)$, find distribution of $Y$ Linear: $Y = aX + b$: $E(Y) = aE(X) + b$, $\text{Var}(Y) = a^2\text{Var}(X)$ Sum: $E(X + Y) = E(X) + E(Y)$ (always) $\text{Var}(X + Y) = \text{Var}(X) + \text{Var}(Y)$ (if independent) MGF: $M_X(t) = E(e^{tX})$ generates moments"
369,AHL 4.14,AHL 4.14b,Continuous Probability Distributions,Understanding continuous probability distributions and their applications.,"Students learn about various continuous probability distributions, understand their properties and applications, and work with complex probability problems.","Learn, understand, work",Paper 1 (continuous distributions),7 / 10,Students should be able to understand and work with continuous probability distributions.,formulas,Continuous Distributions,"Uniform: $f(x) = \frac{1}{b-a}$ on $[a, b]$ (constant PDF) Exponential: $f(x) = \lambda e^{-\lambda x}$ for $x \geq 0$ (memoryless) Normal: $f(x) = \frac{1}{\sigma\sqrt{2\pi}}e^{-\frac{(x-\mu)^2}{2\sigma^2}}$ (bell curve) Each models different continuous phenomena"
371,AHL 4.14,AHL 4.14c,Advanced Probability Applications,Applying advanced probability concepts to solve complex problems.,"Students learn to apply advanced probability concepts to solve complex real-world problems, including problems involving continuous distributions and advanced techniques.","Apply, solve, model",Paper 1 (advanced probability applications),7 / 10,Students should be able to apply advanced probability concepts to solve complex problems.,formulas,Monte Carlo and Simulation,"Simulation: approximate probabilities empirically Random number generation from distributions Bootstrap: resampling for inference Markov chains: state transitions Monte Carlo integration Example: Simulate complex system, estimate probabilities through repeated trials"
373,SL 5.1,SL 5.1a,Introduction to Limits,Understanding the concept of limits and their intuitive meaning.,"Students learn about limits, understand the intuitive meaning of limits, and learn to evaluate simple limits using algebraic methods.","Learn, understand, evaluate",Paper 1 (introduction to limits),5 / 10,Students should be able to understand the concept of limits and evaluate simple limits.,formulas,Limit Notation,"$$\lim_{x \to a} f(x) = L$$ Means: as $x$ approaches $a$, $f(x)$ approaches $L$ One-sided: $\lim_{x \to a^+} f(x)$ (from right), $\lim_{x \to a^-} f(x)$ (from left) Limit exists if left = right At infinity: $\lim_{x \to \infty} f(x)$"
375,SL 5.1,SL 5.1b,Limit Laws and Properties,Understanding limit laws and their applications.,"Students learn about limit laws, understand how to apply them to evaluate limits, and work with limits of sums, differences, products, and quotients.","Learn, understand, apply",Paper 1 (limit laws),5 / 10,Students should be able to understand and apply limit laws to evaluate limits.,formulas,Limit Laws,If $\lim_{x \to a} f(x) = L$ and $\lim_{x \to a} g(x) = M$: Sum: $\lim[f \pm g] = L \pm M$ Product: $\lim[f \cdot g] = L \cdot M$ Quotient: $\lim[f/g] = L/M$ if $M \neq 0$ Constant: $\lim[cf] = cL$ Power: $\lim[f^n] = L^n$
377,SL 5.1,SL 5.1c,Introduction to Differentiation,Understanding the concept of differentiation and the derivative.,"Students learn about the derivative as the limit of the difference quotient, understand the geometric meaning of the derivative, and learn basic differentiation concepts.","Learn, understand, apply",Paper 1 (introduction to differentiation),5 / 10,Students should be able to understand the concept of differentiation and the derivative.,formulas,Derivative Definition,"$$f'(x) = \lim_{h \to 0} \frac{f(x+h) - f(x)}{h}$$ Alternative notations: $$\frac{dy}{dx}, \quad \frac{df}{dx}, \quad Df(x), \quad y'$$ Geometric: slope of tangent line Physical: instantaneous rate of change Example: Position → velocity, quantity → marginal cost"
379,SL 5.2,SL 5.2a,Basic Differentiation Rules,Understanding basic differentiation rules and their applications.,"Students learn about the power rule, constant rule, and sum/difference rules for differentiation, and apply these rules to find derivatives of simple functions.","Learn, understand, apply",Paper 1 (basic differentiation rules),5 / 10,Students should be able to understand and apply basic differentiation rules.,formulas,Basic Differentiation Rules,Power rule: $$\frac{d}{dx}(x^n) = nx^{n-1}$$ Constant: $$\frac{d}{dx}(c) = 0$$ Constant multiple: $$\frac{d}{dx}[cf(x)] = cf'(x)$$ Sum/difference: $$\frac{d}{dx}[f \pm g] = f' \pm g'$$ Example: $\frac{d}{dx}(3x^4 - 2x + 5) = 12x^3 - 2$
381,SL 5.2,SL 5.2b,Derivatives of Polynomial Functions,Understanding how to find derivatives of polynomial functions.,"Students learn to find derivatives of polynomial functions using the power rule, understand the relationship between degree and derivative, and apply these concepts.","Learn, understand, apply",Paper 1 (polynomial derivatives),5 / 10,Students should be able to find derivatives of polynomial functions.,formulas,Polynomial Differentiation,For $f(x) = a_nx^n + a_{n-1}x^{n-1} + \cdots + a_1x + a_0$: $$f'(x) = na_nx^{n-1} + (n-1)a_{n-1}x^{n-2} + \cdots + a_1$$ Degree reduces by 1 Constant term vanishes Example: $f(x) = 2x^3 - 5x^2 + 3x - 7$ $f'(x) = 6x^2 - 10x + 3$
383,SL 5.2,SL 5.2c,Applications of Basic Differentiation,Applying basic differentiation to solve problems.,"Students learn to apply basic differentiation to solve problems involving rates of change, slopes of curves, and other applications.","Apply, solve, understand",Paper 1 (basic differentiation applications),5 / 10,Students should be able to apply basic differentiation to solve problems.,formulas,Rate of Change Applications,"Velocity: $v(t) = s'(t)$ (position derivative) Acceleration: $a(t) = v'(t) = s''(t)$ Marginal cost: $MC = C'(x)$ (cost derivative) Tangent line at $(a, f(a))$: $$y - f(a) = f'(a)(x - a)$$ Growth rate: $\frac{dP}{dt}$"
385,SL 5.3,SL 5.3a,Product and Quotient Rules,Understanding the product and quotient rules for differentiation.,"Students learn about the product rule and quotient rule for differentiation, understand when to apply each rule, and practice using these rules.","Learn, understand, practice",Paper 1 (product quotient rules),6 / 10,Students should be able to understand and apply the product and quotient rules for differentiation.,formulas,Product and Quotient Rules,"Product rule: $$\frac{d}{dx}[f(x)g(x)] = f'(x)g(x) + f(x)g'(x)$$ Quotient rule: $$\frac{d}{dx}\left[\frac{f(x)}{g(x)}\right] = \frac{f'(x)g(x) - f(x)g'(x)}{[g(x)]^2}$$ Mnemonic: 'low d-high minus high d-low, over low squared'"
387,SL 5.3,SL 5.3b,Chain Rule,Understanding the chain rule for differentiation.,"Students learn about the chain rule for differentiation, understand how to identify composite functions, and apply the chain rule to find derivatives.","Learn, understand, apply",Paper 1 (chain rule),6 / 10,Students should be able to understand and apply the chain rule for differentiation.,formulas,Chain Rule,For $y = f(g(x))$: $$\frac{dy}{dx} = f'(g(x)) \cdot g'(x)$$ Or: $$\frac{dy}{dx} = \frac{dy}{du} \cdot \frac{du}{dx}$$ where $u = g(x)$ Example: $y = (3x + 1)^5$ Let $u = 3x + 1$: $\frac{dy}{dx} = 5u^4 \cdot 3 = 15(3x+1)^4$
389,SL 5.3,SL 5.3c,Applications of Advanced Differentiation,Applying advanced differentiation rules to solve problems.,"Students learn to apply the product, quotient, and chain rules to solve problems involving rates of change, optimization, and other applications.","Apply, solve, understand",Paper 1 (advanced differentiation applications),6 / 10,Students should be able to apply advanced differentiation rules to solve problems.,formulas,Complex Derivative Applications,"Related rates: differentiate both sides with respect to time Optimization: find critical points using $f'(x) = 0$ Motion: $s(t)$, $v(t) = s'(t)$, $a(t) = v'(t)$ Tangent/normal lines: use derivative as slope Example: Ladder sliding—relate rates of change of height and distance"
391,SL 5.4,SL 5.4a,Implicit Differentiation,Understanding implicit differentiation and its applications.,"Students learn about implicit differentiation, understand how to find derivatives of implicitly defined functions, and apply this technique to solve problems.","Learn, understand, apply",Paper 1 (implicit differentiation),6 / 10,Students should be able to understand and apply implicit differentiation.,formulas,Implicit Differentiation Method,For equation in $x$ and $y$: 1. Differentiate both sides with respect to $x$ 2. Use chain rule on $y$ terms: $\frac{d}{dx}(y^n) = ny^{n-1}\frac{dy}{dx}$ 3. Solve for $\frac{dy}{dx}$ Example: $x^2 + y^2 = 25$ $2x + 2y\frac{dy}{dx} = 0$ → $\frac{dy}{dx} = -\frac{x}{y}$
393,SL 5.4,SL 5.4b,Related Rates,Understanding related rates problems and their solutions.,"Students learn about related rates problems, understand how to set up and solve these problems, and apply this technique to real-world situations.","Learn, understand, apply",Paper 1 (related rates),6 / 10,Students should be able to understand and solve related rates problems.,formulas,Related Rates Strategy,"1. Identify variables and their rates ($\frac{dx}{dt}$, $\frac{dy}{dt}$) 2. Find equation relating variables 3. Differentiate both sides with respect to time 4. Substitute known values, solve for unknown rate Example: Balloon radius increasing—find rate of volume increase: $V = \frac{4}{3}\pi r^3$ → $\frac{dV}{dt} = 4\pi r^2 \frac{dr}{dt}$"
395,SL 5.4,SL 5.4c,Applications of Implicit Differentiation,Applying implicit differentiation to solve complex problems.,"Students learn to apply implicit differentiation to solve complex problems involving curves, optimization, and other applications.","Apply, solve, understand",Paper 1 (implicit differentiation applications),6 / 10,Students should be able to apply implicit differentiation to solve complex problems.,formulas,Implicit Application Strategies,"Finding slopes on implicit curves: $x^2 + y^2 = r^2$ Optimization with constraints: Lagrange multipliers (AHL) Related rates with implicit equations Tangent lines to circles, ellipses Example: Find horizontal tangents by setting $\frac{dy}{dx} = 0$"
397,SL 5.5,SL 5.5a,Introduction to Integration,Understanding the concept of integration and the integral.,"Students learn about integration as the reverse of differentiation, understand the concept of the integral, and learn basic integration concepts.","Learn, understand, apply",Paper 1 (introduction to integration),5 / 10,Students should be able to understand the concept of integration and the integral.,formulas,Antiderivative Basics,Antiderivative $F$: $F'(x) = f(x)$ Indefinite integral: $$\int f(x)dx = F(x) + C$$ ($C$ = constant of integration) Integration reverses differentiation Check: differentiate answer! Example: $\int x^2 dx = \frac{x^3}{3} + C$
399,SL 5.5,SL 5.5b,Basic Integration Rules,Understanding basic integration rules and their applications.,"Students learn about the power rule for integration, constant rule, and sum/difference rules for integration, and apply these rules to find integrals of simple functions.","Learn, understand, apply",Paper 1 (basic integration rules),5 / 10,Students should be able to understand and apply basic integration rules.,formulas,Basic Integration Rules,Power rule: $$\int x^n dx = \frac{x^{n+1}}{n+1} + C \quad (n \neq -1)$$ Constant: $$\int k dx = kx + C$$ Sum: $$\int [f \pm g]dx = \int f dx \pm \int g dx$$ Constant multiple: $$\int kf dx = k\int f dx$$
401,SL 5.5,SL 5.5c,Applications of Basic Integration,Applying basic integration to solve problems.,"Students learn to apply basic integration to solve problems involving area under curves, displacement, and other applications.","Apply, solve, understand",Paper 1 (basic integration applications),5 / 10,Students should be able to apply basic integration to solve problems.,formulas,Integration Application Formulas,Area under $f(x)$ from $a$ to $b$: $$A = \int_a^b f(x)dx$$ Displacement from velocity: $$s = \int v(t)dt$$ Total accumulation: $$\text{Total} = \int_a^b \text{rate}(t)dt$$ Average value: $$f_{avg} = \frac{1}{b-a}\int_a^b f(x)dx$$
403,SL 5.6,SL 5.6a,Integration by Substitution,Understanding integration by substitution and its applications.,"Students learn about integration by substitution, understand how to identify when to use substitution, and apply this technique to find integrals.","Learn, understand, apply",Paper 1 (integration by substitution),6 / 10,Students should be able to understand and apply integration by substitution.,formulas,Substitution Method,"Chain rule reverse: $$\int f(g(x))g'(x)dx = F(g(x)) + C$$ Or: Let $u = g(x)$, $du = g'(x)dx$ $$\int f(g(x))g'(x)dx = \int f(u)du$$ Example: $\int 2x(x^2+1)^5 dx$ Let $u = x^2+1$, $du = 2x dx$ $= \int u^5 du = \frac{u^6}{6} + C = \frac{(x^2+1)^6}{6} + C$"
405,SL 5.6,SL 5.6b,Integration by Parts,Understanding integration by parts and its applications.,"Students learn about integration by parts, understand when to use this technique, and apply it to find integrals of products of functions.","Learn, understand, apply",Paper 1 (integration by parts),6 / 10,Students should be able to understand and apply integration by parts.,formulas,Integration by Parts,"$$\int u dv = uv - \int v du$$ Choose $u$ (LIATE: Log, Inverse, Algebraic, Trig, Exponential) Example: $\int x e^x dx$ Let $u = x$, $dv = e^x dx$ Then $du = dx$, $v = e^x$ $= xe^x - \int e^x dx = xe^x - e^x + C$"
407,SL 5.6,SL 5.6c,Applications of Advanced Integration,Applying advanced integration techniques to solve problems.,"Students learn to apply integration by substitution and integration by parts to solve problems involving area, volume, and other applications.","Apply, solve, understand",Paper 1 (advanced integration applications),6 / 10,Students should be able to apply advanced integration techniques to solve problems.,formulas,Complex Integration Applications,"Choosing technique: substitution vs parts Area between curves: $\int_a^b [f(x) - g(x)]dx$ Volumes: disk, washer, shell methods Average value: $\frac{1}{b-a}\int_a^b f(x)dx$ Work: $W = \int F(x)dx$"
409,SL 5.7,SL 5.7a,Definite Integrals,Understanding definite integrals and their properties.,"Students learn about definite integrals, understand the Fundamental Theorem of Calculus, and learn to evaluate definite integrals.","Learn, understand, evaluate",Paper 1 (definite integrals),6 / 10,Students should be able to understand and evaluate definite integrals.,formulas,Fundamental Theorem of Calculus,"$$\int_a^b f(x)dx = F(b) - F(a) = [F(x)]_a^b$$ where $F'(x) = f(x)$ Evaluation: find antiderivative, substitute bounds, subtract Properties: $\int_a^a = 0$, $\int_a^b = -\int_b^a$, $\int_a^c = \int_a^b + \int_b^c$ Area: $A = \int_a^b |f(x)|dx$"
411,SL 5.7,SL 5.7b,Applications of Definite Integrals,Applying definite integrals to solve problems.,"Students learn to apply definite integrals to solve problems involving area under curves, volume of revolution, and other applications.","Apply, solve, understand",Paper 1 (definite integral applications),6 / 10,Students should be able to apply definite integrals to solve problems.,formulas,Area and Volume Formulas,Area under curve: $$A = \int_a^b f(x)dx$$ Area between curves: $$A = \int_a^b [f(x) - g(x)]dx$$ Volume of revolution: $$V = \pi\int_a^b [f(x)]^2 dx$$ Total accumulation: $\int_a^b \text{rate}(t)dt$
413,SL 5.7,SL 5.7c,Advanced Applications of Integration,Applying advanced integration concepts to solve complex problems.,"Students learn to apply advanced integration concepts to solve complex problems involving area, volume, work, and other applications.","Apply, solve, understand",Paper 1 (advanced integration applications),6 / 10,Students should be able to apply advanced integration concepts to solve complex problems.,formulas,Advanced Integration Formulas,Volume (washer): $$V = \pi\int_a^b ([R(x)]^2 - [r(x)]^2)dx$$ Volume (shell): $$V = 2\pi\int_a^b x f(x)dx$$ Work: $$W = \int_a^b F(s)ds$$ Center of mass: $$\bar{x} = \frac{\int x dm}{\int dm}$$
415,SL 5.8,SL 5.8a,Integration Techniques,Understanding various integration techniques and their applications.,"Students learn about different integration techniques, understand when to use each technique, and apply these techniques to solve integration problems.","Learn, understand, apply",Paper 1 (integration techniques),6 / 10,Students should be able to understand and apply various integration techniques.,formulas,Integration Technique Summary,"Basic: power rule, linearity Substitution: $u = g(x)$ for composites Parts: $\int u dv = uv - \int v du$ for products Partial fractions: rational functions (AHL) Trig substitution: $\sqrt{a^2 - x^2}$ etc. (AHL) Choose based on form"
417,SL 5.8,SL 5.8b,Partial Fractions,Understanding integration using partial fractions.,"Students learn about partial fractions, understand how to decompose rational functions, and apply this technique to integrate rational functions.","Learn, understand, apply",Paper 1 (partial fractions),6 / 10,Students should be able to understand and apply partial fractions for integration.,formulas,Partial Fraction Decomposition,"$$\frac{P(x)}{Q(x)} = \frac{A}{x-a} + \frac{B}{x-b} + \cdots$$ Factor denominator, decompose Solve for constants: multiply through, equate coefficients Then integrate term-by-term Example: $\frac{1}{x^2-1} = \frac{1/2}{x-1} - \frac{1/2}{x+1}$"
419,SL 5.8,SL 5.8c,Applications of Integration Techniques,Applying various integration techniques to solve problems.,"Students learn to apply different integration techniques to solve problems involving area, volume, and other applications.","Apply, solve, understand",Paper 1 (integration technique applications),6 / 10,Students should be able to apply various integration techniques to solve problems.,formulas,Technique Selection Guide,Polynomial: power rule Composite $f(g(x))g'(x)$: substitution Product of different types: parts Rational: partial fractions Choose wisely: wrong technique makes problem harder! Example scenarios for each technique
421,SL 5.9,SL 5.9a,Area Under Curves,Understanding how to find area under curves using integration.,"Students learn to find area under curves using definite integrals, understand the relationship between integration and area, and apply this concept to solve problems.","Learn, understand, apply",Paper 1 (area under curves),6 / 10,Students should be able to find area under curves using integration.,formulas,Area Calculation Methods,Area under $f$ from $a$ to $b$: $$A = \int_a^b |f(x)|dx$$ Below axis: use absolute value or split Area between $f$ and $g$: $$A = \int_a^b |f(x) - g(x)|dx$$ Find intersection points for limits
423,SL 5.9,SL 5.9b,Volume of Revolution,Understanding how to find volume of revolution using integration.,"Students learn to find volume of revolution using definite integrals, understand different methods (disk and shell), and apply these concepts to solve problems.","Learn, understand, apply",Paper 1 (volume of revolution),6 / 10,Students should be able to find volume of revolution using integration.,formulas,Volume of Revolution Methods,Disk method (about x-axis): $$V = \pi\int_a^b [f(x)]^2 dx$$ Washer method (hollow): $$V = \pi\int_a^b ([R(x)]^2 - [r(x)]^2)dx$$ Shell method: $$V = 2\pi\int_a^b x f(x)dx$$ Choose based on axis of revolution
425,SL 5.9,SL 5.9c,Applications of Area and Volume,Applying area and volume concepts to solve real-world problems.,"Students learn to apply area and volume concepts to solve real-world problems, understand practical applications, and model real-world situations.","Apply, solve, model",Paper 1 (area volume applications),6 / 10,Students should be able to apply area and volume concepts to solve real-world problems.,formulas,Real-World Area/Volume Formulas,Tank volume: integrate cross-sections Material needed: surface area Surface area of revolution: $$S = 2\pi\int_a^b f(x)\sqrt{1 + [f'(x)]^2}dx$$ Irregular land area: numerical integration Real applications model actual objects
427,SL 5.10,SL 5.10a,Integration by Parts,Understanding integration by parts and its applications.,"Students learn about integration by parts, understand when to use this technique, and apply it to find integrals of products of functions.","Learn, understand, apply",Paper 1 (integration by parts),6 / 10,Students should be able to understand and apply integration by parts.,formulas,Integration by Parts Formula,"$$\int u dv = uv - \int v du$$ LIATE order for choosing $u$: Logarithmic, Inverse trig, Algebraic, Trigonometric, Exponential Example: $\int \ln x dx$ Let $u = \ln x$, $dv = dx$ $= x\ln x - \int x \cdot \frac{1}{x}dx = x\ln x - x + C$"
429,SL 5.10,SL 5.10b,Advanced Integration Techniques,Understanding advanced integration techniques and their applications.,"Students learn about advanced integration techniques, understand when to use each technique, and apply these techniques to solve complex integration problems.","Learn, understand, apply",Paper 1 (advanced integration techniques),6 / 10,Students should be able to understand and apply advanced integration techniques.,formulas,Combining Integration Methods,"Complex integrals may need multiple techniques: Substitution + parts: nested approach Partial fractions + logarithms Trig identities + substitution Strategy: simplify first, then integrate Example: $\int \frac{x}{(x^2+1)^2}dx$ → substitution $u = x^2+1$"
431,SL 5.10,SL 5.10c,Applications of Advanced Integration,Applying advanced integration techniques to solve complex problems.,"Students learn to apply advanced integration techniques to solve complex problems involving area, volume, work, and other applications.","Apply, solve, understand",Paper 1 (advanced integration applications),6 / 10,Students should be able to apply advanced integration techniques to solve complex problems.,formulas,Comprehensive Integration Applications,"Area between multiple curves Volumes: multiple methods, choose best Work against variable force: $W = \int F(x)dx$ Probability: $P(a < X < b) = \int_a^b f(x)dx$ Economic: surplus, present value Applications throughout STEM"
433,AHL 3.17,AHL 3.17a,Advanced Three-Dimensional Geometry,Understanding advanced concepts in three-dimensional geometry.,"Students learn about advanced three-dimensional geometric concepts, including complex spatial relationships, advanced coordinate systems, and geometric transformations in 3D space.","Learn, understand, apply",Paper 1 (advanced 3D geometry),7 / 10,Students should be able to understand and work with advanced three-dimensional geometric concepts.,formulas,Advanced 3D Formulas,"Distance point to line: use cross product Distance point to plane: projection Distance between skew lines: $$d = \frac{|(\mathbf{r}_2 - \mathbf{r}_1) \cdot (\mathbf{d}_1 \times \mathbf{d}_2)|}{|\mathbf{d}_1 \times \mathbf{d}_2|}$$ Angle between planes: angle between normals Dihedral angles, solid angles"
435,AHL 3.17,AHL 3.17b,Advanced Plane and Line Relationships,Understanding advanced relationships between planes and lines in 3D space.,"Students learn about advanced relationships between planes and lines, including skew lines, parallel planes, and complex intersection problems in three-dimensional space.","Learn, understand, solve",Paper 1 (advanced plane line relationships),7 / 10,Students should be able to understand and solve advanced problems involving planes and lines in 3D space.,formulas,Plane-Line Configurations,"Parallel: $\mathbf{d} \cdot \mathbf{n} = 0$ (direction perpendicular to normal) Perpendicular: $\mathbf{d}$ parallel to $\mathbf{n}$ Skew lines: don't intersect, not parallel Common perpendicular to skew lines Angle between line and plane: $\sin\theta = \frac{|\mathbf{d} \cdot \mathbf{n}|}{|\mathbf{d}||\mathbf{n}|}$"
437,AHL 3.17,AHL 3.17c,Applications of Advanced 3D Geometry,Applying advanced three-dimensional geometry to solve complex problems.,"Students learn to apply advanced three-dimensional geometry concepts to solve complex problems in mathematics, physics, and engineering.","Apply, solve, model",Paper 1 (advanced 3D applications),7 / 10,Students should be able to apply advanced three-dimensional geometry to solve complex problems.,formulas,3D Problem-Solving Tools,"Vector equations for lines/planes Distance formulas (point-line, point-plane, line-line) Intersection problems: solve systems Projections: $\text{proj}_{\mathbf{v}}\mathbf{u} = \frac{\mathbf{u} \cdot \mathbf{v}}{|\mathbf{v}|^2}\mathbf{v}$ Cross product for perpendiculars, areas Example: Find shortest distance between two skew lines"
439,AHL 3.18,AHL 3.18a,Complex Three-Dimensional Problems,Understanding and solving complex three-dimensional geometric problems.,"Students learn to solve complex three-dimensional geometric problems involving multiple planes, lines, and spatial relationships.","Learn, solve, understand",Paper 1 (complex 3D problems),7 / 10,Students should be able to solve complex three-dimensional geometric problems.,formulas,Multi-Object 3D Problems,"Three planes intersection: point, line, or empty System of linear equations: 3 variables Tetrahedron volume: $\frac{1}{6}|\mathbf{a} \cdot (\mathbf{b} \times \mathbf{c})|$ Multiple line intersections Sphere equations: $(x-h)^2 + (y-k)^2 + (z-l)^2 = r^2$"
441,AHL 3.18,AHL 3.18b,Advanced Spatial Analysis,Understanding advanced spatial analysis techniques in three dimensions.,"Students learn about advanced spatial analysis techniques, including distance calculations, angle measurements, and volume calculations in complex three-dimensional scenarios.","Learn, understand, calculate",Paper 1 (advanced spatial analysis),7 / 10,Students should be able to perform advanced spatial analysis in three dimensions.,formulas,Spatial Measurement Formulas,Angle between vectors: $\cos\theta = \frac{\mathbf{u} \cdot \mathbf{v}}{|\mathbf{u}||\mathbf{v}|}$ Volume of parallelepiped: $|\mathbf{a} \cdot (\mathbf{b} \times \mathbf{c})|$ Area of parallelogram: $|\mathbf{u} \times \mathbf{v}|$ Shortest distance: perpendicular distance Spherical/cylindrical coordinates (advanced)
443,AHL 3.18,AHL 3.18c,Applications of Complex 3D Geometry,Applying complex three-dimensional geometry to real-world problems.,"Students learn to apply complex three-dimensional geometry concepts to solve real-world problems in architecture, engineering, and other fields.","Apply, solve, model",Paper 1 (complex 3D applications),7 / 10,Students should be able to apply complex three-dimensional geometry to solve real-world problems.,formulas,Engineering 3D Applications,"Structural analysis: force vectors, equilibrium moments GPS/navigation: 3D positioning CAD/CAM: object design and manufacturing Satellite orbits: 3D trajectories Computer vision: 3D reconstruction from 2D Formulas applied to real contexts"
445,SL 5.11,SL 5.11a,Advanced Integration Techniques,Understanding advanced integration techniques and their applications.,"Students learn about advanced integration techniques including trigonometric substitutions, integration of rational functions, and other complex integration methods.","Learn, understand, apply",Paper 1 (advanced integration techniques),6 / 10,Students should be able to understand and apply advanced integration techniques.,formulas,Trig Substitution Techniques,"For $\sqrt{a^2 - x^2}$: use $x = a\sin\theta$ For $\sqrt{a^2 + x^2}$: use $x = a\tan\theta$ For $\sqrt{x^2 - a^2}$: use $x = a\sec\theta$ Convert to trig integral, solve, substitute back Partial fractions: decompose rational functions Tables: standard integrals for reference"
447,SL 5.11,SL 5.11b,Definite Integrals and Applications,Understanding definite integrals and their applications to real-world problems.,"Students learn to evaluate complex definite integrals, understand the Fundamental Theorem of Calculus, and apply definite integrals to solve problems involving area, volume, and other applications.","Learn, understand, apply",Paper 1 (definite integrals applications),6 / 10,Students should be able to understand and apply definite integrals to solve problems.,formulas,FTC and Properties,$$\int_a^b f(x)dx = [F(x)]_a^b = F(b) - F(a)$$ Properties: $$\int_a^b f = -\int_b^a f$$ $$\int_a^c f = \int_a^b f + \int_b^c f$$ $$\int_a^b kf = k\int_a^b f$$ Leibniz rule (differentiation under integral): advanced
449,SL 5.11,SL 5.11c,Integration Problem Solving,Applying integration techniques to solve complex problems.,"Students learn to apply various integration techniques to solve complex problems, choose appropriate methods, and solve real-world problems using integration.","Apply, choose, solve",Paper 1 (integration problem solving),6 / 10,Students should be able to apply integration techniques to solve complex problems.,formulas,Integration Strategy Framework,"1. Identify form: polynomial, rational, radical, trig, exponential 2. Choose technique: power rule, substitution, parts, partial fractions 3. Simplify if possible before integrating 4. Apply technique systematically 5. Check: differentiate answer Example decision tree for technique selection"
451,AHL 5.12,AHL 5.12a,Advanced Limits,Understanding advanced limit concepts and techniques.,"Students learn about advanced limit concepts including L'Hôpital's rule, limits at infinity, and techniques for evaluating complex limits.","Learn, understand, evaluate",Paper 1 (advanced limits),7 / 10,Students should be able to understand and evaluate advanced limits.,formulas,L'Hôpital's Rule,"For indeterminate forms $\frac{0}{0}$ or $\frac{\infty}{\infty}$: $$\lim_{x \to a} \frac{f(x)}{g(x)} = \lim_{x \to a} \frac{f'(x)}{g'(x)}$$ Apply repeatedly if needed Also: $0 \cdot \infty$, $\infty - \infty$, $0^0$, $1^\infty$, $\infty^0$ → rewrite as quotient Example: $\lim_{x \to 0} \frac{\sin x}{x} = \lim_{x \to 0} \frac{\cos x}{1} = 1$"
453,AHL 5.12,AHL 5.12b,Continuity and Differentiability,Understanding continuity and differentiability in advanced contexts.,"Students learn about continuity and differentiability of complex functions, understand the relationship between continuity and differentiability, and analyze function behavior.","Learn, understand, analyze",Paper 1 (continuity differentiability),7 / 10,Students should be able to understand continuity and differentiability in advanced contexts.,formulas,Continuity and Differentiability,"Continuous at $a$: $\lim_{x \to a} f(x) = f(a)$ Differentiable at $a$: $f'(a)$ exists Relationship: Differentiable → Continuous (NOT reverse!) Discontinuities: removable, jump, infinite Piecewise functions: check at boundaries Example: $|x|$ continuous everywhere but not differentiable at 0"
455,AHL 5.12,AHL 5.12c,Advanced Differentiation Concepts,Understanding advanced differentiation concepts and applications.,"Students learn about advanced differentiation concepts including higher-order derivatives, implicit differentiation, and parametric differentiation.","Learn, understand, apply",Paper 1 (advanced differentiation concepts),7 / 10,Students should be able to understand and apply advanced differentiation concepts.,formulas,Higher-Order Derivatives,"Second derivative: $f''(x) = \frac{d^2y}{dx^2}$ Concavity: $f'' > 0$ concave up, $f'' < 0$ concave down Inflection points: $f''(x) = 0$ (sign change) Nth derivative: $f^{(n)}(x)$ Parametric: $\frac{dy}{dx} = \frac{dy/dt}{dx/dt}$, $\frac{d^2y}{dx^2} = \frac{d}{dx}[\frac{dy}{dx}]$"
457,AHL 5.13,AHL 5.13a,Advanced Limit Applications,Applying advanced limit concepts to solve complex problems.,"Students learn to apply advanced limit concepts to solve complex problems involving indeterminate forms, asymptotic behavior, and function analysis.","Apply, solve, analyze",Paper 1 (advanced limit applications),7 / 10,Students should be able to apply advanced limit concepts to solve complex problems.,formulas,Asymptotic Analysis,Asymptotic behavior: $\lim_{x \to \infty} \frac{f(x)}{g(x)}$ Big-O notation: $f = O(g)$ if $|f| \leq M|g|$ Dominant terms: highest power dominates Limit comparison test for series L'Hôpital for growth rate comparison Example: $e^x$ grows faster than any polynomial
459,AHL 5.13,AHL 5.13b,Series and Sequences,Understanding series and sequences in the context of calculus.,"Students learn about infinite series, convergence tests, and the relationship between series and limits in calculus.","Learn, understand, analyze",Paper 1 (series sequences),7 / 10,Students should be able to understand series and sequences in calculus.,formulas,Series Convergence Tests,"$$\sum_{n=1}^\infty a_n$$ converges if partial sums approach limit Tests: Ratio: $\lim|\frac{a_{n+1}}{a_n}| < 1$ → converges Comparison: compare to known series Integral test: $\int f(x)dx$ converges → series converges Power series: $\sum a_n x^n$, radius of convergence"
461,AHL 5.13,AHL 5.13c,Advanced Calculus Applications,Applying advanced calculus concepts to solve complex problems.,"Students learn to apply advanced calculus concepts including limits, series, and sequences to solve complex mathematical problems.","Apply, solve, understand",Paper 1 (advanced calculus applications),7 / 10,Students should be able to apply advanced calculus concepts to solve complex problems.,formulas,Taylor/Maclaurin Series,Taylor series about $x = a$: $$f(x) = \sum_{n=0}^\infty \frac{f^{(n)}(a)}{n!}(x-a)^n$$ Maclaurin (about 0): $$f(x) = f(0) + f'(0)x + \frac{f''(0)}{2!}x^2 + \cdots$$ Example: $e^x = 1 + x + \frac{x^2}{2!} + \frac{x^3}{3!} + \cdots$
463,AHL 5.14,AHL 5.14a,Advanced Differentiation Rules,Understanding advanced differentiation rules and their applications.,"Students learn about advanced differentiation rules including the chain rule for multiple variables, implicit differentiation, and parametric differentiation.","Learn, understand, apply",Paper 1 (advanced differentiation rules),7 / 10,Students should be able to understand and apply advanced differentiation rules.,formulas,Advanced Derivative Techniques,"Parametric: $x = x(t)$, $y = y(t)$ $$\frac{dy}{dx} = \frac{dy/dt}{dx/dt}$$ Logarithmic differentiation: take ln first, then differentiate Inverse function: $$(f^{-1})'(x) = \frac{1}{f'(f^{-1}(x))}$$ Example: Differentiate $y = x^x$ using logarithmic differentiation"
465,AHL 5.14,AHL 5.14b,Optimization Problems,Understanding and solving optimization problems using calculus.,"Students learn to solve optimization problems using calculus techniques, understand constraints, and find maximum and minimum values of functions.","Learn, solve, optimize",Paper 1 (optimization problems),7 / 10,Students should be able to solve optimization problems using calculus.,formulas,Advanced Optimization,"Lagrange multipliers for constraints: $$\nabla f = \lambda \nabla g$$ where $g(x,y,z) = k$ Multi-variable: partial derivatives = 0 Second derivative test (Hessian) for classification Constrained: substitute or Lagrange Example: Optimize $f(x,y)$ subject to $g(x,y) = c$"
467,AHL 5.14,AHL 5.14c,Advanced Differentiation Applications,Applying advanced differentiation to solve complex problems.,"Students learn to apply advanced differentiation techniques to solve complex problems in mathematics, physics, and engineering.","Apply, solve, model",Paper 1 (advanced differentiation applications),7 / 10,Students should be able to apply advanced differentiation to solve complex problems.,formulas,Complex Derivative Applications,Taylor approximations: $f(x) \approx f(a) + f'(a)(x-a) + \frac{f''(a)}{2}(x-a)^2$ Newton's method: $x_{n+1} = x_n - \frac{f(x_n)}{f'(x_n)}$ Curvature: $\kappa = \frac{|f''|}{(1 + (f')^2)^{3/2}}$ Related rates in multiple variables
469,AHL 5.15,AHL 5.15a,Advanced Integration Techniques,Understanding advanced integration techniques and their applications.,"Students learn about advanced integration techniques including integration by parts, trigonometric substitutions, and partial fractions for complex functions.","Learn, understand, apply",Paper 1 (advanced integration techniques),7 / 10,Students should be able to understand and apply advanced integration techniques.,formulas,Complete Integration Toolkit,Repeated parts: reduction formulas Trig substitution + partial fractions Combined techniques for rational-radical Mixed trig-exponential integrals Weierstrass substitution: $t = \tan(\frac{x}{2})$ Example: $\int \frac{dx}{1 + \sin x + \cos x}$
471,AHL 5.15,AHL 5.15b,Improper Integrals,Understanding improper integrals and their evaluation.,"Students learn about improper integrals, understand when they converge or diverge, and learn techniques for evaluating improper integrals.","Learn, understand, evaluate",Paper 1 (improper integrals),7 / 10,Students should be able to understand and evaluate improper integrals.,formulas,Improper Integral Types,Infinite interval: $$\int_a^\infty f(x)dx = \lim_{b \to \infty} \int_a^b f(x)dx$$ Infinite discontinuity at $c$: $$\int_a^b f = \lim_{\epsilon \to 0^+} \int_a^{c-\epsilon} f + \lim_{\epsilon \to 0^+} \int_{c+\epsilon}^b f$$ Converges if limits exist (finite) Example: $\int_1^\infty \frac{1}{x^2}dx = 1$ (converges)
473,AHL 5.15,AHL 5.15c,Advanced Integration Applications,Applying advanced integration to solve complex problems.,"Students learn to apply advanced integration techniques to solve complex problems involving area, volume, work, and other applications.","Apply, solve, understand",Paper 1 (advanced integration applications),7 / 10,Students should be able to apply advanced integration to solve complex problems.,formulas,Sophisticated Integration Formulas,Arc length: $$L = \int_a^b \sqrt{1 + (f'(x))^2}dx$$ Surface area: $$S = 2\pi\int_a^b f(x)\sqrt{1 + (f'(x))^2}dx$$ Moments: $M = \int x f(x)dx$ Fourier series: project onto trig functions Applications require advanced techniques
475,AHL 5.16,AHL 5.16a,Advanced Definite Integrals,Understanding advanced concepts in definite integrals.,"Students learn about advanced definite integral concepts including the Fundamental Theorem of Calculus, properties of definite integrals, and advanced evaluation techniques.","Learn, understand, evaluate",Paper 1 (advanced definite integrals),7 / 10,Students should be able to understand and work with advanced definite integrals.,formulas,Advanced FTC Concepts,"FTC Part 1: $$\frac{d}{dx}\int_a^x f(t)dt = f(x)$$ FTC Part 2: $$\int_a^b f'(x)dx = f(b) - f(a)$$ Leibniz integral rule: $$\frac{d}{dx}\int_{a(x)}^{b(x)} f(x,t)dt$$ Mean Value Theorem for integrals"
477,AHL 5.16,AHL 5.16b,Integration Applications,Applying definite integrals to solve complex problems.,"Students learn to apply definite integrals to solve complex problems involving area between curves, volume of revolution, arc length, and surface area.","Apply, solve, calculate",Paper 1 (integration applications),7 / 10,Students should be able to apply definite integrals to solve complex problems.,formulas,Complete Application Set,"Areas: under, between curves Volumes: disk, washer, shell methods Arc length: $\int \sqrt{1 + (f')^2}dx$ Surface area: revolution Work: $W = \int F(x)dx$ Probability: $\int_{-\infty}^\infty f(x)dx = 1$ Each application: setup → integrate → interpret"
479,AHL 5.16,AHL 5.16c,Advanced Integration Problem Solving,Applying advanced integration concepts to solve complex problems.,"Students learn to apply advanced integration concepts to solve complex problems, choose appropriate techniques, and solve real-world problems.","Apply, choose, solve",Paper 1 (advanced integration problem solving),7 / 10,Students should be able to apply advanced integration concepts to solve complex problems.,formulas,Strategic Integration Framework,Decision tree: 1. Standard form? → table 2. Composite? → substitution 3. Product? → parts 4. Rational? → partial fractions 5. Radical? → trig substitution 6. None work? → numerical Example: systematic approach to $\int \frac{x^2}{\sqrt{x^2+1}}dx$
481,AHL 5.17,AHL 5.17a,Advanced Integration Techniques,Understanding the most advanced integration techniques and their applications.,"Students learn about the most advanced integration techniques including advanced trigonometric substitutions, integration of rational functions with complex denominators, and other sophisticated methods.","Learn, understand, apply",Paper 1 (most advanced integration),7 / 10,Students should be able to understand and apply the most advanced integration techniques.,formulas,Sophisticated Techniques,"Contour integration (complex analysis) preview Numerical integration: Simpson's, Gaussian quadrature Series integration: integrate term-by-term Special functions: elliptic integrals, error function Integral transforms: Laplace, Fourier Beyond elementary antiderivatives"
483,AHL 5.17,AHL 5.17b,Complex Integration Problems,Solving complex integration problems using multiple techniques.,"Students learn to solve complex integration problems that require multiple techniques, understand when to use each method, and combine techniques effectively.","Solve, understand, combine",Paper 1 (complex integration problems),7 / 10,Students should be able to solve complex integration problems using multiple techniques.,formulas,Multi-Step Integration,Complex integrals: multiple technique layers Example: $\int x^2 e^{-x^2}dx$ → parts then substitution Nested approach: work outside-in or inside-out Simplify before integrating when possible Sometimes rewrite using identities Decision-making at each step
485,AHL 5.17,AHL 5.17c,Advanced Integration Applications,Applying the most advanced integration techniques to solve complex problems.,"Students learn to apply the most advanced integration techniques to solve complex problems in mathematics, physics, and engineering.","Apply, solve, model",Paper 1 (most advanced integration applications),7 / 10,Students should be able to apply the most advanced integration techniques to solve complex problems.,formulas,Ultimate Integration Applications,Fourier series: $a_n = \frac{1}{\pi}\int_{-\pi}^\pi f(x)\cos(nx)dx$ Laplace transform: $\mathcal{L}\{f\} = \int_0^\infty e^{-st}f(t)dt$ Probability: moment generating functions Green's functions for differential equations Path integrals (physics)
487,AHL 5.18,AHL 5.18a,Introduction to Differential Equations,Understanding differential equations and their basic concepts.,"Students learn about differential equations, understand basic types of differential equations, and learn to solve simple differential equations.","Learn, understand, solve",Paper 1 (differential equations introduction),7 / 10,Students should be able to understand and solve basic differential equations.,formulas,Differential Equation Basics,"ODE: equation involving derivatives $$\frac{dy}{dx} = f(x, y)$$ Order: highest derivative Degree: power of highest derivative First-order: $y' = f(x)$ or $y' = f(x,y)$ Second-order: $y'' = f(x, y, y')$ Initial value problem: solution + initial condition"
489,AHL 5.18,AHL 5.18b,Methods for Solving Differential Equations,Understanding methods for solving differential equations.,"Students learn about various methods for solving differential equations including separation of variables, integrating factors, and other techniques.","Learn, understand, apply",Paper 1 (differential equation methods),7 / 10,Students should be able to understand and apply methods for solving differential equations.,formulas,DE Solution Methods,"Separable: $\frac{dy}{dx} = g(x)h(y)$ → $\frac{dy}{h(y)} = g(x)dx$, integrate both sides Linear first-order: $y' + P(x)y = Q(x)$ → integrating factor $\mu = e^{\int P dx}$ Homogeneous: $y' = f(\frac{y}{x})$ → substitute $v = \frac{y}{x}$ Exact equations: check exactness, find potential"
491,AHL 5.18,AHL 5.18c,Applications of Differential Equations,Applying differential equations to solve real-world problems.,"Students learn to apply differential equations to model and solve real-world problems in physics, biology, economics, and other fields.","Apply, model, solve",Paper 1 (differential equation applications),7 / 10,Students should be able to apply differential equations to solve real-world problems.,formulas,DE Application Models,Exponential growth/decay: $\frac{dP}{dt} = kP$ → $P = P_0 e^{kt}$ Newton's cooling: $\frac{dT}{dt} = -k(T - T_{\text{env}})$ Logistic growth: $\frac{dP}{dt} = kP(1 - \frac{P}{K})$ Simple harmonic motion: $\frac{d^2x}{dt^2} = -\omega^2 x$ Circuit: $L\frac{dI}{dt} + RI = V$
493,AHL 5.19,AHL 5.19a,Advanced Limit Concepts,Understanding the most advanced limit concepts and techniques.,"Students learn about the most advanced limit concepts including advanced L'Hôpital's rule applications, limits involving infinity, and sophisticated limit evaluation techniques.","Learn, understand, evaluate",Paper 1 (most advanced limits),7 / 10,Students should be able to understand and evaluate the most advanced limit concepts.,formulas,Advanced Limit Techniques,Squeeze theorem: $g(x) \leq f(x) \leq h(x)$ and $\lim g = \lim h = L$ → $\lim f = L$ Series expansion for limits: Taylor series Asymptotic expansions L'Hôpital repeated applications Limits of sequences: $\lim_{n \to \infty} a_n$ Epsilon-delta definition (rigorous)
495,AHL 5.19,AHL 5.19b,Advanced Calculus Theory,Understanding advanced calculus theory and its applications.,"Students learn about advanced calculus theory including rigorous definitions, advanced theorems, and their applications to complex mathematical problems.","Learn, understand, apply",Paper 1 (advanced calculus theory),7 / 10,Students should be able to understand advanced calculus theory and its applications.,formulas,Theoretical Calculus Results,"Mean Value Theorem: $f'(c) = \frac{f(b) - f(a)}{b - a}$ for some $c \in (a,b)$ Rolle's Theorem: special case Extreme Value Theorem: continuous on closed interval has max/min Intermediate Value Theorem Taylor's Theorem with remainder Uniform continuity"
497,AHL 5.19,AHL 5.19c,Advanced Calculus Applications,Applying the most advanced calculus concepts to solve complex problems.,"Students learn to apply the most advanced calculus concepts to solve complex problems in mathematics, physics, and engineering.","Apply, solve, model",Paper 1 (most advanced calculus applications),7 / 10,Students should be able to apply the most advanced calculus concepts to solve complex problems.,formulas,Ultimate Calculus Applications,"Multivariable calculus: partial derivatives, multiple integrals Vector calculus: grad, div, curl, line/surface integrals Calculus of variations: optimize functionals Differential geometry: curvature, geodesics Complex analysis: contour integration Foundation for modern physics and engineering"