Sl. No.,topic_number,lesson_code,lesson_title,conceptual_focus,lesson_description,skill_emphasis,assessment_context,difficulty_level,learning_outcome
1,SL 1.1,SL 1.1a,Understanding Powers of 10 and Place Value,Recognizing how powers of 10 represent scale and position within our number system.,Students explore how repeated multiplication/division by 10 shifts decimal places and connects to exponent notation.,"Understand, represent",Paper 1 (non-calculator),2 / 10,Students should be able to express integers and decimals as powers of 10 and interpret their magnitudes conceptually.
2,SL 1.1,SL 1.1b,Converting Between Standard and Scientific Form,Translating numbers between decimal and scientific representations while maintaining precision.,"Practice expressing quantities as a × 10ᵏ (1 ≤ a < 10, k ∈ ℤ) and back; handle positive and negative exponents accurately.","Apply, convert, estimate",Paper 1 (symbolic accuracy),3 / 10,Students should be able to convert any number between forms and identify correct significant figures and exponents.
3,SL 1.1,SL 1.1c,Applying Orders of Magnitude in Context,"Using scientific notation to compare, model, and estimate real-world quantities.","Students use scientific notation to compare vastly different scales (atoms, planets, GDP, etc.) and make order-of-magnitude estimates.","Model, interpret, estimate",Paper 2 (contextual application),4 / 10,Students should be able to apply orders of magnitude reasoning to contextual problems and justify the appropriateness of their approximations.
4,SL 1.2,SL 1.2a,Introduction to Arithmetic Sequences,Understanding the pattern and structure of arithmetic sequences.,"Students identify common differences, write general terms, and recognize arithmetic sequences in real contexts.","Identify, recognize, apply",Paper 1 (pattern recognition),3 / 10,Students should be able to identify arithmetic sequences and find the common difference and first term.
5,SL 1.2,SL 1.2b,Arithmetic Sequence Formulae and Applications,Applying the nth term and sum formulae for arithmetic sequences.,Students derive and use uₙ = u₁ + (n-1)d and Sₙ = n/2[2u₁ + (n-1)d] to solve problems including simple interest.,"Apply, calculate, solve",Paper 1 (formula application),4 / 10,Students should be able to find any term and sum of arithmetic sequences using appropriate formulae.
6,SL 1.2,SL 1.2c,Sigma Notation and Arithmetic Series,Understanding and using sigma notation for arithmetic series.,"Students learn to write arithmetic series using Σ notation and evaluate sums, connecting to real-world applications.","Represent, evaluate, interpret",Paper 1 (notation and calculation),5 / 10,Students should be able to express arithmetic series in sigma notation and evaluate sums accurately.
7,SL 1.3,SL 1.3a,Introduction to Geometric Sequences,Understanding the pattern and structure of geometric sequences.,"Students identify common ratios, write general terms, and recognize geometric sequences in contexts like population growth.","Identify, recognize, apply",Paper 1 (pattern recognition),3 / 10,Students should be able to identify geometric sequences and find the common ratio and first term.
8,SL 1.3,SL 1.3b,Geometric Sequence Formulae and Applications,Applying the nth term and sum formulae for geometric sequences.,"Students derive and use uₙ = u₁r^(n-1) and Sₙ = u₁(r^n - 1)/(r - 1) for r ≠ 1, including compound interest applications.","Apply, calculate, solve",Paper 1 (formula application),4 / 10,Students should be able to find any term and sum of geometric sequences using appropriate formulae.
9,SL 1.3,SL 1.3c,Sigma Notation and Geometric Series,Understanding and using sigma notation for geometric series.,"Students learn to write geometric series using Σ notation and evaluate sums, connecting to exponential growth models.","Represent, evaluate, interpret",Paper 1 (notation and calculation),5 / 10,Students should be able to express geometric series in sigma notation and evaluate sums accurately.
10,SL 1.4,SL 1.4a,Financial Applications of Geometric Sequences,Understanding compound interest as a geometric sequence application.,"Students explore how compound interest grows exponentially, connecting geometric sequences to real financial contexts.","Model, interpret, apply",Paper 2 (financial applications),4 / 10,Students should be able to model compound interest problems using geometric sequences and calculate investment values.
11,SL 1.4,SL 1.4b,Annual Depreciation and Investment Analysis,Applying geometric sequences to depreciation and investment calculations.,Students calculate annual depreciation rates and analyze real investment values with inflation considerations.,"Calculate, analyze, interpret",Paper 2 (contextual problems),5 / 10,Students should be able to calculate depreciation and real investment values using geometric sequence principles.
12,SL 1.4,SL 1.4c,Technology and Financial Modeling,Using technology to solve complex financial problems involving geometric sequences.,"Students use GDCs and financial packages to model compound interest, depreciation, and investment scenarios.","Use technology, model, solve",Paper 2 (technology applications),6 / 10,Students should be able to use appropriate technology to solve complex financial problems involving geometric sequences.
13,SL 1.5,SL 1.5a,Introduction to Logarithms,Understanding logarithms as the inverse of exponential functions.,"Students explore the relationship between a^x = b and log_a(b) = x, focusing on base 10 and base e.","Understand, connect, explore",Paper 1 (conceptual understanding),3 / 10,Students should be able to understand the logarithmic relationship and convert between exponential and logarithmic forms.
14,SL 1.5,SL 1.5b,Evaluating Logarithms Using Technology,Using technology to evaluate logarithms and understanding their properties.,"Students use calculators and technology to find log values, understanding the domain restrictions and special cases.","Use technology, evaluate, understand",Paper 1 (calculation skills),4 / 10,Students should be able to evaluate logarithms using technology and understand their mathematical properties.
15,SL 1.5,SL 1.5c,Logarithmic Applications in Context,Applying logarithms to real-world contexts like Richter scale and pH calculations.,"Students solve problems involving logarithmic scales in physics, chemistry, and other scientific contexts.","Apply, solve, interpret",Paper 2 (contextual applications),5 / 10,Students should be able to apply logarithmic concepts to solve real-world problems in various scientific contexts.
16,SL 1.6,SL 1.6a,Introduction to Mathematical Proof,Understanding the nature and structure of mathematical proof.,"Students learn about equality vs identity, LHS to RHS proofs, and the importance of logical reasoning in mathematics.","Understand, reason, justify",Paper 1 (proof structure),4 / 10,Students should be able to understand the basic structure of mathematical proofs and distinguish between equality and identity.
17,SL 1.6,SL 1.6b,Simple Deductive Proof Techniques,Developing skills in basic deductive proof methods.,"Students practice LHS to RHS proofs, numerical verification, and algebraic manipulation to establish mathematical truths.","Prove, manipulate, verify",Paper 1 (proof techniques),5 / 10,Students should be able to construct simple deductive proofs using appropriate algebraic techniques.
18,SL 1.6,SL 1.6c,Checking and Verifying Results,Learning to verify mathematical results and check one's own work.,"Students develop skills in self-checking, result verification, and identifying errors in mathematical reasoning.","Check, verify, self-assess",Paper 1 (verification skills),4 / 10,Students should be able to check their mathematical results and verify the correctness of their solutions.
19,SL 1.7,SL 1.7a,Laws of Exponents with Rational Exponents,Understanding and applying exponent laws to rational exponents.,Students explore a^(m/n) = n√(a^m) and apply exponent laws to expressions with fractional exponents.,"Understand, apply, simplify",Paper 1 (exponent manipulation),4 / 10,Students should be able to simplify expressions with rational exponents using appropriate laws and notation.
20,SL 1.7,SL 1.7b,Fundamental Laws of Logarithms,Understanding and applying the basic logarithmic identities and laws.,"Students learn and apply log_a(xy) = log_a(x) + log_a(y), log_a(x/y) = log_a(x) - log_a(y), and log_a(x^n) = n·log_a(x).","Apply, manipulate, solve",Paper 1 (logarithmic manipulation),5 / 10,Students should be able to apply logarithmic laws to simplify and solve logarithmic expressions.
21,SL 1.7,SL 1.7c,Change of Base and Logarithmic Equations,Using change of base formula and solving logarithmic equations.,Students apply log_a(x) = log_b(x)/log_b(a) and solve equations involving logarithms with different bases.,"Solve, convert, apply",Paper 1 (equation solving),6 / 10,Students should be able to change logarithmic bases and solve equations involving logarithms.
22,SL 1.8,SL 1.8a,Infinite Geometric Series and Convergence,Understanding when geometric series converge and their sum formula.,Students explore the condition |r| < 1 for convergence and derive S_∞ = u₁/(1-r) for infinite geometric series.,"Understand, derive, apply",Paper 1 (series convergence),5 / 10,Students should be able to determine convergence of infinite geometric series and calculate their sums.
23,SL 1.8,SL 1.8b,Applications of Infinite Series,Applying infinite geometric series to real-world problems.,"Students solve problems involving infinite series in contexts like repeating decimals, fractal geometry, and mathematical modeling.","Apply, model, interpret",Paper 2 (contextual applications),6 / 10,Students should be able to apply infinite geometric series to solve real-world problems and interpret results.
24,SL 1.8,SL 1.8c,Modulus and Series Convergence,Understanding the role of modulus in series convergence criteria.,"Students explore |r| < 1 condition, work with negative ratios, and understand the geometric interpretation of convergence.","Understand, analyze, interpret",Paper 1 (conceptual understanding),5 / 10,Students should be able to understand and apply modulus conditions for series convergence.
25,SL 1.9,SL 1.9a,Introduction to the Binomial Theorem,Understanding the expansion of (a + b)^n for positive integer exponents.,"Students explore Pascal's triangle, understand the pattern of coefficients, and learn the basic binomial expansion formula.","Understand, recognize, apply",Paper 1 (pattern recognition),4 / 10,Students should be able to understand the binomial theorem and recognize its applications.
26,SL 1.9,SL 1.9b,Using Pascal's Triangle and Combinations,Applying Pascal's triangle and combination notation to binomial expansions.,"Students learn to use nCr notation, find specific terms in expansions, and connect combinations to binomial coefficients.","Apply, calculate, find",Paper 1 (calculation skills),5 / 10,Students should be able to use Pascal's triangle and combinations to find specific terms in binomial expansions.
27,SL 1.9,SL 1.9c,Applications of the Binomial Theorem,Applying binomial theorem to solve problems and find specific terms.,"Students solve problems involving binomial expansions, find particular terms, and apply the theorem in various contexts.","Apply, solve, find",Paper 1 (problem solving),6 / 10,Students should be able to apply the binomial theorem to solve problems and find specific terms in expansions.
28,AHL 1.10,AHL 1.10a,Counting Principles and Permutations,Understanding fundamental counting principles and permutation concepts.,"Students explore the multiplication principle, factorial notation, and calculate permutations for different arrangements.","Count, calculate, arrange",Paper 1 (counting problems),5 / 10,Students should be able to apply counting principles and calculate permutations in various contexts.
29,AHL 1.10,AHL 1.10b,Combinations and Selection Problems,Understanding combinations and their applications in selection problems.,"Students learn the difference between permutations and combinations, calculate nCr, and solve selection problems.","Distinguish, calculate, select",Paper 1 (combination problems),6 / 10,Students should be able to distinguish between permutations and combinations and solve selection problems.
30,AHL 1.10,AHL 1.10c,Extended Binomial Theorem,Extending the binomial theorem to fractional and negative indices.,"Students explore (a + b)^n for n ∈ ℚ, understand convergence conditions, and apply to approximations.","Extend, understand, approximate",Paper 1 (extended applications),7 / 10,Students should be able to apply the extended binomial theorem to fractional and negative indices.
31,AHL 1.11,AHL 1.11a,Introduction to Partial Fractions,Understanding the decomposition of rational expressions into partial fractions.,Students learn to express rational functions as sums of simpler fractions with linear denominators.,"Decompose, express, simplify",Paper 1 (algebraic manipulation),6 / 10,Students should be able to decompose rational expressions into partial fractions with linear denominators.
32,AHL 1.11,AHL 1.11b,Partial Fractions with Two Linear Terms,Working with partial fractions containing two distinct linear factors.,Students practice decomposing expressions like (2x+1)/((x-1)(x+2)) into A/(x-1) + B/(x+2) form.,"Decompose, solve, verify",Paper 1 (partial fraction decomposition),7 / 10,Students should be able to decompose rational expressions with two linear factors into partial fractions.
33,AHL 1.11,AHL 1.11c,Applications of Partial Fractions,Applying partial fractions to integration and other mathematical contexts.,Students connect partial fractions to integration techniques and solve problems involving rational function integration.,"Apply, integrate, solve",Paper 1 (integration applications),7 / 10,Students should be able to apply partial fractions to solve integration problems involving rational functions.
34,AHL 1.12,AHL 1.12a,Introduction to Complex Numbers,Understanding the imaginary unit i and basic complex number operations.,"Students explore i = √(-1), complex number form a + bi, and basic arithmetic operations with complex numbers.","Understand, operate, represent",Paper 1 (complex arithmetic),5 / 10,Students should be able to perform basic arithmetic operations with complex numbers in Cartesian form.
35,AHL 1.12,AHL 1.12b,Complex Plane and Argand Diagrams,Representing complex numbers geometrically in the complex plane.,"Students plot complex numbers, understand real/imaginary parts, conjugates, and geometric interpretations.","Plot, interpret, visualize",Paper 1 (geometric representation),6 / 10,Students should be able to represent complex numbers geometrically and understand their properties in the complex plane.
36,AHL 1.12,AHL 1.12c,Modulus and Argument of Complex Numbers,Understanding the modulus and argument of complex numbers.,"Students calculate |z| and arg(z), understand their geometric meaning, and connect to vector representations.","Calculate, interpret, connect",Paper 1 (modulus and argument),6 / 10,Students should be able to calculate and interpret the modulus and argument of complex numbers.
37,AHL 1.13,AHL 1.13a,Polar and Euler Forms of Complex Numbers,"Converting between Cartesian, polar, and Euler forms of complex numbers.","Students learn z = r(cos θ + i sin θ) = r cis θ and z = re^(iθ), understanding the connections between forms.","Convert, represent, understand",Paper 1 (form conversion),6 / 10,"Students should be able to convert complex numbers between Cartesian, polar, and Euler forms."
38,AHL 1.13,AHL 1.13b,Operations in Different Complex Forms,Performing arithmetic operations in polar and Euler forms.,"Students add, multiply, and divide complex numbers in polar/Euler forms, understanding geometric interpretations.","Operate, interpret, visualize",Paper 1 (complex operations),7 / 10,Students should be able to perform arithmetic operations with complex numbers in polar and Euler forms.
39,AHL 1.13,AHL 1.13c,Geometric Interpretation of Complex Operations,Understanding the geometric meaning of complex number operations.,Students explore how multiplication by complex numbers represents rotations and scalings in the complex plane.,"Interpret, visualize, understand",Paper 1 (geometric understanding),7 / 10,Students should be able to interpret complex number operations geometrically in the complex plane.
40,AHL 1.14,AHL 1.14a,Complex Roots of Polynomial Equations,Understanding complex conjugate roots of polynomials with real coefficients.,Students explore how complex roots occur in conjugate pairs and solve polynomial equations with complex solutions.,"Solve, understand, apply",Paper 1 (polynomial equations),7 / 10,Students should be able to find complex roots of polynomial equations and understand conjugate pair properties.
41,AHL 1.14,AHL 1.14b,De Moivre's Theorem,Understanding and applying De Moivre's theorem for powers and roots.,Students learn (r cis θ)^n = r^n cis(nθ) and apply it to find powers and roots of complex numbers.,"Apply, calculate, derive",Paper 1 (De Moivre applications),8 / 10,Students should be able to apply De Moivre's theorem to find powers and roots of complex numbers.
42,AHL 1.14,AHL 1.14c,Proof by Induction for De Moivre's Theorem,Proving De Moivre's theorem using mathematical induction.,Students develop proof by induction skills while establishing the validity of De Moivre's theorem for positive integers.,"Prove, induct, establish",Paper 1 (proof by induction),8 / 10,Students should be able to prove De Moivre's theorem using mathematical induction.
43,AHL 1.15,AHL 1.15a,Mathematical Induction Fundamentals,Understanding the principle and structure of proof by mathematical induction.,"Students learn the base case, inductive hypothesis, and inductive step, applying to simple mathematical statements.","Understand, apply, prove",Paper 1 (induction basics),7 / 10,Students should be able to understand and apply the basic structure of mathematical induction.
44,AHL 1.15,AHL 1.15b,Proof by Contradiction,Understanding and applying proof by contradiction techniques.,"Students learn to assume the negation of what they want to prove and derive a contradiction, exploring classic examples.","Assume, derive, contradict",Paper 1 (contradiction proofs),8 / 10,Students should be able to construct proofs by contradiction for various mathematical statements.
45,AHL 1.15,AHL 1.15c,Counterexamples and Disproof,Using counterexamples to show that statements are not always true.,Students learn to find specific examples that contradict general statements and explain why they serve as counterexamples.,"Find, explain, disprove",Paper 1 (counterexample construction),7 / 10,Students should be able to construct counterexamples to disprove mathematical statements and explain their validity.
46,AHL 1.16,AHL 1.16a,Systems of Linear Equations,Understanding and solving systems of linear equations with up to three unknowns.,"Students learn to solve systems using algebraic methods and technology, understanding unique solutions, infinite solutions, and no solutions.","Solve, analyze, interpret",Paper 1 (system solving),6 / 10,Students should be able to solve systems of linear equations and interpret the nature of their solutions.
47,AHL 1.16,AHL 1.16b,Matrix Methods and Row Reduction,Using matrices and row reduction to solve systems of linear equations.,"Students learn matrix representation of systems, row reduction techniques, and technological methods for solving linear systems.","Represent, reduce, solve",Paper 1 (matrix methods),7 / 10,Students should be able to use matrix methods and row reduction to solve systems of linear equations.
48,AHL 1.16,AHL 1.16c,General Solutions and Inconsistent Systems,Understanding general solutions for systems with infinite solutions and identifying inconsistent systems.,Students learn to find general solutions for systems with infinitely many solutions and recognize when systems have no solutions.,"Find, recognize, interpret",Paper 1 (solution analysis),7 / 10,Students should be able to find general solutions and identify inconsistent systems of linear equations.
49,SL 2.1,SL 2.1a,Equations of Straight Lines,Understanding different forms of linear equations and their applications.,"Students learn y = mx + c, ax + by + d = 0, and y - y₁ = m(x - x₁) forms, connecting to real-world contexts like gradients of roads.","Understand, apply, connect",Paper 1 (linear equations),3 / 10,Students should be able to write equations of straight lines in various forms and apply them to real-world problems.
50,SL 2.1,SL 2.1b,Gradients and Intercepts,"Understanding and calculating gradients, intercepts, and their geometric meaning.","Students learn to find gradients, x and y intercepts, and understand their significance in linear relationships and real contexts.","Calculate, interpret, apply",Paper 1 (gradient analysis),4 / 10,Students should be able to calculate gradients and intercepts and interpret their meaning in various contexts.
51,SL 2.1,SL 2.1c,Parallel and Perpendicular Lines,Understanding the relationships between gradients of parallel and perpendicular lines.,"Students learn m₁ = m₂ for parallel lines and m₁ × m₂ = -1 for perpendicular lines, applying to geometric and real-world problems.","Understand, apply, solve",Paper 1 (line relationships),4 / 10,Students should be able to determine and use relationships between gradients of parallel and perpendicular lines.
52,SL 2.2,SL 2.2a,Concept of Functions,Understanding the fundamental concept of functions as mathematical models.,"Students explore function notation f(x), domain, range, and the concept of functions as mappings from inputs to outputs.","Understand, define, represent",Paper 1 (function concepts),3 / 10,Students should be able to understand and represent functions using appropriate notation and identify their domains and ranges.
53,SL 2.2,SL 2.2b,Inverse Functions,Understanding the concept and properties of inverse functions.,"Students learn about one-to-one functions, inverse notation f⁻¹(x), and the relationship between a function and its inverse.","Understand, find, relate",Paper 1 (inverse functions),4 / 10,Students should be able to understand inverse functions and find inverses of one-to-one functions.
54,SL 2.2,SL 2.2c,Graphical Representation of Functions,Understanding how to represent functions graphically and interpret their features.,"Students learn to sketch functions, understand the relationship between f(x) and f⁻¹(x) as reflections in y = x, and interpret graphs.","Sketch, interpret, relate",Paper 1 (graphical representation),4 / 10,Students should be able to sketch functions and understand the graphical relationship between functions and their inverses.
55,SL 2.3,SL 2.3a,Graphing Functions and Technology,Using technology to graph functions and understanding the equation y = f(x).,"Students learn to use graphing technology, transfer graphs from screen to paper, and understand the difference between 'draw' and 'sketch'.","Use technology, transfer, understand",Paper 1 (graphing skills),4 / 10,Students should be able to use technology to graph functions and transfer graphical information accurately.
56,SL 2.3,SL 2.3b,Creating Sketches from Information,Developing skills to create function sketches from given information or context.,"Students learn to sketch functions from verbal descriptions, context clues, and mathematical information, labeling all key features.","Sketch, label, interpret",Paper 1 (sketching skills),5 / 10,Students should be able to create accurate function sketches from given information and context.
57,SL 2.3,SL 2.3c,Graphing Sums and Differences of Functions,Understanding how to graph combinations of functions using technology.,"Students explore how to graph f(x) + g(x) and f(x) - g(x) using technology, understanding the graphical effects of function operations.","Combine, graph, understand",Paper 1 (function combinations),5 / 10,Students should be able to graph sums and differences of functions using appropriate technology.
58,SL 2.4,SL 2.4a,Key Features of Function Graphs,Identifying and analyzing key features of function graphs.,"Students learn to identify maximum/minimum values, intercepts, symmetry, vertices, zeros, and asymptotes using graphing technology.","Identify, analyze, interpret",Paper 1 (graph analysis),5 / 10,Students should be able to identify and interpret key features of function graphs.
59,SL 2.4,SL 2.4b,Intersection Points and Technology,Finding points of intersection between curves and lines using technology.,"Students learn to use technology to find intersection points, understanding the graphical and algebraic significance of these points.","Find, interpret, connect",Paper 1 (intersection analysis),5 / 10,Students should be able to find intersection points using technology and interpret their meaning.
60,SL 2.4,SL 2.4c,Asymptotes and Graph Behavior,Understanding vertical and horizontal asymptotes and their graphical significance.,"Students learn to identify asymptotes using graphing technology, understanding how they affect the behavior of functions.","Identify, understand, analyze",Paper 1 (asymptote analysis),6 / 10,Students should be able to identify and understand the significance of asymptotes in function graphs.
61,SL 2.5,SL 2.5a,Composite Functions,Understanding and working with composite functions f ∘ g(x) = f(g(x)).,"Students learn to compose functions, understand the order of operations, and work with composite function notation.","Compose, understand, apply",Paper 1 (function composition),5 / 10,Students should be able to compose functions and understand the notation and order of operations.
62,SL 2.5,SL 2.5b,Identity Function and Function Properties,Understanding the identity function and its role in function operations.,"Students explore the identity function f(x) = x, understand f ∘ f⁻¹(x) = f⁻¹ ∘ f(x) = x, and work with function properties.","Understand, explore, apply",Paper 1 (function properties),5 / 10,Students should be able to understand the identity function and its role in function operations.
63,SL 2.5,SL 2.5c,Existence of Inverse Functions,Understanding when inverse functions exist and their properties.,"Students learn about one-to-one functions, the conditions for inverse existence, and how to determine if a function has an inverse.","Understand, determine, analyze",Paper 1 (inverse existence),6 / 10,Students should be able to determine when functions have inverses and understand the conditions for inverse existence.
64,SL 2.6,SL 2.6a,Quadratic Functions and Their Graphs,Understanding the properties and graphs of quadratic functions.,"Students explore f(x) = ax² + bx + c, learn about parabolas, y-intercepts, and axis of symmetry in quadratic functions.","Understand, graph, analyze",Paper 1 (quadratic functions),4 / 10,Students should be able to understand and graph quadratic functions and identify their key properties.
65,SL 2.6,SL 2.6b,Forms of Quadratic Functions,Working with different forms of quadratic functions and their applications.,"Students learn f(x) = a(x-p)(x-q) for x-intercepts and f(x) = a(x-h)² + k for vertex form, converting between forms.","Convert, apply, understand",Paper 1 (quadratic forms),5 / 10,Students should be able to work with different forms of quadratic functions and convert between them.
66,SL 2.6,SL 2.6c,Vertex and Axis of Symmetry,Understanding the vertex and axis of symmetry in quadratic functions.,"Students learn to find vertices (h,k) from vertex form, understand the axis of symmetry x = h, and connect to real-world applications.","Find, understand, apply",Paper 1 (vertex analysis),5 / 10,Students should be able to find vertices and axes of symmetry of quadratic functions.
67,SL 2.7,SL 2.7a,Solving Quadratic Equations,Understanding methods for solving quadratic equations.,"Students learn factorization, completing the square, and the quadratic formula to solve quadratic equations in various contexts.","Solve, apply, choose",Paper 1 (equation solving),5 / 10,Students should be able to solve quadratic equations using appropriate methods.
68,SL 2.7,SL 2.7b,The Quadratic Formula and Discriminant,Understanding the quadratic formula and discriminant analysis.,"Students learn x = (-b ± √(b²-4ac))/2a, understand the discriminant Δ = b²-4ac, and analyze the nature of roots.","Apply, analyze, interpret",Paper 1 (quadratic formula),6 / 10,Students should be able to use the quadratic formula and analyze the nature of roots using the discriminant.
69,SL 2.7,SL 2.7c,Quadratic Inequalities,Understanding and solving quadratic inequalities.,"Students learn to solve quadratic inequalities, understand the relationship to quadratic equations, and represent solutions graphically.","Solve, represent, interpret",Paper 1 (inequality solving),6 / 10,Students should be able to solve quadratic inequalities and represent their solutions appropriately.
70,SL 2.8,SL 2.8a,Reciprocal Functions,Understanding the reciprocal function f(x) = 1/x and its properties.,"Students explore the graph of 1/x, understand its self-inverse nature, and identify key features like asymptotes.","Understand, graph, analyze",Paper 1 (reciprocal functions),5 / 10,Students should be able to understand and graph reciprocal functions and identify their key properties.
71,SL 2.8,SL 2.8b,Rational Functions,Working with rational functions of the form f(x) = (ax+b)/(cx+d).,"Students learn to graph rational functions, find asymptotes, and understand the behavior of these functions.","Graph, find, understand",Paper 1 (rational functions),6 / 10,Students should be able to graph rational functions and identify their asymptotes and behavior.
72,SL 2.8,SL 2.8c,Asymptotes of Rational Functions,Understanding vertical and horizontal asymptotes in rational functions.,"Students learn to find vertical asymptotes x = -d/c and horizontal asymptotes y = a/c, understanding their significance.","Find, understand, interpret",Paper 1 (asymptote analysis),6 / 10,Students should be able to find and interpret asymptotes of rational functions.
73,SL 2.9,SL 2.9a,Exponential Functions,Understanding exponential functions and their properties.,"Students explore f(x) = a^x where a > 0, learn about exponential growth and decay, and understand the relationship to logarithms.","Understand, explore, connect",Paper 1 (exponential functions),5 / 10,Students should be able to understand and work with exponential functions and their properties.
74,SL 2.9,SL 2.9b,Graphs of Exponential Functions,Understanding the graphs and behavior of exponential functions.,"Students learn to graph exponential functions, understand asymptotes, and analyze the effects of different bases on the graph.","Graph, analyze, understand",Paper 1 (exponential graphs),5 / 10,Students should be able to graph exponential functions and analyze their behavior.
75,SL 2.9,SL 2.9c,Exponential Equations and Applications,Solving exponential equations and applying them in context.,"Students learn to solve exponential equations using logarithms, understand exponential models, and apply them to real-world problems.","Solve, apply, model",Paper 1 (exponential equations),6 / 10,Students should be able to solve exponential equations and apply exponential models to real-world situations.
76,SL 2.10,SL 2.10a,Logarithmic Functions,Understanding logarithmic functions and their relationship to exponentials.,"Students explore f(x) = log_a(x), understand the inverse relationship with exponential functions, and learn about common and natural logarithms.","Understand, explore, connect",Paper 1 (logarithmic functions),5 / 10,Students should be able to understand logarithmic functions and their relationship to exponential functions.
77,SL 2.10,SL 2.10b,Graphs of Logarithmic Functions,Understanding the graphs and properties of logarithmic functions.,"Students learn to graph logarithmic functions, understand their domain and range, and analyze the effects of different bases.","Graph, analyze, understand",Paper 1 (logarithmic graphs),5 / 10,Students should be able to graph logarithmic functions and understand their properties.
78,SL 2.10,SL 2.10c,Logarithmic Equations and Applications,Solving logarithmic equations and applying them in context.,"Students learn to solve logarithmic equations, understand logarithmic models, and apply them to real-world problems.","Solve, apply, model",Paper 1 (logarithmic equations),6 / 10,Students should be able to solve logarithmic equations and apply logarithmic models to real-world situations.
79,SL 2.11,SL 2.11a,Function Transformations,Understanding transformations of functions and their effects.,"Students learn about vertical and horizontal translations, reflections, and stretches/compressions, and how they affect function graphs.","Understand, apply, transform",Paper 1 (function transformations),6 / 10,Students should be able to understand and apply transformations to function graphs.
80,SL 2.11,SL 2.11b,Combining Transformations,Working with multiple transformations applied to functions.,"Students learn to combine multiple transformations, understand the order of operations, and predict the effects on function graphs.","Combine, predict, analyze",Paper 1 (combined transformations),6 / 10,Students should be able to combine multiple transformations and predict their effects on function graphs.
81,SL 2.11,SL 2.11c,Transformation Applications,Applying transformations to solve problems and model situations.,"Students learn to use transformations to solve problems, model real-world situations, and understand the practical applications of function transformations.","Apply, model, solve",Paper 1 (transformation applications),6 / 10,Students should be able to apply transformations to solve problems and model real-world situations.
82,AHL 2.12,AHL 2.12a,Polynomial Functions,Understanding polynomial functions and their properties.,"Students explore polynomial functions of degree n, learn about their graphs, end behavior, and fundamental properties of polynomials.","Understand, explore, analyze",Paper 1 (polynomial functions),6 / 10,Students should be able to understand polynomial functions and their fundamental properties.
83,AHL 2.12,AHL 2.12b,The Factor Theorem,Understanding the factor theorem and its applications.,"Students learn that if f(a) = 0, then (x-a) is a factor of f(x), and use this to factor polynomials and find roots.","Apply, factor, find",Paper 1 (factor theorem),7 / 10,Students should be able to apply the factor theorem to factor polynomials and find roots.
84,AHL 2.12,AHL 2.12c,The Remainder Theorem,Understanding the remainder theorem and polynomial division.,"Students learn that when f(x) is divided by (x-a), the remainder is f(a), and apply this to polynomial division problems.","Apply, divide, find",Paper 1 (remainder theorem),7 / 10,Students should be able to apply the remainder theorem to polynomial division problems.
85,AHL 2.13,AHL 2.13a,Advanced Rational Functions,Working with more complex rational functions and their properties.,"Students explore rational functions with higher degree polynomials, learn about multiple asymptotes, and analyze their behavior.","Explore, analyze, understand",Paper 1 (advanced rational functions),7 / 10,Students should be able to work with complex rational functions and analyze their properties.
86,AHL 2.13,AHL 2.13b,Oblique Asymptotes,Understanding oblique asymptotes in rational functions.,"Students learn to find oblique asymptotes using polynomial long division, understand when they occur, and analyze their significance.","Find, understand, analyze",Paper 1 (oblique asymptotes),7 / 10,Students should be able to find and analyze oblique asymptotes in rational functions.
87,AHL 2.13,AHL 2.13c,Advanced Rational Function Applications,Applying advanced rational function concepts to solve complex problems.,"Students learn to solve complex problems involving rational functions, including optimization and modeling applications.","Solve, apply, model",Paper 1 (rational applications),7 / 10,Students should be able to apply advanced rational function concepts to solve complex problems.
88,AHL 2.14,AHL 2.14a,Advanced Composite Functions,Working with complex composite functions and their properties.,"Students learn to work with composite functions involving multiple operations, understand domain restrictions, and analyze their behavior.","Compose, analyze, understand",Paper 1 (advanced composition),7 / 10,Students should be able to work with complex composite functions and understand their properties.
89,AHL 2.14,AHL 2.14b,Advanced Inverse Functions,Understanding inverse functions for complex functions and their properties.,"Students learn to find inverses of complex functions, understand domain and range restrictions, and work with inverse function properties.","Find, understand, apply",Paper 1 (advanced inverses),7 / 10,Students should be able to find and work with inverse functions of complex functions.
90,AHL 2.14,AHL 2.14c,Function Composition and Inversion Applications,Applying advanced function composition and inversion to solve problems.,Students learn to apply advanced concepts of function composition and inversion to solve complex mathematical problems.,"Apply, solve, model",Paper 1 (composition applications),7 / 10,Students should be able to apply advanced function composition and inversion concepts to solve problems.
91,AHL 2.15,AHL 2.15a,Advanced Rational Function Inequalities,Understanding and solving complex rational function inequalities.,"Students learn to solve rational function inequalities, understand the relationship to rational equations, and represent solutions graphically.","Solve, represent, interpret",Paper 1 (rational inequalities),7 / 10,Students should be able to solve complex rational function inequalities and represent their solutions appropriately.
92,AHL 2.15,AHL 2.15b,Rational Function Domain and Range,Understanding domain and range restrictions in rational functions.,"Students learn to find domain and range of rational functions, understand restrictions, and analyze the effects of asymptotes.","Find, analyze, understand",Paper 1 (domain range analysis),7 / 10,Students should be able to find and analyze domain and range of rational functions.
93,AHL 2.15,AHL 2.15c,Rational Function Optimization,Applying rational functions to optimization problems.,"Students learn to use rational functions in optimization problems, understand constraints, and find maximum/minimum values.","Apply, optimize, solve",Paper 1 (rational optimization),7 / 10,Students should be able to apply rational functions to optimization problems.
94,AHL 2.16,AHL 2.16a,Advanced Function Transformations,Understanding complex transformations of functions and their effects.,"Students learn about advanced transformations including dilations, rotations, and combinations of multiple transformations.","Understand, apply, transform",Paper 1 (advanced transformations),7 / 10,Students should be able to understand and apply advanced transformations to function graphs.
95,AHL 2.16,AHL 2.16b,Transformation Matrices,Understanding matrix representations of transformations.,"Students learn to represent transformations using matrices, understand matrix operations, and apply them to function transformations.","Represent, understand, apply",Paper 1 (transformation matrices),7 / 10,Students should be able to represent and apply transformations using matrices.
96,AHL 2.16,AHL 2.16c,Advanced Transformation Applications,Applying advanced transformations to solve complex problems.,Students learn to use advanced transformations to solve complex mathematical problems and model real-world situations.,"Apply, solve, model",Paper 1 (advanced transformation applications),7 / 10,Students should be able to apply advanced transformations to solve complex problems.
97,SL 3.1,SL 3.1a,Three-Dimensional Coordinate Systems,Understanding three-dimensional coordinate systems and spatial geometry.,"Students learn about 3D coordinate systems, distance formula in 3D, and basic spatial relationships between points.","Understand, calculate, analyze",Paper 1 (3D coordinates),5 / 10,Students should be able to work with three-dimensional coordinate systems and calculate distances.
98,SL 3.1,SL 3.1b,Equations of Planes,Understanding equations of planes in three-dimensional space.,"Students learn to find equations of planes using points and normal vectors, understand different forms of plane equations.","Find, understand, apply",Paper 1 (plane equations),6 / 10,Students should be able to find equations of planes in three-dimensional space.
99,SL 3.1,SL 3.1c,Intersection of Planes and Lines,Understanding intersections between planes and lines in 3D space.,"Students learn to find intersections between planes and lines, understand different cases of intersection, and solve related problems.","Find, understand, solve",Paper 1 (plane line intersections),6 / 10,Students should be able to find intersections between planes and lines in three-dimensional space.
100,SL 3.2,SL 3.2a,Trigonometric Ratios,Understanding basic trigonometric ratios and their properties.,"Students learn about sine, cosine, and tangent ratios, understand their definitions in right triangles, and apply them to solve problems.","Understand, apply, solve",Paper 1 (trigonometric ratios),4 / 10,Students should be able to understand and apply basic trigonometric ratios to solve problems.
101,SL 3.2,SL 3.2b,Special Angles and Exact Values,Understanding special angles and their exact trigonometric values.,"Students learn the exact values of trigonometric ratios for 30°, 45°, 60°, and 90°, and apply them in calculations.","Learn, apply, calculate",Paper 1 (special angles),5 / 10,Students should be able to recall and apply exact values of trigonometric ratios for special angles.
102,SL 3.2,SL 3.2c,Applications of Trigonometric Ratios,Applying trigonometric ratios to solve real-world problems.,"Students learn to apply trigonometric ratios to solve problems involving angles of elevation, depression, and other real-world situations.","Apply, solve, model",Paper 1 (trigonometric applications),5 / 10,Students should be able to apply trigonometric ratios to solve real-world problems.
103,SL 3.3,SL 3.3a,The Unit Circle,Understanding the unit circle and its relationship to trigonometric functions.,"Students learn about the unit circle, understand how it relates to trigonometric ratios, and work with angles in radians and degrees.","Understand, relate, convert",Paper 1 (unit circle),5 / 10,Students should be able to understand the unit circle and its relationship to trigonometric functions.
104,SL 3.3,SL 3.3b,Radians and Degrees,Understanding the relationship between radians and degrees.,"Students learn to convert between radians and degrees, understand the relationship π radians = 180°, and apply this in calculations.","Convert, understand, apply",Paper 1 (radian degree conversion),5 / 10,Students should be able to convert between radians and degrees and apply this in calculations.
105,SL 3.3,SL 3.3c,Arc Length and Sector Area,Understanding arc length and sector area calculations.,"Students learn to calculate arc length s = rθ and sector area A = ½r²θ, and apply these formulas to solve problems.","Calculate, apply, solve",Paper 1 (arc length sector area),5 / 10,Students should be able to calculate arc length and sector area using appropriate formulas.
106,SL 3.4,SL 3.4a,Trigonometric Identities,Understanding fundamental trigonometric identities.,"Students learn about sin²θ + cos²θ = 1, tanθ = sinθ/cosθ, and other fundamental identities, and apply them to simplify expressions.","Learn, apply, simplify",Paper 1 (trigonometric identities),6 / 10,Students should be able to understand and apply fundamental trigonometric identities.
107,SL 3.4,SL 3.4b,Simplifying Trigonometric Expressions,Simplifying complex trigonometric expressions using identities.,"Students learn to use trigonometric identities to simplify expressions, factor trigonometric expressions, and solve related problems.","Simplify, factor, solve",Paper 1 (trigonometric simplification),6 / 10,Students should be able to simplify trigonometric expressions using identities.
108,SL 3.4,SL 3.4c,Proving Trigonometric Identities,Understanding how to prove trigonometric identities.,"Students learn techniques for proving trigonometric identities, understand logical reasoning, and develop proof-writing skills.","Prove, reason, develop",Paper 1 (trigonometric proofs),6 / 10,Students should be able to prove trigonometric identities using appropriate techniques.
109,SL 3.5,SL 3.5a,Graphs of Sine and Cosine,Understanding the graphs of sine and cosine functions.,"Students learn to graph y = sin(x) and y = cos(x), understand their periodic nature, amplitude, and period, and analyze their key features.","Graph, understand, analyze",Paper 1 (sine cosine graphs),5 / 10,Students should be able to graph sine and cosine functions and understand their properties.
110,SL 3.5,SL 3.5b,Amplitude and Period,Understanding amplitude and period in trigonometric functions.,"Students learn about amplitude |a| and period 2π/b in y = a sin(bx) and y = a cos(bx), and how these parameters affect the graphs.","Understand, analyze, apply",Paper 1 (amplitude period),5 / 10,Students should be able to understand and analyze amplitude and period in trigonometric functions.
111,SL 3.5,SL 3.5c,Phase Shift and Vertical Shift,Understanding phase shift and vertical shift in trigonometric functions.,"Students learn about phase shift c and vertical shift d in y = a sin(b(x-c)) + d, and how these transformations affect the graphs.","Understand, analyze, apply",Paper 1 (phase vertical shift),5 / 10,Students should be able to understand and analyze phase shift and vertical shift in trigonometric functions.
112,SL 3.6,SL 3.6a,Graphs of Tangent and Cotangent,Understanding the graphs of tangent and cotangent functions.,"Students learn to graph y = tan(x) and y = cot(x), understand their periodic nature, asymptotes, and analyze their key features.","Graph, understand, analyze",Paper 1 (tangent cotangent graphs),5 / 10,Students should be able to graph tangent and cotangent functions and understand their properties.
113,SL 3.6,SL 3.6b,Asymptotes in Trigonometric Functions,Understanding asymptotes in trigonometric functions.,"Students learn to identify vertical asymptotes in tangent and cotangent functions, understand their significance, and analyze function behavior.","Identify, understand, analyze",Paper 1 (trigonometric asymptotes),5 / 10,Students should be able to identify and understand asymptotes in trigonometric functions.
114,SL 3.6,SL 3.6c,Period and Transformations,Understanding period and transformations in tangent and cotangent functions.,"Students learn about period π/b in y = a tan(bx) and y = a cot(bx), and how transformations affect these functions.","Understand, analyze, apply",Paper 1 (tangent transformations),5 / 10,Students should be able to understand and analyze period and transformations in tangent and cotangent functions.
115,SL 3.7,SL 3.7a,Circular Functions,Understanding circular functions and their relationship to trigonometric functions.,"Students learn about circular functions, understand their relationship to trigonometric functions, and work with their properties.","Understand, relate, work",Paper 1 (circular functions),5 / 10,Students should be able to understand circular functions and their relationship to trigonometric functions.
116,SL 3.7,SL 3.7b,Graphs of Circular Functions,Understanding the graphs of circular functions.,"Students learn to graph circular functions, understand their periodic nature, and analyze their key features and behavior.","Graph, understand, analyze",Paper 1 (circular function graphs),5 / 10,Students should be able to graph circular functions and understand their properties.
117,SL 3.7,SL 3.7c,Applications of Circular Functions,Applying circular functions to solve problems and model situations.,"Students learn to apply circular functions to solve problems, model periodic phenomena, and understand their real-world applications.","Apply, model, understand",Paper 1 (circular function applications),5 / 10,Students should be able to apply circular functions to solve problems and model real-world situations.
118,SL 3.8,SL 3.8a,Inverse Trigonometric Functions,Understanding inverse trigonometric functions and their properties.,"Students learn about arcsin, arccos, and arctan functions, understand their domains and ranges, and work with their properties.","Understand, work, apply",Paper 1 (inverse trigonometric functions),6 / 10,Students should be able to understand and work with inverse trigonometric functions.
119,SL 3.8,SL 3.8b,Graphs of Inverse Trigonometric Functions,Understanding the graphs of inverse trigonometric functions.,"Students learn to graph inverse trigonometric functions, understand their restricted domains, and analyze their key features.","Graph, understand, analyze",Paper 1 (inverse trig graphs),6 / 10,Students should be able to graph inverse trigonometric functions and understand their properties.
120,SL 3.8,SL 3.8c,Applications of Inverse Trigonometric Functions,Applying inverse trigonometric functions to solve problems.,"Students learn to apply inverse trigonometric functions to solve problems, understand their practical applications, and work with related calculations.","Apply, solve, understand",Paper 1 (inverse trig applications),6 / 10,Students should be able to apply inverse trigonometric functions to solve problems.
121,AHL 3.9,AHL 3.9a,Reciprocal Trigonometric Functions,Understanding reciprocal trigonometric functions and their properties.,"Students learn about cosecant, secant, and cotangent functions, understand their relationships to sine, cosine, and tangent, and work with their properties.","Understand, relate, work",Paper 1 (reciprocal trig functions),6 / 10,Students should be able to understand and work with reciprocal trigonometric functions.
122,AHL 3.9,AHL 3.9b,Graphs of Reciprocal Trigonometric Functions,Understanding the graphs of reciprocal trigonometric functions.,"Students learn to graph reciprocal trigonometric functions, understand their asymptotes and behavior, and analyze their key features.","Graph, understand, analyze",Paper 1 (reciprocal trig graphs),6 / 10,Students should be able to graph reciprocal trigonometric functions and understand their properties.
123,AHL 3.9,AHL 3.9c,Advanced Inverse Trigonometric Functions,Understanding advanced properties of inverse trigonometric functions.,"Students learn about advanced properties of inverse trigonometric functions, understand their relationships, and work with complex problems.","Understand, relate, work",Paper 1 (advanced inverse trig),7 / 10,Students should be able to understand advanced properties of inverse trigonometric functions.
124,AHL 3.10,AHL 3.10a,Compound Angle Formulae,Understanding compound angle formulae in trigonometry.,"Students learn about sin(A±B), cos(A±B), and tan(A±B) formulae, understand their derivations, and apply them to solve problems.","Learn, understand, apply",Paper 1 (compound angle formulae),7 / 10,Students should be able to understand and apply compound angle formulae.
125,AHL 3.10,AHL 3.10b,Double Angle Formulae,Understanding double angle formulae in trigonometry.,"Students learn about sin(2A), cos(2A), and tan(2A) formulae, understand their derivations, and apply them to solve problems.","Learn, understand, apply",Paper 1 (double angle formulae),7 / 10,Students should be able to understand and apply double angle formulae.
126,AHL 3.10,AHL 3.10c,Applications of Compound and Double Angle Formulae,Applying compound and double angle formulae to solve problems.,Students learn to apply compound and double angle formulae to solve complex trigonometric problems and prove identities.,"Apply, solve, prove",Paper 1 (angle formula applications),7 / 10,Students should be able to apply compound and double angle formulae to solve problems and prove identities.
127,AHL 3.11,AHL 3.11a,Trigonometric Symmetry,Understanding symmetry properties in trigonometric functions.,"Students learn about even and odd functions, understand symmetry properties of trigonometric functions, and apply these concepts to solve problems.","Understand, apply, solve",Paper 1 (trigonometric symmetry),7 / 10,Students should be able to understand and apply symmetry properties in trigonometric functions.
128,AHL 3.11,AHL 3.11b,Periodicity and Symmetry,Understanding the relationship between periodicity and symmetry in trigonometric functions.,"Students learn about periodic properties, understand how symmetry relates to periodicity, and analyze these relationships in trigonometric functions.","Understand, relate, analyze",Paper 1 (periodicity symmetry),7 / 10,Students should be able to understand the relationship between periodicity and symmetry in trigonometric functions.
129,AHL 3.11,AHL 3.11c,Applications of Trigonometric Symmetry,Applying symmetry properties to solve trigonometric problems.,"Students learn to use symmetry properties to simplify calculations, solve trigonometric equations, and prove identities.","Apply, simplify, solve",Paper 1 (symmetry applications),7 / 10,Students should be able to apply symmetry properties to solve trigonometric problems.
130,AHL 3.12,AHL 3.12a,Vector Concepts,Understanding basic vector concepts and operations.,"Students learn about vectors, understand vector notation, magnitude, and direction, and work with basic vector operations.","Understand, work, apply",Paper 1 (vector concepts),6 / 10,Students should be able to understand basic vector concepts and perform vector operations.
131,AHL 3.12,AHL 3.12b,Vector Operations,"Understanding vector addition, subtraction, and scalar multiplication.","Students learn to add, subtract, and multiply vectors by scalars, understand the geometric interpretation of these operations.","Learn, understand, apply",Paper 1 (vector operations),6 / 10,Students should be able to perform vector operations and understand their geometric interpretation.
132,AHL 3.12,AHL 3.12c,Vector Applications,Applying vectors to solve problems in geometry and physics.,"Students learn to apply vectors to solve problems involving displacement, velocity, forces, and other physical quantities.","Apply, solve, model",Paper 1 (vector applications),6 / 10,Students should be able to apply vectors to solve problems in geometry and physics.
133,AHL 3.13,AHL 3.13a,Linear Systems,Understanding systems of linear equations and their solutions.,"Students learn about systems of linear equations, understand different types of solutions, and work with methods to solve them.","Understand, work, solve",Paper 1 (linear systems),6 / 10,Students should be able to understand and solve systems of linear equations.
134,AHL 3.13,AHL 3.13b,Matrix Methods,Understanding matrix methods for solving linear systems.,"Students learn to use matrices to solve linear systems, understand Gaussian elimination, and work with matrix operations.","Learn, understand, apply",Paper 1 (matrix methods),7 / 10,Students should be able to use matrix methods to solve linear systems.
135,AHL 3.13,AHL 3.13c,Applications of Linear Systems,Applying linear systems to solve real-world problems.,"Students learn to model real-world situations using linear systems, solve optimization problems, and understand practical applications.","Apply, model, solve",Paper 1 (linear system applications),7 / 10,Students should be able to apply linear systems to solve real-world problems.
136,AHL 3.14,AHL 3.14a,Advanced Vector Operations,Understanding advanced vector operations including dot and cross products.,"Students learn about dot product, cross product, and their geometric interpretations, and apply these concepts to solve problems.","Learn, understand, apply",Paper 1 (advanced vector operations),7 / 10,Students should be able to understand and apply advanced vector operations.
137,AHL 3.14,AHL 3.14b,Vector Geometry,Understanding the geometric applications of vectors in three-dimensional space.,"Students learn to use vectors to solve geometric problems, understand vector equations of lines and planes, and work with spatial relationships.","Learn, understand, work",Paper 1 (vector geometry),7 / 10,Students should be able to use vectors to solve geometric problems in three-dimensional space.
138,AHL 3.14,AHL 3.14c,Applications of Advanced Vectors,Applying advanced vector concepts to solve complex problems.,"Students learn to apply advanced vector concepts to solve problems in physics, engineering, and other fields requiring spatial analysis.","Apply, solve, analyze",Paper 1 (advanced vector applications),7 / 10,Students should be able to apply advanced vector concepts to solve complex problems.
139,AHL 3.15,AHL 3.15a,Advanced Linear Systems,Understanding advanced concepts in linear systems and their solutions.,"Students learn about consistent and inconsistent systems, dependent and independent systems, and advanced solution methods.","Understand, learn, apply",Paper 1 (advanced linear systems),7 / 10,Students should be able to understand and work with advanced linear systems.
140,AHL 3.15,AHL 3.15b,Matrix Algebra,Understanding matrix algebra and its applications to linear systems.,"Students learn about matrix operations, determinants, and their applications to solving linear systems and understanding system properties.","Learn, understand, apply",Paper 1 (matrix algebra),7 / 10,Students should be able to understand matrix algebra and its applications.
141,AHL 3.15,AHL 3.15c,Applications of Advanced Linear Systems,Applying advanced linear system concepts to solve complex problems.,"Students learn to model complex real-world situations using advanced linear systems, solve optimization problems, and understand practical applications.","Apply, model, solve",Paper 1 (advanced linear applications),7 / 10,Students should be able to apply advanced linear system concepts to solve complex problems.
142,AHL 3.16,AHL 3.16a,Vector Spaces,Understanding vector spaces and their properties.,"Students learn about vector spaces, subspaces, linear independence, and basis, and understand their fundamental properties and applications.","Learn, understand, apply",Paper 1 (vector spaces),7 / 10,Students should be able to understand vector spaces and their fundamental properties.
143,AHL 3.16,AHL 3.16b,Linear Transformations,Understanding linear transformations and their properties.,"Students learn about linear transformations, their matrix representations, and how they relate to vector spaces and linear systems.","Learn, understand, relate",Paper 1 (linear transformations),7 / 10,Students should be able to understand linear transformations and their properties.
144,AHL 3.16,AHL 3.16c,Applications of Vector Spaces and Linear Transformations,Applying vector space and linear transformation concepts to solve problems.,"Students learn to apply vector space and linear transformation concepts to solve problems in mathematics, physics, and engineering.","Apply, solve, model",Paper 1 (vector space applications),7 / 10,Students should be able to apply vector space and linear transformation concepts to solve problems.
145,SL 4.1,SL 4.1a,Data Collection and Types,Understanding different types of data and data collection methods.,"Students learn about qualitative and quantitative data, discrete and continuous data, and various methods of data collection including surveys and experiments.","Understand, classify, collect",Paper 1 (data types),4 / 10,Students should be able to understand different types of data and data collection methods.
146,SL 4.1,SL 4.1b,Data Representation,Understanding how to represent data effectively using tables and graphs.,"Students learn to create frequency tables, histograms, bar charts, and other graphical representations of data, and interpret their meaning.","Create, interpret, analyze",Paper 1 (data representation),4 / 10,Students should be able to create and interpret various representations of data.
147,SL 4.1,SL 4.1c,Data Analysis and Interpretation,Understanding how to analyze and interpret data from various sources.,"Students learn to analyze data, identify patterns and trends, and draw meaningful conclusions from statistical information.","Analyze, identify, conclude",Paper 1 (data analysis),4 / 10,Students should be able to analyze and interpret data effectively.
148,SL 4.2,SL 4.2a,Sampling Methods,Understanding different sampling methods and their applications.,"Students learn about random sampling, stratified sampling, systematic sampling, and cluster sampling, and understand their advantages and disadvantages.","Understand, compare, apply",Paper 1 (sampling methods),5 / 10,Students should be able to understand different sampling methods and their applications.
149,SL 4.2,SL 4.2b,Sampling Bias and Errors,Understanding sampling bias and errors in data collection.,"Students learn about different types of bias, sampling errors, and how to minimize them in data collection and analysis.","Understand, identify, minimize",Paper 1 (sampling bias),5 / 10,Students should be able to understand and identify sampling bias and errors.
150,SL 4.2,SL 4.2c,Sample Size and Reliability,Understanding the relationship between sample size and reliability of results.,"Students learn about the importance of sample size, confidence levels, and how sample size affects the reliability of statistical conclusions.","Understand, relate, evaluate",Paper 1 (sample size reliability),5 / 10,Students should be able to understand the relationship between sample size and reliability.
151,SL 4.3,SL 4.3a,Descriptive Statistics,Understanding descriptive statistics and their applications.,"Students learn about measures of central tendency (mean, median, mode) and measures of spread (range, standard deviation), and how to calculate and interpret them.","Learn, calculate, interpret",Paper 1 (descriptive statistics),5 / 10,Students should be able to calculate and interpret descriptive statistics.
152,SL 4.3,SL 4.3b,Measures of Central Tendency,Understanding and calculating measures of central tendency.,"Students learn to calculate mean, median, and mode for different types of data, understand their properties, and choose appropriate measures for different situations.","Calculate, understand, choose",Paper 1 (central tendency),5 / 10,Students should be able to calculate and understand measures of central tendency.
153,SL 4.3,SL 4.3c,Measures of Spread,Understanding and calculating measures of spread and variability.,"Students learn to calculate range, interquartile range, standard deviation, and variance, and understand their significance in data analysis.","Calculate, understand, analyze",Paper 1 (measures of spread),5 / 10,Students should be able to calculate and understand measures of spread and variability.
154,SL 4.4,SL 4.4a,Correlation and Scatter Plots,Understanding correlation and creating scatter plots.,"Students learn about correlation between variables, how to create and interpret scatter plots, and understand the relationship between correlation and causation.","Understand, create, interpret",Paper 1 (correlation scatter plots),5 / 10,Students should be able to understand correlation and create and interpret scatter plots.
155,SL 4.4,SL 4.4b,Linear Regression,Understanding linear regression and line of best fit.,"Students learn to find the line of best fit, understand the least squares method, and interpret the equation of the regression line.","Find, understand, interpret",Paper 1 (linear regression),5 / 10,Students should be able to find and interpret linear regression lines.
156,SL 4.4,SL 4.4c,Correlation Coefficient,Understanding and calculating the correlation coefficient.,"Students learn to calculate and interpret the correlation coefficient r, understand its range and meaning, and use it to assess the strength of linear relationships.","Calculate, interpret, assess",Paper 1 (correlation coefficient),5 / 10,Students should be able to calculate and interpret the correlation coefficient.
157,SL 4.5,SL 4.5a,Basic Probability Concepts,Understanding fundamental probability concepts and terminology.,"Students learn about sample spaces, events, outcomes, and basic probability rules, and understand how to calculate simple probabilities.","Understand, learn, calculate",Paper 1 (basic probability),4 / 10,Students should be able to understand basic probability concepts and calculate simple probabilities.
158,SL 4.5,SL 4.5b,Probability Rules,Understanding and applying probability rules and properties.,"Students learn about the addition rule, multiplication rule, complement rule, and other fundamental probability properties, and apply them to solve problems.","Learn, understand, apply",Paper 1 (probability rules),5 / 10,Students should be able to understand and apply probability rules and properties.
159,SL 4.5,SL 4.5c,Probability Applications,Applying probability concepts to solve real-world problems.,"Students learn to apply probability concepts to solve problems involving games, surveys, and other real-world situations.","Apply, solve, model",Paper 1 (probability applications),5 / 10,Students should be able to apply probability concepts to solve real-world problems.
160,SL 4.6,SL 4.6a,Conditional Probability,Understanding conditional probability and its applications.,"Students learn about conditional probability P(A|B), understand the concept of independence, and apply conditional probability to solve problems.","Understand, apply, solve",Paper 1 (conditional probability),6 / 10,Students should be able to understand and apply conditional probability concepts.
161,SL 4.6,SL 4.6b,Independent and Dependent Events,Understanding independent and dependent events in probability.,"Students learn to identify independent and dependent events, understand their properties, and apply this knowledge to solve probability problems.","Identify, understand, apply",Paper 1 (independent dependent events),6 / 10,Students should be able to identify and work with independent and dependent events.
162,SL 4.6,SL 4.6c,Combined Probability Problems,Solving complex probability problems involving multiple events.,"Students learn to solve problems involving combinations of events, use tree diagrams and other methods, and apply probability rules to complex situations.","Solve, use, apply",Paper 1 (combined probability),6 / 10,Students should be able to solve complex probability problems involving multiple events.
163,SL 4.7,SL 4.7a,Discrete Random Variables,Understanding discrete random variables and their properties.,"Students learn about discrete random variables, probability distributions, and how to calculate expected values and variance for discrete distributions.","Understand, calculate, analyze",Paper 1 (discrete random variables),6 / 10,Students should be able to understand and work with discrete random variables.
164,SL 4.7,SL 4.7b,Continuous Random Variables,Understanding continuous random variables and their properties.,"Students learn about continuous random variables, probability density functions, and how to work with continuous probability distributions.","Understand, work, analyze",Paper 1 (continuous random variables),6 / 10,Students should be able to understand and work with continuous random variables.
165,SL 4.7,SL 4.7c,Expected Value and Variance,Understanding expected value and variance for random variables.,"Students learn to calculate expected value E(X) and variance Var(X) for both discrete and continuous random variables, and understand their significance.","Calculate, understand, analyze",Paper 1 (expected value variance),6 / 10,Students should be able to calculate and understand expected value and variance for random variables.
166,SL 4.8,SL 4.8a,Binomial Distribution,Understanding the binomial distribution and its properties.,"Students learn about the binomial distribution, understand its parameters n and p, and learn to calculate probabilities using the binomial formula.","Understand, calculate, apply",Paper 1 (binomial distribution),6 / 10,Students should be able to understand and work with the binomial distribution.
167,SL 4.8,SL 4.8b,Binomial Probability Calculations,Calculating probabilities using the binomial distribution.,"Students learn to calculate binomial probabilities using the formula P(X = k) = C(n,k) × p^k × (1-p)^(n-k), and use technology for calculations.","Calculate, use, apply",Paper 1 (binomial calculations),6 / 10,Students should be able to calculate binomial probabilities using appropriate methods.
168,SL 4.8,SL 4.8c,Binomial Distribution Applications,Applying the binomial distribution to solve real-world problems.,"Students learn to identify situations that follow a binomial distribution, model real-world problems, and solve problems involving binomial probabilities.","Identify, model, solve",Paper 1 (binomial applications),6 / 10,Students should be able to apply the binomial distribution to solve real-world problems.
169,SL 4.9,SL 4.9a,Normal Distribution,Understanding the normal distribution and its properties.,"Students learn about the normal distribution, understand its bell-shaped curve, and learn about the parameters μ (mean) and σ (standard deviation).","Understand, learn, analyze",Paper 1 (normal distribution),6 / 10,Students should be able to understand the normal distribution and its properties.
170,SL 4.9,SL 4.9b,Standard Normal Distribution,Understanding the standard normal distribution and z-scores.,"Students learn about the standard normal distribution (μ = 0, σ = 1), understand z-scores, and learn to use standard normal tables or technology.","Understand, learn, use",Paper 1 (standard normal),6 / 10,Students should be able to understand and work with the standard normal distribution.
171,SL 4.9,SL 4.9c,Normal Distribution Applications,Applying the normal distribution to solve real-world problems.,"Students learn to apply the normal distribution to model real-world situations, solve problems involving normal probabilities, and understand the 68-95-99.7 rule.","Apply, solve, understand",Paper 1 (normal applications),6 / 10,Students should be able to apply the normal distribution to solve real-world problems.
172,SL 4.10,SL 4.10a,Advanced Correlation Analysis,Understanding advanced correlation analysis and its applications.,"Students learn about different types of correlation, understand correlation vs causation, and learn to interpret correlation results in context.","Understand, interpret, analyze",Paper 1 (advanced correlation),6 / 10,Students should be able to understand and interpret advanced correlation analysis.
173,SL 4.10,SL 4.10b,Regression Analysis,Understanding regression analysis and its applications.,"Students learn about regression analysis, understand the assumptions of linear regression, and learn to interpret regression results and residuals.","Understand, interpret, analyze",Paper 1 (regression analysis),6 / 10,Students should be able to understand and interpret regression analysis results.
174,SL 4.10,SL 4.10c,Correlation and Regression Applications,Applying correlation and regression analysis to solve problems.,"Students learn to apply correlation and regression analysis to real-world problems, understand limitations, and make appropriate conclusions.","Apply, understand, conclude",Paper 1 (correlation regression applications),6 / 10,Students should be able to apply correlation and regression analysis to solve problems.
175,SL 4.11,SL 4.11a,Advanced Conditional Probability,Understanding advanced conditional probability concepts and applications.,"Students learn about Bayes theorem, understand more complex conditional probability problems, and apply these concepts to solve problems.","Learn, understand, apply",Paper 1 (advanced conditional probability),6 / 10,Students should be able to understand and apply advanced conditional probability concepts.
176,SL 4.11,SL 4.11b,Probability Trees and Diagrams,Using probability trees and diagrams to solve complex problems.,"Students learn to create and use probability trees, Venn diagrams, and other visual aids to solve complex probability problems.","Create, use, solve",Paper 1 (probability trees),6 / 10,Students should be able to create and use probability trees and diagrams to solve problems.
177,SL 4.11,SL 4.11c,Advanced Probability Applications,Applying advanced probability concepts to solve complex problems.,"Students learn to apply advanced probability concepts to solve complex real-world problems, including problems involving multiple events and conditions.","Apply, solve, model",Paper 1 (advanced probability applications),6 / 10,Students should be able to apply advanced probability concepts to solve complex problems.
178,SL 4.12,SL 4.12a,Standardization and Z-Scores,Understanding standardization and z-scores in normal distributions.,"Students learn to standardize normal distributions, understand z-scores, and use standardization to solve problems involving normal distributions.","Learn, understand, use",Paper 1 (standardization z-scores),6 / 10,Students should be able to understand and use standardization and z-scores.
179,SL 4.12,SL 4.12b,Normal Distribution Calculations,Performing calculations with normal distributions.,"Students learn to calculate probabilities for normal distributions, use technology and tables, and solve problems involving normal distribution calculations.","Calculate, use, solve",Paper 1 (normal calculations),6 / 10,Students should be able to perform calculations with normal distributions.
180,SL 4.12,SL 4.12c,Normal Distribution Applications,Applying normal distribution concepts to solve real-world problems.,"Students learn to apply normal distribution concepts to model real-world situations, solve problems involving normal probabilities, and understand practical applications.","Apply, solve, understand",Paper 1 (normal distribution applications),6 / 10,Students should be able to apply normal distribution concepts to solve real-world problems.
181,AHL 4.13,AHL 4.13a,Advanced Conditional Probability,Understanding advanced conditional probability concepts and Bayes theorem.,"Students learn about Bayes theorem, understand more complex conditional probability problems, and apply these concepts to solve advanced problems.","Learn, understand, apply",Paper 1 (advanced conditional probability),7 / 10,Students should be able to understand and apply advanced conditional probability concepts including Bayes theorem.
182,AHL 4.13,AHL 4.13b,Probability Distributions,Understanding advanced probability distributions and their properties.,"Students learn about various probability distributions, understand their properties and applications, and work with complex probability problems.","Learn, understand, work",Paper 1 (probability distributions),7 / 10,Students should be able to understand and work with advanced probability distributions.
183,AHL 4.13,AHL 4.13c,Advanced Probability Applications,Applying advanced probability concepts to solve complex problems.,"Students learn to apply advanced probability concepts to solve complex real-world problems, including problems involving multiple events and conditions.","Apply, solve, model",Paper 1 (advanced probability applications),7 / 10,Students should be able to apply advanced probability concepts to solve complex problems.
184,AHL 4.14,AHL 4.14a,Advanced Random Variables,Understanding advanced concepts in random variables and their properties.,"Students learn about advanced random variable concepts, understand their properties and applications, and work with complex probability problems.","Learn, understand, work",Paper 1 (advanced random variables),7 / 10,Students should be able to understand and work with advanced random variable concepts.
185,AHL 4.14,AHL 4.14b,Continuous Probability Distributions,Understanding continuous probability distributions and their applications.,"Students learn about various continuous probability distributions, understand their properties and applications, and work with complex probability problems.","Learn, understand, work",Paper 1 (continuous distributions),7 / 10,Students should be able to understand and work with continuous probability distributions.
186,AHL 4.14,AHL 4.14c,Advanced Probability Applications,Applying advanced probability concepts to solve complex problems.,"Students learn to apply advanced probability concepts to solve complex real-world problems, including problems involving continuous distributions and advanced techniques.","Apply, solve, model",Paper 1 (advanced probability applications),7 / 10,Students should be able to apply advanced probability concepts to solve complex problems.
187,SL 5.1,SL 5.1a,Introduction to Limits,Understanding the concept of limits and their intuitive meaning.,"Students learn about limits, understand the intuitive meaning of limits, and learn to evaluate simple limits using algebraic methods.","Learn, understand, evaluate",Paper 1 (introduction to limits),5 / 10,Students should be able to understand the concept of limits and evaluate simple limits.
188,SL 5.1,SL 5.1b,Limit Laws and Properties,Understanding limit laws and their applications.,"Students learn about limit laws, understand how to apply them to evaluate limits, and work with limits of sums, differences, products, and quotients.","Learn, understand, apply",Paper 1 (limit laws),5 / 10,Students should be able to understand and apply limit laws to evaluate limits.
189,SL 5.1,SL 5.1c,Introduction to Differentiation,Understanding the concept of differentiation and the derivative.,"Students learn about the derivative as the limit of the difference quotient, understand the geometric meaning of the derivative, and learn basic differentiation concepts.","Learn, understand, apply",Paper 1 (introduction to differentiation),5 / 10,Students should be able to understand the concept of differentiation and the derivative.
190,SL 5.2,SL 5.2a,Basic Differentiation Rules,Understanding basic differentiation rules and their applications.,"Students learn about the power rule, constant rule, and sum/difference rules for differentiation, and apply these rules to find derivatives of simple functions.","Learn, understand, apply",Paper 1 (basic differentiation rules),5 / 10,Students should be able to understand and apply basic differentiation rules.
191,SL 5.2,SL 5.2b,Derivatives of Polynomial Functions,Understanding how to find derivatives of polynomial functions.,"Students learn to find derivatives of polynomial functions using the power rule, understand the relationship between degree and derivative, and apply these concepts.","Learn, understand, apply",Paper 1 (polynomial derivatives),5 / 10,Students should be able to find derivatives of polynomial functions.
192,SL 5.2,SL 5.2c,Applications of Basic Differentiation,Applying basic differentiation to solve problems.,"Students learn to apply basic differentiation to solve problems involving rates of change, slopes of curves, and other applications.","Apply, solve, understand",Paper 1 (basic differentiation applications),5 / 10,Students should be able to apply basic differentiation to solve problems.
193,SL 5.3,SL 5.3a,Product and Quotient Rules,Understanding the product and quotient rules for differentiation.,"Students learn about the product rule and quotient rule for differentiation, understand when to apply each rule, and practice using these rules.","Learn, understand, practice",Paper 1 (product quotient rules),6 / 10,Students should be able to understand and apply the product and quotient rules for differentiation.
194,SL 5.3,SL 5.3b,Chain Rule,Understanding the chain rule for differentiation.,"Students learn about the chain rule for differentiation, understand how to identify composite functions, and apply the chain rule to find derivatives.","Learn, understand, apply",Paper 1 (chain rule),6 / 10,Students should be able to understand and apply the chain rule for differentiation.
195,SL 5.3,SL 5.3c,Applications of Advanced Differentiation,Applying advanced differentiation rules to solve problems.,"Students learn to apply the product, quotient, and chain rules to solve problems involving rates of change, optimization, and other applications.","Apply, solve, understand",Paper 1 (advanced differentiation applications),6 / 10,Students should be able to apply advanced differentiation rules to solve problems.
196,SL 5.4,SL 5.4a,Implicit Differentiation,Understanding implicit differentiation and its applications.,"Students learn about implicit differentiation, understand how to find derivatives of implicitly defined functions, and apply this technique to solve problems.","Learn, understand, apply",Paper 1 (implicit differentiation),6 / 10,Students should be able to understand and apply implicit differentiation.
197,SL 5.4,SL 5.4b,Related Rates,Understanding related rates problems and their solutions.,"Students learn about related rates problems, understand how to set up and solve these problems, and apply this technique to real-world situations.","Learn, understand, apply",Paper 1 (related rates),6 / 10,Students should be able to understand and solve related rates problems.
198,SL 5.4,SL 5.4c,Applications of Implicit Differentiation,Applying implicit differentiation to solve complex problems.,"Students learn to apply implicit differentiation to solve complex problems involving curves, optimization, and other applications.","Apply, solve, understand",Paper 1 (implicit differentiation applications),6 / 10,Students should be able to apply implicit differentiation to solve complex problems.
199,SL 5.5,SL 5.5a,Introduction to Integration,Understanding the concept of integration and the integral.,"Students learn about integration as the reverse of differentiation, understand the concept of the integral, and learn basic integration concepts.","Learn, understand, apply",Paper 1 (introduction to integration),5 / 10,Students should be able to understand the concept of integration and the integral.
200,SL 5.5,SL 5.5b,Basic Integration Rules,Understanding basic integration rules and their applications.,"Students learn about the power rule for integration, constant rule, and sum/difference rules for integration, and apply these rules to find integrals of simple functions.","Learn, understand, apply",Paper 1 (basic integration rules),5 / 10,Students should be able to understand and apply basic integration rules.
201,SL 5.5,SL 5.5c,Applications of Basic Integration,Applying basic integration to solve problems.,"Students learn to apply basic integration to solve problems involving area under curves, displacement, and other applications.","Apply, solve, understand",Paper 1 (basic integration applications),5 / 10,Students should be able to apply basic integration to solve problems.
202,SL 5.6,SL 5.6a,Integration by Substitution,Understanding integration by substitution and its applications.,"Students learn about integration by substitution, understand how to identify when to use substitution, and apply this technique to find integrals.","Learn, understand, apply",Paper 1 (integration by substitution),6 / 10,Students should be able to understand and apply integration by substitution.
203,SL 5.6,SL 5.6b,Integration by Parts,Understanding integration by parts and its applications.,"Students learn about integration by parts, understand when to use this technique, and apply it to find integrals of products of functions.","Learn, understand, apply",Paper 1 (integration by parts),6 / 10,Students should be able to understand and apply integration by parts.
204,SL 5.6,SL 5.6c,Applications of Advanced Integration,Applying advanced integration techniques to solve problems.,"Students learn to apply integration by substitution and integration by parts to solve problems involving area, volume, and other applications.","Apply, solve, understand",Paper 1 (advanced integration applications),6 / 10,Students should be able to apply advanced integration techniques to solve problems.
205,SL 5.7,SL 5.7a,Definite Integrals,Understanding definite integrals and their properties.,"Students learn about definite integrals, understand the Fundamental Theorem of Calculus, and learn to evaluate definite integrals.","Learn, understand, evaluate",Paper 1 (definite integrals),6 / 10,Students should be able to understand and evaluate definite integrals.
206,SL 5.7,SL 5.7b,Applications of Definite Integrals,Applying definite integrals to solve problems.,"Students learn to apply definite integrals to solve problems involving area under curves, volume of revolution, and other applications.","Apply, solve, understand",Paper 1 (definite integral applications),6 / 10,Students should be able to apply definite integrals to solve problems.
207,SL 5.7,SL 5.7c,Advanced Applications of Integration,Applying advanced integration concepts to solve complex problems.,"Students learn to apply advanced integration concepts to solve complex problems involving area, volume, work, and other applications.","Apply, solve, understand",Paper 1 (advanced integration applications),6 / 10,Students should be able to apply advanced integration concepts to solve complex problems.
208,SL 5.8,SL 5.8a,Integration Techniques,Understanding various integration techniques and their applications.,"Students learn about different integration techniques, understand when to use each technique, and apply these techniques to solve integration problems.","Learn, understand, apply",Paper 1 (integration techniques),6 / 10,Students should be able to understand and apply various integration techniques.
209,SL 5.8,SL 5.8b,Partial Fractions,Understanding integration using partial fractions.,"Students learn about partial fractions, understand how to decompose rational functions, and apply this technique to integrate rational functions.","Learn, understand, apply",Paper 1 (partial fractions),6 / 10,Students should be able to understand and apply partial fractions for integration.
210,SL 5.8,SL 5.8c,Applications of Integration Techniques,Applying various integration techniques to solve problems.,"Students learn to apply different integration techniques to solve problems involving area, volume, and other applications.","Apply, solve, understand",Paper 1 (integration technique applications),6 / 10,Students should be able to apply various integration techniques to solve problems.
211,SL 5.9,SL 5.9a,Area Under Curves,Understanding how to find area under curves using integration.,"Students learn to find area under curves using definite integrals, understand the relationship between integration and area, and apply this concept to solve problems.","Learn, understand, apply",Paper 1 (area under curves),6 / 10,Students should be able to find area under curves using integration.
212,SL 5.9,SL 5.9b,Volume of Revolution,Understanding how to find volume of revolution using integration.,"Students learn to find volume of revolution using definite integrals, understand different methods (disk and shell), and apply these concepts to solve problems.","Learn, understand, apply",Paper 1 (volume of revolution),6 / 10,Students should be able to find volume of revolution using integration.
213,SL 5.9,SL 5.9c,Applications of Area and Volume,Applying area and volume concepts to solve real-world problems.,"Students learn to apply area and volume concepts to solve real-world problems, understand practical applications, and model real-world situations.","Apply, solve, model",Paper 1 (area volume applications),6 / 10,Students should be able to apply area and volume concepts to solve real-world problems.
214,SL 5.10,SL 5.10a,Integration by Parts,Understanding integration by parts and its applications.,"Students learn about integration by parts, understand when to use this technique, and apply it to find integrals of products of functions.","Learn, understand, apply",Paper 1 (integration by parts),6 / 10,Students should be able to understand and apply integration by parts.
215,SL 5.10,SL 5.10b,Advanced Integration Techniques,Understanding advanced integration techniques and their applications.,"Students learn about advanced integration techniques, understand when to use each technique, and apply these techniques to solve complex integration problems.","Learn, understand, apply",Paper 1 (advanced integration techniques),6 / 10,Students should be able to understand and apply advanced integration techniques.
216,SL 5.10,SL 5.10c,Applications of Advanced Integration,Applying advanced integration techniques to solve complex problems.,"Students learn to apply advanced integration techniques to solve complex problems involving area, volume, work, and other applications.","Apply, solve, understand",Paper 1 (advanced integration applications),6 / 10,Students should be able to apply advanced integration techniques to solve complex problems.
217,AHL 3.17,AHL 3.17a,Advanced Three-Dimensional Geometry,Understanding advanced concepts in three-dimensional geometry.,"Students learn about advanced three-dimensional geometric concepts, including complex spatial relationships, advanced coordinate systems, and geometric transformations in 3D space.","Learn, understand, apply",Paper 1 (advanced 3D geometry),7 / 10,Students should be able to understand and work with advanced three-dimensional geometric concepts.
218,AHL 3.17,AHL 3.17b,Advanced Plane and Line Relationships,Understanding advanced relationships between planes and lines in 3D space.,"Students learn about advanced relationships between planes and lines, including skew lines, parallel planes, and complex intersection problems in three-dimensional space.","Learn, understand, solve",Paper 1 (advanced plane line relationships),7 / 10,Students should be able to understand and solve advanced problems involving planes and lines in 3D space.
219,AHL 3.17,AHL 3.17c,Applications of Advanced 3D Geometry,Applying advanced three-dimensional geometry to solve complex problems.,"Students learn to apply advanced three-dimensional geometry concepts to solve complex problems in mathematics, physics, and engineering.","Apply, solve, model",Paper 1 (advanced 3D applications),7 / 10,Students should be able to apply advanced three-dimensional geometry to solve complex problems.
220,AHL 3.18,AHL 3.18a,Complex Three-Dimensional Problems,Understanding and solving complex three-dimensional geometric problems.,"Students learn to solve complex three-dimensional geometric problems involving multiple planes, lines, and spatial relationships.","Learn, solve, understand",Paper 1 (complex 3D problems),7 / 10,Students should be able to solve complex three-dimensional geometric problems.
221,AHL 3.18,AHL 3.18b,Advanced Spatial Analysis,Understanding advanced spatial analysis techniques in three dimensions.,"Students learn about advanced spatial analysis techniques, including distance calculations, angle measurements, and volume calculations in complex three-dimensional scenarios.","Learn, understand, calculate",Paper 1 (advanced spatial analysis),7 / 10,Students should be able to perform advanced spatial analysis in three dimensions.
222,AHL 3.18,AHL 3.18c,Applications of Complex 3D Geometry,Applying complex three-dimensional geometry to real-world problems.,"Students learn to apply complex three-dimensional geometry concepts to solve real-world problems in architecture, engineering, and other fields.","Apply, solve, model",Paper 1 (complex 3D applications),7 / 10,Students should be able to apply complex three-dimensional geometry to solve real-world problems.
223,SL 5.11,SL 5.11a,Advanced Integration Techniques,Understanding advanced integration techniques and their applications.,"Students learn about advanced integration techniques including trigonometric substitutions, integration of rational functions, and other complex integration methods.","Learn, understand, apply",Paper 1 (advanced integration techniques),6 / 10,Students should be able to understand and apply advanced integration techniques.
224,SL 5.11,SL 5.11b,Definite Integrals and Applications,Understanding definite integrals and their applications to real-world problems.,"Students learn to evaluate complex definite integrals, understand the Fundamental Theorem of Calculus, and apply definite integrals to solve problems involving area, volume, and other applications.","Learn, understand, apply",Paper 1 (definite integrals applications),6 / 10,Students should be able to understand and apply definite integrals to solve problems.
225,SL 5.11,SL 5.11c,Integration Problem Solving,Applying integration techniques to solve complex problems.,"Students learn to apply various integration techniques to solve complex problems, choose appropriate methods, and solve real-world problems using integration.","Apply, choose, solve",Paper 1 (integration problem solving),6 / 10,Students should be able to apply integration techniques to solve complex problems.
226,AHL 5.12,AHL 5.12a,Advanced Limits,Understanding advanced limit concepts and techniques.,"Students learn about advanced limit concepts including L'Hôpital's rule, limits at infinity, and techniques for evaluating complex limits.","Learn, understand, evaluate",Paper 1 (advanced limits),7 / 10,Students should be able to understand and evaluate advanced limits.
227,AHL 5.12,AHL 5.12b,Continuity and Differentiability,Understanding continuity and differentiability in advanced contexts.,"Students learn about continuity and differentiability of complex functions, understand the relationship between continuity and differentiability, and analyze function behavior.","Learn, understand, analyze",Paper 1 (continuity differentiability),7 / 10,Students should be able to understand continuity and differentiability in advanced contexts.
228,AHL 5.12,AHL 5.12c,Advanced Differentiation Concepts,Understanding advanced differentiation concepts and applications.,"Students learn about advanced differentiation concepts including higher-order derivatives, implicit differentiation, and parametric differentiation.","Learn, understand, apply",Paper 1 (advanced differentiation concepts),7 / 10,Students should be able to understand and apply advanced differentiation concepts.
229,AHL 5.13,AHL 5.13a,Advanced Limit Applications,Applying advanced limit concepts to solve complex problems.,"Students learn to apply advanced limit concepts to solve complex problems involving indeterminate forms, asymptotic behavior, and function analysis.","Apply, solve, analyze",Paper 1 (advanced limit applications),7 / 10,Students should be able to apply advanced limit concepts to solve complex problems.
230,AHL 5.13,AHL 5.13b,Series and Sequences,Understanding series and sequences in the context of calculus.,"Students learn about infinite series, convergence tests, and the relationship between series and limits in calculus.","Learn, understand, analyze",Paper 1 (series sequences),7 / 10,Students should be able to understand series and sequences in calculus.
231,AHL 5.13,AHL 5.13c,Advanced Calculus Applications,Applying advanced calculus concepts to solve complex problems.,"Students learn to apply advanced calculus concepts including limits, series, and sequences to solve complex mathematical problems.","Apply, solve, understand",Paper 1 (advanced calculus applications),7 / 10,Students should be able to apply advanced calculus concepts to solve complex problems.
232,AHL 5.14,AHL 5.14a,Advanced Differentiation Rules,Understanding advanced differentiation rules and their applications.,"Students learn about advanced differentiation rules including the chain rule for multiple variables, implicit differentiation, and parametric differentiation.","Learn, understand, apply",Paper 1 (advanced differentiation rules),7 / 10,Students should be able to understand and apply advanced differentiation rules.
233,AHL 5.14,AHL 5.14b,Optimization Problems,Understanding and solving optimization problems using calculus.,"Students learn to solve optimization problems using calculus techniques, understand constraints, and find maximum and minimum values of functions.","Learn, solve, optimize",Paper 1 (optimization problems),7 / 10,Students should be able to solve optimization problems using calculus.
234,AHL 5.14,AHL 5.14c,Advanced Differentiation Applications,Applying advanced differentiation to solve complex problems.,"Students learn to apply advanced differentiation techniques to solve complex problems in mathematics, physics, and engineering.","Apply, solve, model",Paper 1 (advanced differentiation applications),7 / 10,Students should be able to apply advanced differentiation to solve complex problems.
235,AHL 5.15,AHL 5.15a,Advanced Integration Techniques,Understanding advanced integration techniques and their applications.,"Students learn about advanced integration techniques including integration by parts, trigonometric substitutions, and partial fractions for complex functions.","Learn, understand, apply",Paper 1 (advanced integration techniques),7 / 10,Students should be able to understand and apply advanced integration techniques.
236,AHL 5.15,AHL 5.15b,Improper Integrals,Understanding improper integrals and their evaluation.,"Students learn about improper integrals, understand when they converge or diverge, and learn techniques for evaluating improper integrals.","Learn, understand, evaluate",Paper 1 (improper integrals),7 / 10,Students should be able to understand and evaluate improper integrals.
237,AHL 5.15,AHL 5.15c,Advanced Integration Applications,Applying advanced integration to solve complex problems.,"Students learn to apply advanced integration techniques to solve complex problems involving area, volume, work, and other applications.","Apply, solve, understand",Paper 1 (advanced integration applications),7 / 10,Students should be able to apply advanced integration to solve complex problems.
238,AHL 5.16,AHL 5.16a,Advanced Definite Integrals,Understanding advanced concepts in definite integrals.,"Students learn about advanced definite integral concepts including the Fundamental Theorem of Calculus, properties of definite integrals, and advanced evaluation techniques.","Learn, understand, evaluate",Paper 1 (advanced definite integrals),7 / 10,Students should be able to understand and work with advanced definite integrals.
239,AHL 5.16,AHL 5.16b,Integration Applications,Applying definite integrals to solve complex problems.,"Students learn to apply definite integrals to solve complex problems involving area between curves, volume of revolution, arc length, and surface area.","Apply, solve, calculate",Paper 1 (integration applications),7 / 10,Students should be able to apply definite integrals to solve complex problems.
240,AHL 5.16,AHL 5.16c,Advanced Integration Problem Solving,Applying advanced integration concepts to solve complex problems.,"Students learn to apply advanced integration concepts to solve complex problems, choose appropriate techniques, and solve real-world problems.","Apply, choose, solve",Paper 1 (advanced integration problem solving),7 / 10,Students should be able to apply advanced integration concepts to solve complex problems.
241,AHL 5.17,AHL 5.17a,Advanced Integration Techniques,Understanding the most advanced integration techniques and their applications.,"Students learn about the most advanced integration techniques including advanced trigonometric substitutions, integration of rational functions with complex denominators, and other sophisticated methods.","Learn, understand, apply",Paper 1 (most advanced integration),7 / 10,Students should be able to understand and apply the most advanced integration techniques.
242,AHL 5.17,AHL 5.17b,Complex Integration Problems,Solving complex integration problems using multiple techniques.,"Students learn to solve complex integration problems that require multiple techniques, understand when to use each method, and combine techniques effectively.","Solve, understand, combine",Paper 1 (complex integration problems),7 / 10,Students should be able to solve complex integration problems using multiple techniques.
243,AHL 5.17,AHL 5.17c,Advanced Integration Applications,Applying the most advanced integration techniques to solve complex problems.,"Students learn to apply the most advanced integration techniques to solve complex problems in mathematics, physics, and engineering.","Apply, solve, model",Paper 1 (most advanced integration applications),7 / 10,Students should be able to apply the most advanced integration techniques to solve complex problems.
244,AHL 5.18,AHL 5.18a,Introduction to Differential Equations,Understanding differential equations and their basic concepts.,"Students learn about differential equations, understand basic types of differential equations, and learn to solve simple differential equations.","Learn, understand, solve",Paper 1 (differential equations introduction),7 / 10,Students should be able to understand and solve basic differential equations.
245,AHL 5.18,AHL 5.18b,Methods for Solving Differential Equations,Understanding methods for solving differential equations.,"Students learn about various methods for solving differential equations including separation of variables, integrating factors, and other techniques.","Learn, understand, apply",Paper 1 (differential equation methods),7 / 10,Students should be able to understand and apply methods for solving differential equations.
246,AHL 5.18,AHL 5.18c,Applications of Differential Equations,Applying differential equations to solve real-world problems.,"Students learn to apply differential equations to model and solve real-world problems in physics, biology, economics, and other fields.","Apply, model, solve",Paper 1 (differential equation applications),7 / 10,Students should be able to apply differential equations to solve real-world problems.
247,AHL 5.19,AHL 5.19a,Advanced Limit Concepts,Understanding the most advanced limit concepts and techniques.,"Students learn about the most advanced limit concepts including advanced L'Hôpital's rule applications, limits involving infinity, and sophisticated limit evaluation techniques.","Learn, understand, evaluate",Paper 1 (most advanced limits),7 / 10,Students should be able to understand and evaluate the most advanced limit concepts.
248,AHL 5.19,AHL 5.19b,Advanced Calculus Theory,Understanding advanced calculus theory and its applications.,"Students learn about advanced calculus theory including rigorous definitions, advanced theorems, and their applications to complex mathematical problems.","Learn, understand, apply",Paper 1 (advanced calculus theory),7 / 10,Students should be able to understand advanced calculus theory and its applications.
249,AHL 5.19,AHL 5.19c,Advanced Calculus Applications,Applying the most advanced calculus concepts to solve complex problems.,"Students learn to apply the most advanced calculus concepts to solve complex problems in mathematics, physics, and engineering.","Apply, solve, model",Paper 1 (most advanced calculus applications),7 / 10,Students should be able to apply the most advanced calculus concepts to solve complex problems.